SITE_NAME,Swipe_Checkbox?,Imported count,Screenshot name,LOGO Replaced,CSS saved,Redirect done,Undo Swipe,Undo CSS,Undo Redirect,PD_Site_URL,Merchant Code
PUDEMILT,UNCH,1,Step1_ImportSites_20260825_025641.png,Error,Yes,Yes,NA,NA,NA,http://p5zlgintc01:16020/PayDirect/Merchant/Edit/3117,35EDM-MITWN-NOWEB-W
PADEMILT,UNCH,0,250826-025925_PADEMILT_after.png,Error,Yes,Yes,NA,NA,NA,http://p5zlgintc01:16020/PayDirect/Merchant/Edit/3118,35EDM-MITWN-ARWEB-W
VADEMILT,UNCH,0,250826-025949_VADEMILT_after.png,Error,Yes,Yes,NA,NA,NA,http://p5zlgintc01:16020/PayDirect/Merchant/Edit/3119,35EDM-MITWN-ARVRT-W
VUDEMILT,UNCH,0,250826-030013_VUDEMILT_after.png,Error,Yes,Yes,NA,NA,NA,http://p5zlgintc01:16020/PayDirect/Merchant/Edit/3120,35EDM-MITWN-NTVRT-W
PTDEMILT,UNCH,1,Step1_ImportSites_20260825_025641.png,Error,Yes,Yes,NA,NA,NA,http://p5zlgintc01:16020/PayDirect/Merchant/Edit/3122,35EDM-MITWN-TAXWB-W
VTDEMILT,UNCH,0,250826-030107_VTDEMILT_after.png,Error,Yes,Yes,NA,NA,NA,http://p5zlgintc01:16020/PayDirect/Merchant/Edit/3123,35EDM-MITWN-TAXVT-W
PUNYTOGN,UNCH,0,250826-030131_PUNYTOGN_after.png,Error,Yes,Yes,NA,NA,NA,http://p5zlgintc01:16020/PayDirect/Merchant/Edit/3125,35EDM-GHTWN-NOWEB-W
PUNYGROT,UNCH,0,250826-030155_PUNYGROT_after.png,Error,Yes,Yes,NA,NA,NA,http://p5zlgintc01:16020/PayDirect/Merchant/Edit/3128,35EDM-GROTO-GRNTW-W
PASCBELT,UNCH,0,250826-030219_PASCBELT_after.png,Error,Yes,Yes,NA,NA,NA,http://p5zlgintc01:16020/PayDirect/Merchant/Edit/3132,35EDM-BELTO-ARWEB-W
VMNJ0610,UNCH,0,250826-030243_VMNJ0610_after.png,Error,Yes,Yes,NA,NA,NA,http://p5zlgintc01:16020/PayDirect/Merchant/Edit/3136,35EDM-MVLNT-MVLN3-W
VTNJ0610,UNCH,0,250826-030307_VTNJ0610_after.png,Error,Yes,Yes,NA,NA,NA,http://p5zlgintc01:16020/PayDirect/Merchant/Edit/3137,35EDM-MVILL-MVTA2-W
VUNJ0610,UNCH,0,250826-030331_VUNJ0610_after.png,Error,Yes,Yes,NA,NA,NA,http://p5zlgintc01:16020/PayDirect/Merchant/Edit/3138,35EDM-MVLNT-MVLN2-W
PTNYIRVI,UNCH,0,250826-030355_PTNYIRVI_after.png,Error,Yes,Yes,NA,NA,NA,http://p5zlgintc01:16020/PayDirect/Merchant/Edit/3139,35EDM-IRVIL-DATAX-W
PTNJ0237,UNCH,0,250826-030419_PTNJ0237_after.png,Error,Yes,Yes,NA,NA,NA,http://p5zlgintc01:16020/PayDirect/Merchant/Edit/3143,35EDM-MOOBO-DATAX-W
PUNJ0237,UNCH,0,250826-030443_PUNJ0237_after.png,Error,Yes,Yes,NA,NA,NA,http://p5zlgintc01:16020/PayDirect/Merchant/Edit/3144,35EDM-MOOBO-NTWEB-W
PTNJ1815,UNCH,0,250826-030507_PTNJ1815_after.png,Error,Yes,Yes,NA,NA,NA,http://p5zlgintc01:16020/PayDirect/Merchant/Edit/3145,35EDM-PGBOR-TAXWB-W
PUNJ1815,UNCH,0,250826-030531_PUNJ1815_after.png,Error,Yes,Yes,NA,NA,NA,http://p5zlgintc01:16020/PayDirect/Merchant/Edit/3146,35EDM-PGBOR-NTWEB-W
PTNJ1114,UNCH,0,250826-030554_PTNJ1114_after.png,Error,Yes,Yes,NA,NA,NA,http://p5zlgintc01:16020/PayDirect/Merchant/Edit/3147,35EDM-PRINC-TAXWB-W
PUNJ1114,UNCH,0,250826-030619_PUNJ1114_after.png,Error,Yes,Yes,NA,NA,NA,http://p5zlgintc01:16020/PayDirect/Merchant/Edit/3148,35EDM-PRINC-NTWEB-W
PUNYWHEA,UNCH,0,250826-030643_PUNYWHEA_after.png,Error,Yes,Yes,NA,NA,NA,http://p5zlgintc01:16020/PayDirect/Merchant/Edit/3149,35EDM-WHEAT-NTWEB-W
VUNYWHEA,UNCH,0,250826-030707_VUNYWHEA_after.png,Error,Yes,Yes,NA,NA,NA,http://p5zlgintc01:16020/PayDirect/Merchant/Edit/3150,35EDM-WHEAT-NTVRT-W
PUNJ0420,UNCH,0,250826-030731_PUNJ0420_after.png,Yes,Yes,Yes,NA,NA,NA,http://p5zlgintc01:16020/PayDirect/Merchant/Edit/3152,35EDM-LAURE-LSNTW-W
PANJ0112,UNCH,0,250826-030736_PANJ0112_after.png,Yes,Yes,Yes,NA,NA,NA,http://p5zlgintc01:16020/PayDirect/Merchant/Edit/3156,35EDM-HAMIL-HMAR1-W
PCNJ0112,UNCH,0,250826-030740_PCNJ0112_after.png,Yes,Yes,Yes,NA,NA,NA,http://p5zlgintc01:16020/PayDirect/Merchant/Edit/3157,35EDM-HAMIL-HMVR1-W
VTNYPOUG,UNCH,0,250826-030745_VTNYPOUG_after.png,Yes,Yes,Yes,NA,NA,NA,http://p5zlgintc01:16020/PayDirect/Merchant/Edit/3162,35EDM-POKEE-TAXVT-W
PTNYPOUG,UNCH,0,250826-030749_PTNYPOUG_after.png,Yes,Yes,Yes,NA,NA,NA,http://p5zlgintc01:16020/PayDirect/Merchant/Edit/3163,35EDM-POKEE-TAXWB-W
PCNJ2001,UNCH,0,250826-030754_PCNJ2001_after.png,Yes,Yes,Yes,NA,NA,NA,http://p5zlgintc01:16020/PayDirect/Merchant/Edit/3165,35EDM-BERKE-BNTVW-W
PTNJ1430,UNCH,0,250826-030759_PTNJ1430_after.png,Yes,Yes,Yes,NA,NA,NA,http://p5zlgintc01:16020/PayDirect/Merchant/Edit/3168,35EDM-LNGHL-TAXWB-W
PTNJ1411,UNCH,0,250826-030803_PTNJ1411_after.png,Yes,Yes,Yes,NA,NA,NA,http://p5zlgintc01:16020/PayDirect/Merchant/Edit/3169,35EDM-FLHAM-TAXWB-W
PSNJ1411,UNCH,0,250826-030808_PSNJ1411_after.png,Yes,Yes,Yes,NA,NA,NA,http://p5zlgintc01:16020/PayDirect/Merchant/Edit/3170,35EDM-FLHAM-SEWWB-W
PUNJ1411,UNCH,0,250826-030813_PUNJ1411_after.png,Yes,Yes,Yes,NA,NA,NA,http://p5zlgintc01:16020/PayDirect/Merchant/Edit/3171,35EDM-FLHAM-H20WB-W
PCNJ0319,UNCH,0,250826-030818_PCNJ0319_after.png,Yes,Yes,Yes,NA,NA,NA,http://p5zlgintc01:16020/PayDirect/Merchant/Edit/3172,35EDM-MAPSH-VARWB-W
PTNJ1433,UNCH,0,250826-030822_PTNJ1433_after.png,Yes,Yes,Yes,NA,NA,NA,http://p5zlgintc01:16020/PayDirect/Merchant/Edit/3173,35EDM-BORIV-TAXWB-W
PCNJ1433,UNCH,0,250826-030827_PCNJ1433_after.png,Yes,Yes,Yes,NA,NA,NA,http://p5zlgintc01:16020/PayDirect/Merchant/Edit/3174,35EDM-BORIV-VARWB-W
VTNJ0324,UNCH,0,250826-030831_VTNJ0324_after.png,Yes,Yes,Yes,NA,NA,NA,http://p5zlgintc01:16020/PayDirect/Merchant/Edit/3177,35EDM-MOUNL-VTTAX-W
VMNJ0324,UNCH,0,250826-030836_VMNJ0324_after.png,Yes,Yes,Yes,NA,NA,NA,http://p5zlgintc01:16020/PayDirect/Merchant/Edit/3178,35EDM-MOUNL-NVTAX-W
VANJ0610,UNCH,0,250826-030841_VANJ0610_after.png,Yes,Yes,Yes,NA,NA,NA,http://p5zlgintc01:16020/PayDirect/Merchant/Edit/3180,35EDM-MVLNT-MARVT-W
PUNYRDLV,UNCH,0,250826-030845_PUNYRDLV_after.png,Yes,Yes,Yes,NA,NA,NA,http://p5zlgintc01:16020/PayDirect/Merchant/Edit/3181,35EDM-VRLKE-NTWEB-W
PANCMARI,UNCH,0,250826-030850_PANCMARI_after.png,Yes,Yes,Yes,NA,NA,NA,http://p5zlgintc01:16020/PayDirect/Merchant/Edit/3182,35EDM-MARCT-ARWEB-W
PTNCMARI,UNCH,0,250826-030854_PTNCMARI_after.png,Yes,Yes,Yes,NA,NA,NA,http://p5zlgintc01:16020/PayDirect/Merchant/Edit/3183,35EDM-MARCT-TAXWB-W
PUNJ0229,UNCH,0,250826-030859_PUNJ0229_after.png,Yes,Yes,Yes,NA,NA,NA,http://p5zlgintc01:16020/PayDirect/Merchant/Edit/3185,35EDM-LEONI-NTXWB-W
PTNJ1818,UNCH,0,250826-030903_PTNJ1818_after.png,Yes,Yes,Yes,NA,NA,NA,http://p5zlgintc01:16020/PayDirect/Merchant/Edit/3189,35EDM-SOMVL-TAXWB-W
PAKYCRHI,UNCH,0,250826-030908_PAKYCRHI_after.png,Yes,Yes,Yes,NA,NA,NA,http://p5zlgintc01:16020/PayDirect/Merchant/Edit/3191,35EDM-CRSTK-ARXWB-W
PTKYCRHI,UNCH,0,250826-030913_PTKYCRHI_after.png,Yes,Yes,Yes,NA,NA,NA,http://p5zlgintc01:16020/PayDirect/Merchant/Edit/3192,35EDM-CRSTK-TAXWB-W
PTNJ1024,UNCH,0,250826-030917_PTNJ1024_after.png,Yes,Yes,Yes,NA,NA,NA,http://p5zlgintc01:16020/PayDirect/Merchant/Edit/3193,35EDM-TEWTP-TAXWB-W
PSNJ1024,UNCH,0,250826-030922_PSNJ1024_after.png,Yes,Yes,Yes,NA,NA,NA,http://p5zlgintc01:16020/PayDirect/Merchant/Edit/3194,35EDM-TEWTP-NTHGS-W
PUNJ1024,UNCH,0,250826-030926_PUNJ1024_after.png,Yes,Yes,Yes,NA,NA,NA,http://p5zlgintc01:16020/PayDirect/Merchant/Edit/3195,35EDM-TEWTP-NTWOW-W
PPNJ1320,UNCH,1,Step1_ImportSites_20260825_025641.png,Error,Yes,Yes,NA,NA,NA,http://p5zlgintc01:16020/PayDirect/Merchant/Edit/3196,35EDM-HOTWP-NTWPL-W
PCNJ0407,UNCH,0,250826-031002_PCNJ0407_after.png,Yes,Yes,Yes,NA,NA,NA,http://p5zlgintc01:16020/PayDirect/Merchant/Edit/3199,35EDM-BROOK-VAR01-W
PANCWEDD,UNCH,0,250826-031007_PANCWEDD_after.png,Yes,Yes,Yes,NA,NA,NA,http://p5zlgintc01:16020/PayDirect/Merchant/Edit/3203,35EDM-WEDDI-ARWEB-W
PTNCWEDD,UNCH,1,250826-031803_PTNCWEDD_after.png,Yes,Yes,Yes,NA,NA,NA,http://p5zlgintc01:16020/PayDirect/Merchant/Edit/3204,35EDM-WEDDI-TAXWB-W
VANCWEDD,Done,1,250826-031807_VANCWEDD_after.png,Yes,Yes,Yes,NA,NA,NA,http://p5zlgintc01:16020/PayDirect/Merchant/Edit/3205,35EDM-WEDDI-ARVTW-W
VTNCWEDD,Done,1,250826-031812_VTNCWEDD_after.png,Yes,Yes,Yes,NA,NA,NA,http://p5zlgintc01:16020/PayDirect/Merchant/Edit/3206,35EDM-WEDDI-TAXVT-W
VMNCWEDD,Done,1,250826-031817_VMNCWEDD_after.png,Yes,Yes,Yes,NA,NA,NA,http://p5zlgintc01:16020/PayDirect/Merchant/Edit/3207,35EDM-WEDDI-MISVT-W
PAPACONS,UNCH,1,250826-031821_PAPACONS_after.png,Yes,Yes,Yes,NA,NA,NA,http://p5zlgintc01:16020/PayDirect/Merchant/Edit/3211,35EDM-CNSHK-ARWEB-W
PCPACONS,UNCH,1,250826-031826_PCPACONS_after.png,Yes,Yes,Yes,NA,NA,NA,http://p5zlgintc01:16020/PayDirect/Merchant/Edit/3212,35EDM-CNSHK-VARWB-W
PUFLDUND,UNCH,1,250826-031831_PUFLDUND_after.png,Yes,Yes,Yes,NA,NA,NA,http://p5zlgintc01:16020/PayDirect/Merchant/Edit/3219,35EDM-DUNDE-NTXWP-W
PUNJ1421,UNCH,1,250826-031836_PUNJ1421_after.png,Yes,Yes,Yes,NA,NA,NA,http://p5zlgintc01:16020/PayDirect/Merchant/Edit/3220,35EDM-MNTVT-PUNJ1-W
PTNYWPFV,UNCH,1,250826-031840_PTNYWPFV_after.png,Yes,Yes,Yes,NA,NA,NA,http://p5zlgintc01:16020/PayDirect/Merchant/Edit/3226,35EDM-WAPFA-TAXWB-W
PWNYWPFV,UNCH,1,250826-031845_PWNYWPFV_after.png,Yes,Yes,Yes,NA,NA,NA,http://p5zlgintc01:16020/PayDirect/Merchant/Edit/3227,35EDM-WAPFA-NTWAW-W
PSNYWPFV,UNCH,1,250826-031851_PSNYWPFV_after.png,Yes,Yes,Yes,NA,NA,NA,http://p5zlgintc01:16020/PayDirect/Merchant/Edit/3228,35EDM-WAPFA-NTSEW-W
PUNYWPFV,UNCH,1,250826-031856_PUNYWPFV_after.png,Yes,Yes,Yes,NA,NA,NA,http://p5zlgintc01:16020/PayDirect/Merchant/Edit/3229,35EDM-WAPFA-NTSAW-W
PUNYHIGH,UNCH,1,250826-031901_PUNYHIGH_after.png,Yes,Yes,Yes,NA,NA,NA,http://p5zlgintc01:16020/PayDirect/Merchant/Edit/3233,35EDM-HGLAN-SWEWB-W
PSNYHIGH,UNCH,1,250826-031906_PSNYHIGH_after.png,Yes,Yes,Yes,NA,NA,NA,http://p5zlgintc01:16020/PayDirect/Merchant/Edit/3234,35EDM-HGLAN-SANWB-W
PWNYHIGH,UNCH,1,250826-031911_PWNYHIGH_after.png,Yes,Yes,Yes,NA,NA,NA,http://p5zlgintc01:16020/PayDirect/Merchant/Edit/3235,35EDM-HGLAN-WATWB-W
PUGAPORT,UNCH,1,250826-031915_PUGAPORT_after.png,Yes,Yes,Yes,NA,NA,NA,http://p5zlgintc01:16020/PayDirect/Merchant/Edit/3236,35EDM-PORTE-NTWEB-W
PAGAPORT,UNCH,1,250826-031920_PAGAPORT_after.png,Yes,Yes,Yes,NA,NA,NA,http://p5zlgintc01:16020/PayDirect/Merchant/Edit/3237,35EDM-PORTE-ARWEB-W
PUGACRSP,UNCH,1,250826-031925_PUGACRSP_after.png,Yes,Yes,Yes,NA,NA,NA,http://p5zlgintc01:16020/PayDirect/Merchant/Edit/3238,35EDM-CRISP-NTWEB-W
PAGACRSP,UNCH,1,250826-031930_PAGACRSP_after.png,Yes,Yes,Yes,NA,NA,NA,http://p5zlgintc01:16020/PayDirect/Merchant/Edit/3239,35EDM-CRISP-ARWEB-W
PUNJ1102,UNCH,1,250826-031934_PUNJ1102_after.png,Yes,Yes,Yes,NA,NA,NA,http://p5zlgintc01:16020/PayDirect/Merchant/Edit/3241,35EDM-EWING-NTXWB-W
PTNJ1102,UNCH,1,250826-031939_PTNJ1102_after.png,Yes,Yes,Yes,NA,NA,NA,http://p5zlgintc01:16020/PayDirect/Merchant/Edit/3242,35EDM-EWING-TAXWB-W
PAPAEGOS,UNCH,1,250826-031944_PAPAEGOS_after.png,Yes,Yes,Yes,NA,NA,NA,http://p5zlgintc01:16020/PayDirect/Merchant/Edit/3244,35EDM-EGSHN-PAPA1-W
PUPAEGOS,UNCH,1,250826-031948_PUPAEGOS_after.png,Yes,Yes,Yes,NA,NA,NA,http://p5zlgintc01:16020/PayDirect/Merchant/Edit/3245,35EDM-EGSHN-PUPA1-W
PUMDGRET,UNCH,1,250826-031953_PUMDGRET_after.png,Yes,Yes,Yes,NA,NA,NA,http://p5zlgintc01:16020/PayDirect/Merchant/Edit/3253,35EDM-GRNSB-PTMD1-W
PUMDGREN,UNCH,1,250826-031958_PUMDGREN_after.png,Yes,Yes,Yes,NA,NA,NA,http://p5zlgintc01:16020/PayDirect/Merchant/Edit/3254,35EDM-GRNSB-PUMD1-W
PUNYBLAK,UNCH,1,250826-032003_PUNYBLAK_after.png,Yes,Yes,Yes,NA,NA,NA,http://p5zlgintc01:16020/PayDirect/Merchant/Edit/3255,35EDM-BLBRK-BKNTW-W
VAKYCRHI,Done,1,250826-032008_VAKYCRHI_after.png,Yes,Yes,Yes,NA,NA,NA,http://p5zlgintc01:16020/PayDirect/Merchant/Edit/3257,35EDM-CRSTK-VAKY1-W
VMKYCRHI,Done,1,250826-032012_VMKYCRHI_after.png,Yes,Yes,Yes,NA,NA,NA,http://p5zlgintc01:16020/PayDirect/Merchant/Edit/3258,35EDM-CRSTK-VMKY1-W
VTKYCRHI,Done,1,250826-032017_VTKYCRHI_after.png,Yes,Yes,Yes,NA,NA,NA,http://p5zlgintc01:16020/PayDirect/Merchant/Edit/3259,35EDM-CRSTK-VTKY1-W
VANCMARI,Done,1,250826-032022_VANCMARI_after.png,Yes,Yes,Yes,NA,NA,NA,http://p5zlgintc01:16020/PayDirect/Merchant/Edit/3260,35EDM-MARCT-MARVT-W
VMNCMARI,Done,1,250826-032027_VMNCMARI_after.png,Yes,Yes,Yes,NA,NA,NA,http://p5zlgintc01:16020/PayDirect/Merchant/Edit/3261,35EDM-MARCT-MICVT-W
VTNCMARI,Done,1,250826-032031_VTNCMARI_after.png,Yes,Yes,Yes,NA,NA,NA,http://p5zlgintc01:16020/PayDirect/Merchant/Edit/3262,35EDM-MARCT-MATVT-W
PUNJ1504,UNCH,1,250826-032036_PUNJ1504_after.png,Yes,Yes,Yes,NA,NA,NA,http://p5zlgintc01:16020/PayDirect/Merchant/Edit/3263,35EDM-BEHVN-NOWEB-W
PTNJ1504,UNCH,1,250826-032041_PTNJ1504_after.png,Yes,Yes,Yes,NA,NA,NA,http://p5zlgintc01:16020/PayDirect/Merchant/Edit/3264,35EDM-BEHVN-TAXWB-W
PUNYORLT,UNCH,1,250826-032045_PUNYORLT_after.png,Yes,Yes,Yes,NA,NA,NA,http://p5zlgintc01:16020/PayDirect/Merchant/Edit/3265,35EDM-ORLEN-NOWEB-W
PCALCALE,UNCH,1,250826-032050_PCALCALE_after.png,Yes,Yes,Yes,NA,NA,NA,http://p5zlgintc01:16020/PayDirect/Merchant/Edit/3266,35EDM-CALER-VARWB-W
PAALCALE,UNCH,1,250826-032055_PAALCALE_after.png,Yes,Yes,Yes,NA,NA,NA,http://p5zlgintc01:16020/PayDirect/Merchant/Edit/3267,35EDM-CALER-ARWEB-W
PCKYCRHI,UNCH,1,250826-032103_PCKYCRHI_after.png,Yes,Yes,Yes,NA,NA,NA,http://p5zlgintc01:16020/PayDirect/Merchant/Edit/3268,35EDM-CRSTK-PCKY1-W
PAGAACWR,UNCH,1,250826-032108_PAGAACWR_after.png,Yes,Yes,Yes,NA,NA,NA,http://p5zlgintc01:16020/PayDirect/Merchant/Edit/3269,35EDM-AWRTH-PAGA1-W
PTKYPKIS,UNCH,1,250826-032112_PTKYPKIS_after.png,Yes,Yes,Yes,NA,NA,NA,http://p5zlgintc01:16020/PayDirect/Merchant/Edit/3270,35EDM-PIKID-TXWEB-W
PCNJ1515,UNCH,1,250826-032117_PCNJ1515_after.png,Yes,Yes,Yes,NA,NA,NA,http://p5zlgintc01:16020/PayDirect/Merchant/Edit/3271,35EDM-LAKWD-VARWB-W
PCPAWASH,UNCH,1,250826-032121_PCPAWASH_after.png,Yes,Yes,Yes,NA,NA,NA,http://p5zlgintc01:16020/PayDirect/Merchant/Edit/3273,35EDM-WASHC-VAWEB-W
PTPAWASH,UNCH,1,250826-032126_PTPAWASH_after.png,Yes,Yes,Yes,NA,NA,NA,http://p5zlgintc01:16020/PayDirect/Merchant/Edit/3274,35EDM-WASHC-TXWEB-W
PUPAWASH,UNCH,1,250826-032131_PUPAWASH_after.png,Yes,Yes,Yes,NA,NA,NA,http://p5zlgintc01:16020/PayDirect/Merchant/Edit/3275,35EDM-WASHC-NTWEB-W
PAPAWASH,UNCH,1,250826-032135_PAPAWASH_after.png,Yes,Yes,Yes,NA,NA,NA,http://p5zlgintc01:16020/PayDirect/Merchant/Edit/3276,35EDM-WASHC-ARWEB-W
PTGAQUIT,UNCH,1,250826-032140_PTGAQUIT_after.png,Yes,Yes,Yes,NA,NA,NA,http://p5zlgintc01:16020/PayDirect/Merchant/Edit/3279,35EDM-QUITM-PTGA1-W
PUGAQUIT,UNCH,1,250826-032145_PUGAQUIT_after.png,Yes,Yes,Yes,NA,NA,NA,http://p5zlgintc01:16020/PayDirect/Merchant/Edit/3280,35EDM-QUITM-PUGA1-W
PUNCBRWS,UNCH,1,250826-032149_PUNCBRWS_after.png,Yes,Yes,Yes,NA,NA,NA,http://p5zlgintc01:16020/PayDirect/Merchant/Edit/3281,35EDM-BRURE-PUNC1-W
VTGAACWR,Done,0,250826-032154_VTGAACWR_after.png,Yes,Yes,Yes,NA,NA,NA,http://p5zlgintc01:16020/PayDirect/Merchant/Edit/3292,35EDM-ACWOR-TXVTP-W
VAGAACWR,Done,0,250826-032159_VAGAACWR_after.png,Yes,Yes,Yes,NA,NA,NA,http://p5zlgintc01:16020/PayDirect/Merchant/Edit/3293,35EDM-AWRTH-PARVT-W
VUGAACWR,Done,0,250826-033129_VUGAACWR_after.png,Yes,Yes,Yes,NA,NA,NA,http://p5zlgintc01:16020/PayDirect/Merchant/Edit/3294,35EDM-AWRTH-PNTVT-W
VMGAACWR,Done,0,250826-033134_VMGAACWR_after.png,Yes,Yes,Yes,NA,NA,NA,http://p5zlgintc01:16020/PayDirect/Merchant/Edit/3295,35EDM-AWRTH-PMSVT-W
PTPACHST,UNCH,1,250826-033139_PTPACHST_after.png,Yes,Yes,Yes,NA,NA,NA,http://p5zlgintc01:16020/PayDirect/Merchant/Edit/3296,35EDM-CHECI-PTPA1-W
PUGACOME,UNCH,1,250826-033143_PUGACOME_after.png,Yes,Yes,Yes,NA,NA,NA,http://p5zlgintc01:16020/PayDirect/Merchant/Edit/3297,35EDM-COMER-NTUTL-W
PTNYUNYK,UNCH,1,250826-033148_PTNYUNYK_after.png,Yes,Yes,Yes,NA,NA,NA,http://p5zlgintc01:16020/PayDirect/Merchant/Edit/3298,35EDM-VUPNY-PTNY1-W
PCNJ1216,UNCH,1,250826-033152_PCNJ1216_after.png,Yes,Yes,Yes,NA,NA,NA,http://p5zlgintc01:16020/PayDirect/Merchant/Edit/3299,35EDM-PERTH-VARWB-W
VAGAALMA,Done,1,250826-033157_VAGAALMA_after.png,Yes,Yes,Yes,NA,NA,NA,http://p5zlgintc01:16020/PayDirect/Merchant/Edit/3300,35EDM-ALMAC-ARVIT-W
VTNJ1504,Done,1,250826-033202_VTNJ1504_after.png,Yes,Yes,Yes,NA,NA,NA,http://p5zlgintc01:16020/PayDirect/Merchant/Edit/3303,35EDM-BEHVN-TAXVT-W
VUNJ1504,Done,1,250826-033206_VUNJ1504_after.png,Yes,Yes,Yes,NA,NA,NA,http://p5zlgintc01:16020/PayDirect/Merchant/Edit/3304,35EDM-BEHVN-NTXVT-W
PTNJ0239,UNCH,1,250826-033211_PTNJ0239_after.png,Yes,Yes,Yes,NA,NA,NA,http://p5zlgintc01:16020/PayDirect/Merchant/Edit/3306,35EDM-NORTA-TAXWB-W
VUFLDUND,Done,1,250826-033216_VUFLDUND_after.png,Yes,Yes,Yes,NA,NA,NA,http://p5zlgintc01:16020/PayDirect/Merchant/Edit/3313,35EDM-DUNDE-NTVTP-W
VMFLDUND,Done,1,250826-033220_VMFLDUND_after.png,Yes,Yes,Yes,NA,NA,NA,http://p5zlgintc01:16020/PayDirect/Merchant/Edit/3314,35EDM-DUNDE-MSVTP-W
PTNJ1326,UNCH,1,250826-033225_PTNJ1326_after.png,Yes,Yes,Yes,NA,NA,NA,http://p5zlgintc01:16020/PayDirect/Merchant/Edit/3315,35EDM-LOCHA-TAXWB-W
PUNJ1111,UNCH,1,250826-033230_PUNJ1111_after.png,Yes,Yes,Yes,NA,NA,NA,http://p5zlgintc01:16020/PayDirect/Merchant/Edit/3316,35EDM-TRENT-NTXWP-W
VUNJ1111,Done,1,250826-033234_VUNJ1111_after.png,Yes,Yes,Yes,NA,NA,NA,http://p5zlgintc01:16020/PayDirect/Merchant/Edit/3317,35EDM-TRENT-NTVTP-W
PUNJHMUA,UNCH,1,250826-033239_PUNJHMUA_after.png,Yes,Yes,Yes,NA,NA,NA,http://p5zlgintc01:16020/PayDirect/Merchant/Edit/3322,35EDM-HCKTT-PUNJ1-W
PTNJ2117,UNCH,1,250826-033244_PTNJ2117_after.png,Yes,Yes,Yes,NA,NA,NA,http://p5zlgintc01:16020/PayDirect/Merchant/Edit/3323,35EDM-OXFRD-PTNJ1-W
PUNJ2117,UNCH,1,250826-033248_PUNJ2117_after.png,Yes,Yes,Yes,NA,NA,NA,http://p5zlgintc01:16020/PayDirect/Merchant/Edit/3324,35EDM-OXFRD-PUNJ1-W
PTLAOAKD,UNCH,1,250826-033253_PTLAOAKD_after.png,Yes,Yes,Yes,NA,NA,NA,http://p5zlgintc01:16020/PayDirect/Merchant/Edit/3325,35EDM-OAKDL-PTNJ1-W
PULAOAKD,UNCH,1,250826-033258_PULAOAKD_after.png,Yes,Yes,Yes,NA,NA,NA,http://p5zlgintc01:16020/PayDirect/Merchant/Edit/3326,35EDM-OAKDL-PUNJ1-W
VMLAOAKD,Done,1,250826-033302_VMLAOAKD_after.png,Yes,Yes,Yes,NA,NA,NA,http://p5zlgintc01:16020/PayDirect/Merchant/Edit/3327,35EDM-OAKDL-VMLA1-W
VTLAOAKD,Done,1,250826-033307_VTLAOAKD_after.png,Yes,Yes,Yes,NA,NA,NA,http://p5zlgintc01:16020/PayDirect/Merchant/Edit/3328,35EDM-OAKDL-VTLA1-W
VULAOAKD,Done,1,250826-033312_VULAOAKD_after.png,Yes,Yes,Yes,NA,NA,NA,http://p5zlgintc01:16020/PayDirect/Merchant/Edit/3329,35EDM-OAKDL-VULA1-W
PTNJ1306,UNCH,1,250826-033316_PTNJ1306_after.png,Yes,Yes,Yes,NA,NA,NA,http://p5zlgintc01:16020/PayDirect/Merchant/Edit/3330,35EDM-AVSEA-PTNJ1-W
PUNJ1306,UNCH,1,250826-033321_PUNJ1306_after.png,Yes,Yes,Yes,NA,NA,NA,http://p5zlgintc01:16020/PayDirect/Merchant/Edit/3331,35EDM-AVSEA-PUNJ1-W
VAFLDUND,Done,1,250826-033325_VAFLDUND_after.png,Yes,Yes,Yes,NA,NA,NA,http://p5zlgintc01:16020/PayDirect/Merchant/Edit/3332,35EDM-DUNDE-VAFL1-W
PTNJ1341,UNCH,1,250826-033330_PTNJ1341_after.png,Yes,Yes,Yes,NA,NA,NA,http://p5zlgintc01:16020/PayDirect/Merchant/Edit/3342,35EDM-RUMSO-TXWEB-W
PUNJ1341,UNCH,1,250826-033335_PUNJ1341_after.png,Yes,Yes,Yes,NA,NA,NA,http://p5zlgintc01:16020/PayDirect/Merchant/Edit/3343,35EDM-RUMSO-NOWEB-W
PTNJ1332,UNCH,1,250826-033340_PTNJ1332_after.png,Yes,Yes,Yes,NA,NA,NA,http://p5zlgintc01:16020/PayDirect/Merchant/Edit/3347,35EDM-MTWSP-TAXWB-W
VMALMLTN,Done,1,250826-033344_VMALMLTN_after.png,Yes,Yes,Yes,NA,NA,NA,http://p5zlgintc01:16020/PayDirect/Merchant/Edit/3348,35EDM-MOULT-MISVT-W
VUALMLTN,Done,1,250826-033349_VUALMLTN_after.png,Yes,Yes,Yes,NA,NA,NA,http://p5zlgintc01:16020/PayDirect/Merchant/Edit/3349,35EDM-MOULT-NTXVT-W
VAALMLTN,Done,1,250826-033354_VAALMLTN_after.png,Yes,Yes,Yes,NA,NA,NA,http://p5zlgintc01:16020/PayDirect/Merchant/Edit/3350,35EDM-MOULT-ARVIT-W
PCALMLTN,UNCH,1,250826-033358_PCALMLTN_after.png,Yes,Yes,Yes,NA,NA,NA,http://p5zlgintc01:16020/PayDirect/Merchant/Edit/3352,35EDM-MOULT-VRWEB-W
PUALMLTN,UNCH,1,250826-033403_PUALMLTN_after.png,Yes,Yes,Yes,NA,NA,NA,http://p5zlgintc01:16020/PayDirect/Merchant/Edit/3353,35EDM-MOULT-NTWEB-W
PAALMLTN,UNCH,1,250826-033408_PAALMLTN_after.png,Yes,Yes,Yes,NA,NA,NA,http://p5zlgintc01:16020/PayDirect/Merchant/Edit/3354,35EDM-MOULT-ARWEB-W
PTNJ1902,UNCH,1,250826-033412_PTNJ1902_after.png,Yes,Yes,Yes,NA,NA,NA,http://p5zlgintc01:16020/PayDirect/Merchant/Edit/3358,35EDM-ANDOV-DATAX-W
PTVACLRK,UNCH,1,250826-033417_PTVACLRK_after.png,Yes,Yes,Yes,NA,NA,NA,http://p5zlgintc01:16020/PayDirect/Merchant/Edit/3359,35EDM-CLAVI-TAXWB-W
PAVACLRK,UNCH,1,250826-033422_PAVACLRK_after.png,Yes,Yes,Yes,NA,NA,NA,http://p5zlgintc01:16020/PayDirect/Merchant/Edit/3360,35EDM-CLAVI-ARWEB-W
PUVACLRK,UNCH,1,250826-033426_PUVACLRK_after.png,Yes,Yes,Yes,NA,NA,NA,http://p5zlgintc01:16020/PayDirect/Merchant/Edit/3361,35EDM-CLAVI-NTWEB-W
PUNYMONY,UNCH,1,250826-033431_PUNYMONY_after.png,Yes,Yes,Yes,NA,NA,NA,http://p5zlgintc01:16020/PayDirect/Merchant/Edit/3363,35EDM-MONTO-NTXWP-W
PUNJWTMU,UNCH,1,250826-033436_PUNJWTMU_after.png,Yes,Yes,Yes,NA,NA,NA,http://p5zlgintc01:16020/PayDirect/Merchant/Edit/3364,35EDM-WAMUA-NTXWP-W
PTGACLAC,UNCH,1,250826-033440_PTGACLAC_after.png,Yes,Yes,Yes,NA,NA,NA,http://p5zlgintc01:16020/PayDirect/Merchant/Edit/3365,35EDM-CLAYG-TXWBP-W
PUGACLAC,UNCH,1,250826-033445_PUGACLAC_after.png,Yes,Yes,Yes,NA,NA,NA,http://p5zlgintc01:16020/PayDirect/Merchant/Edit/3366,35EDM-CLAYG-NTXWP-W
VTGACLAC,Done,1,250826-033450_VTGACLAC_after.png,Yes,Yes,Yes,NA,NA,NA,http://p5zlgintc01:16020/PayDirect/Merchant/Edit/3367,35EDM-CLAYG-TXVTP-W
VUGACLAC,Done,1,250826-033455_VUGACLAC_after.png,Yes,Yes,Yes,NA,NA,NA,http://p5zlgintc01:16020/PayDirect/Merchant/Edit/3368,35EDM-CLAYG-NTXVP-W
VMGACLAC,Done,1,250826-033501_VMGACLAC_after.png,Yes,Yes,Yes,NA,NA,NA,http://p5zlgintc01:16020/PayDirect/Merchant/Edit/3369,35EDM-CLAYG-MSVTP-W
PSNJ0706,UNCH,1,250826-033505_PSNJ0706_after.png,Yes,Yes,Yes,NA,NA,NA,http://p5zlgintc01:16020/PayDirect/Merchant/Edit/3374,35EDM-BESSF-SEWNT-W
PTNJ0706,UNCH,1,250826-033510_PTNJ0706_after.png,Yes,Yes,Yes,NA,NA,NA,http://p5zlgintc01:16020/PayDirect/Merchant/Edit/3375,35EDM-BESSF-TAXWB-W
PUNJ0706,UNCH,1,250826-033515_PUNJ0706_after.png,Yes,Yes,Yes,NA,NA,NA,http://p5zlgintc01:16020/PayDirect/Merchant/Edit/3376,35EDM-BESSF-WATNT-W
VMGACOME,Done,1,250826-033519_VMGACOME_after.png,Yes,Yes,Yes,NA,NA,NA,http://p5zlgintc01:16020/PayDirect/Merchant/Edit/3378,35EDM-COMER-MISVT-W
VUGACOME,Done,1,250826-034338_VUGACOME_after.png,Yes,Yes,Yes,NA,NA,NA,http://p5zlgintc01:16020/PayDirect/Merchant/Edit/3379,35EDM-COMER-VUGA1-W
PULADERI,UNCH,1,Step1_ImportSites_20260825_034115.png,Error,Yes,Yes,NA,NA,NA,http://p5zlgintc01:16020/PayDirect/Merchant/Edit/3380,35EDM-DERCI-WATNT-W
PSNJ1611,UNCH,1,250826-034413_PSNJ1611_after.png,Yes,Yes,Yes,NA,NA,NA,http://p5zlgintc01:16020/PayDirect/Merchant/Edit/3381,35EDM-RIUTL-PSNJ1-W
VTDEOCVW,Done,1,250826-034418_VTDEOCVW_after.png,Yes,Yes,Yes,NA,NA,NA,http://p5zlgintc01:16020/PayDirect/Merchant/Edit/3382,35EDM-OVIEW-TAXVT-W
VADEOCVW,Done,1,250826-034423_VADEOCVW_after.png,Yes,Yes,Yes,NA,NA,NA,http://p5zlgintc01:16020/PayDirect/Merchant/Edit/3383,35EDM-OVIEW-ARVIT-W
VMDEOCVW,Done,1,250826-034427_VMDEOCVW_after.png,Yes,Yes,Yes,NA,NA,NA,http://p5zlgintc01:16020/PayDirect/Merchant/Edit/3384,35EDM-OVIEW-MISVT-W
PADEOCVW,UNCH,1,250826-034432_PADEOCVW_after.png,Yes,Yes,Yes,NA,NA,NA,http://p5zlgintc01:16020/PayDirect/Merchant/Edit/3385,35EDM-OVIEW-ARWEB-W
PUGACOOL,UNCH,1,250826-034437_PUGACOOL_after.png,Yes,Yes,Yes,NA,NA,NA,http://p5zlgintc01:16020/PayDirect/Merchant/Edit/3386,35EDM-COOLI-NTWEB-W
PUMDINHE,UNCH,1,250826-034442_PUMDINHE_after.png,Yes,Yes,Yes,NA,NA,NA,http://p5zlgintc01:16020/PayDirect/Merchant/Edit/3387,35EDM-INDHD-NTWEB-W
VAGACRSP,Done,1,250826-034447_VAGACRSP_after.png,Yes,Yes,Yes,NA,NA,NA,http://p5zlgintc01:16020/PayDirect/Merchant/Edit/3388,35EDM-CRISP-ARVIT-W
PAKYJFSC,UNCH,1,250826-034452_PAKYJFSC_after.png,Yes,Yes,Yes,NA,NA,NA,http://p5zlgintc01:16020/PayDirect/Merchant/Edit/3392,35EDM-JEFCI-PAKY1-W
POKYJFSC,UNCH,1,250826-034456_POKYJFSC_after.png,Yes,Yes,Yes,NA,NA,NA,http://p5zlgintc01:16020/PayDirect/Merchant/Edit/3393,35EDM-JEFCI-POKY1-W
PTKYJFSC,UNCH,1,250826-034501_PTKYJFSC_after.png,Yes,Yes,Yes,NA,NA,NA,http://p5zlgintc01:16020/PayDirect/Merchant/Edit/3394,35EDM-JEFCI-PTKY1-W
PCNJ0412,UNCH,1,250826-034506_PCNJ0412_after.png,Yes,Yes,Yes,NA,NA,NA,http://p5zlgintc01:16020/PayDirect/Merchant/Edit/3396,35EDM-CWOOD-VARWB-W
VANJ0112,Done,1,250826-034511_VANJ0112_after.png,Yes,Yes,Yes,NA,NA,NA,http://p5zlgintc01:16020/PayDirect/Merchant/Edit/3397,35EDM-HAMIL-ARVTW-W
VSNJ0228,Done,1,Step1_ImportSites_20260825_034115.png,Error,Yes,Yes,NA,NA,NA,http://p5zlgintc01:16020/PayDirect/Merchant/Edit/3398,35EDM-HOKNJ-WASVT-W
VUNJ0228,Done,1,250826-034546_VUNJ0228_after.png,Yes,Yes,Yes,NA,NA,NA,http://p5zlgintc01:16020/PayDirect/Merchant/Edit/3399,35EDM-HOKNJ-WATVT-W
PUNJ0228,UNCH,1,250826-034551_PUNJ0228_after.png,Yes,Yes,Yes,NA,NA,NA,http://p5zlgintc01:16020/PayDirect/Merchant/Edit/3400,35EDM-HOKNJ-WATWB-W
PSNJ0228,UNCH,1,250826-034556_PSNJ0228_after.png,Yes,Yes,Yes,NA,NA,NA,http://p5zlgintc01:16020/PayDirect/Merchant/Edit/3401,35EDM-HOKNJ-WASWB-W
PUPASELI,UNCH,1,250826-034601_PUPASELI_after.png,Yes,Yes,Yes,NA,NA,NA,http://p5zlgintc01:16020/PayDirect/Merchant/Edit/3404,35EDM-SELIN-PUPA1-W
VMNJ1102,Done,1,250826-034606_VMNJ1102_after.png,Yes,Yes,Yes,NA,NA,NA,http://p5zlgintc01:16020/PayDirect/Merchant/Edit/3413,35EDM-EWING-VMNJ1-W
VTNJ1102,Done,1,250826-034610_VTNJ1102_after.png,Yes,Yes,Yes,NA,NA,NA,http://p5zlgintc01:16020/PayDirect/Merchant/Edit/3414,35EDM-EWING-VTNJ1-W
VUNJ1102,Done,1,250826-034615_VUNJ1102_after.png,Yes,Yes,Yes,NA,NA,NA,http://p5zlgintc01:16020/PayDirect/Merchant/Edit/3415,35EDM-EWING-VUNJ1-W
VMPAPLUM,Done,1,250826-034620_VMPAPLUM_after.png,Yes,Yes,Yes,NA,NA,NA,http://p5zlgintc01:16020/PayDirect/Merchant/Edit/3416,35EDM-PLUBO-VMPA1-W
PTPAPLUM,UNCH,1,250826-034625_PTPAPLUM_after.png,Yes,Yes,Yes,NA,NA,NA,http://p5zlgintc01:16020/PayDirect/Merchant/Edit/3417,35EDM-PLUBO-PTPA1-W
PUNJPTMA,UNCH,1,250826-034631_PUNJPTMA_after.png,Yes,Yes,Yes,NA,NA,NA,http://p5zlgintc01:16020/PayDirect/Merchant/Edit/3418,35EDM-PLUTM-PUNJ1-W
VTPAPLUM,Done,1,250826-034636_VTPAPLUM_after.png,Yes,Yes,Yes,NA,NA,NA,http://p5zlgintc01:16020/PayDirect/Merchant/Edit/3419,35EDM-PLUBO-VTPA1-W
PTNYAMIT,UNCH,1,250826-034641_PTNYAMIT_after.png,Yes,Yes,Yes,NA,NA,NA,http://p5zlgintc01:16020/PayDirect/Merchant/Edit/3420,35EDM-AMVIL-PTNY1-W
VMNYAMIT,Done,1,250826-034646_VMNYAMIT_after.png,Yes,Yes,Yes,NA,NA,NA,http://p5zlgintc01:16020/PayDirect/Merchant/Edit/3421,35EDM-AMVIL-VMNY1-W
VTNYAMIT,Done,1,250826-034651_VTNYAMIT_after.png,Yes,Yes,Yes,NA,NA,NA,http://p5zlgintc01:16020/PayDirect/Merchant/Edit/3422,35EDM-AMVIL-VTNY1-W
PSNJ0226,UNCH,1,250826-034656_PSNJ0226_after.png,Yes,Yes,Yes,NA,NA,NA,http://p5zlgintc01:16020/PayDirect/Merchant/Edit/3424,35EDM-HARBO-VARSW-W
PBNJ0226,UNCH,1,250826-034701_PBNJ0226_after.png,Yes,Yes,Yes,NA,NA,NA,http://p5zlgintc01:16020/PayDirect/Merchant/Edit/3425,35EDM-HARBO-VARCU-W
PCNJ0226,UNCH,1,250826-034706_PCNJ0226_after.png,Yes,Yes,Yes,NA,NA,NA,http://p5zlgintc01:16020/PayDirect/Merchant/Edit/3426,35EDM-HARBO-VARTR-W
PTNJ0110,UNCH,1,250826-034711_PTNJ0110_after.png,Yes,Yes,Yes,NA,NA,NA,http://p5zlgintc01:16020/PayDirect/Merchant/Edit/3427,35EDM-FOLBO-TAXWB-W
PANCGRAM,UNCH,1,250826-034716_PANCGRAM_after.png,Yes,Yes,Yes,NA,NA,NA,http://p5zlgintc01:16020/PayDirect/Merchant/Edit/3428,35EDM-GRACI-ARWEB-W
PTNCGRAM,UNCH,1,250826-034721_PTNCGRAM_after.png,Yes,Yes,Yes,NA,NA,NA,http://p5zlgintc01:16020/PayDirect/Merchant/Edit/3429,35EDM-GRACI-TAXWB-W
PAALSPRG,UNCH,1,250826-034726_PAALSPRG_after.png,Yes,Yes,Yes,NA,NA,NA,http://p5zlgintc01:16020/PayDirect/Merchant/Edit/3430,35EDM-SPRAL-PAAL1-W
PTNJ2101,UNCH,1,250826-034731_PTNJ2101_after.png,Yes,Yes,Yes,NA,NA,NA,http://p5zlgintc01:16020/PayDirect/Merchant/Edit/3432,35EDM-ALLMU-TAXWB-W
VANJ0427,Done,1,250826-034736_VANJ0427_after.png,Yes,Yes,Yes,NA,NA,NA,http://p5zlgintc01:16020/PayDirect/Merchant/Edit/3433,35EDM-PENTW-ARVIT-W
PANJ0427,UNCH,1,250826-034740_PANJ0427_after.png,Yes,Yes,Yes,NA,NA,NA,http://p5zlgintc01:16020/PayDirect/Merchant/Edit/3434,35EDM-PENTW-ARWEB-W
PCNJ0427,UNCH,1,250826-034745_PCNJ0427_after.png,Yes,Yes,Yes,NA,NA,NA,http://p5zlgintc01:16020/PayDirect/Merchant/Edit/3436,35EDM-PENTW-VARWB-W
PCMDNETN,UNCH,1,250826-034750_PCMDNETN_after.png,Yes,Yes,Yes,NA,NA,NA,http://p5zlgintc01:16020/PayDirect/Merchant/Edit/3440,35EDM-NORET-PCMD1-W
PUNJ0269,UNCH,1,250826-034754_PUNJ0269_after.png,Yes,Yes,Yes,NA,NA,NA,http://p5zlgintc01:16020/PayDirect/Merchant/Edit/3443,35EDM-WOODR-NTXWP-W
PUNJ1419,UNCH,1,250826-034759_PUNJ1419_after.png,Yes,Yes,Yes,NA,NA,NA,http://p5zlgintc01:16020/PayDirect/Merchant/Edit/3444,35EDM-MENDH-PUNJ1-W
PTNJ1419,UNCH,1,250826-034804_PTNJ1419_after.png,Yes,Yes,Yes,NA,NA,NA,http://p5zlgintc01:16020/PayDirect/Merchant/Edit/3445,35EDM-MENDH-PTNJ1-W
PTNJ0710,UNCH,1,250826-034809_PTNJ0710_after.png,Yes,Yes,Yes,NA,NA,NA,http://p5zlgintc01:16020/PayDirect/Merchant/Edit/3446,35EDM-LIVTW-TAXWB-W
PUNJ0710,UNCH,1,250826-034813_PUNJ0710_after.png,Yes,Yes,Yes,NA,NA,NA,http://p5zlgintc01:16020/PayDirect/Merchant/Edit/3447,35EDM-LIVTW-NTXWB-W
VTNJ0710,Done,1,250826-034818_VTNJ0710_after.png,Yes,Yes,Yes,NA,NA,NA,http://p5zlgintc01:16020/PayDirect/Merchant/Edit/3448,35EDM-LIVTW-TAXVT-W
VUNJ0710,Done,1,250826-034823_VUNJ0710_after.png,Yes,Yes,Yes,NA,NA,NA,http://p5zlgintc01:16020/PayDirect/Merchant/Edit/3449,35EDM-LIVTW-NTVRT-W
VMNJ0710,Done,1,250826-034829_VMNJ0710_after.png,Yes,Yes,Yes,NA,NA,NA,http://p5zlgintc01:16020/PayDirect/Merchant/Edit/3450,35EDM-LIVTW-MISVT-W
PUPAFORK,UNCH,1,250826-035646_PUPAFORK_after.png,Yes,Yes,Yes,NA,NA,NA,http://p5zlgintc01:16020/PayDirect/Merchant/Edit/3451,35EDM-FORKT-PUPA1-W
VMNJ0421,Done,1,250826-035651_VMNJ0421_after.png,Yes,Yes,Yes,NA,NA,NA,http://p5zlgintc01:16020/PayDirect/Merchant/Edit/3452,35EDM-LAWNS-MISVT-W
VUNJ0421,Done,1,250826-035656_VUNJ0421_after.png,Yes,Yes,Yes,NA,NA,NA,http://p5zlgintc01:16020/PayDirect/Merchant/Edit/3453,35EDM-LAWNS-NTVIT-W
PUNJ0421,UNCH,1,250826-035701_PUNJ0421_after.png,Yes,Yes,Yes,NA,NA,NA,http://p5zlgintc01:16020/PayDirect/Merchant/Edit/3454,35EDM-LAWNS-NTWEB-W
PUNYCHAZ,UNCH,1,250826-035705_PUNYCHAZ_after.png,Yes,Yes,Yes,NA,NA,NA,http://p5zlgintc01:16020/PayDirect/Merchant/Edit/3455,35EDM-CHAZY-NTWEB-W
VAGAWYNS,Done,1,250826-035710_VAGAWYNS_after.png,Yes,Yes,Yes,NA,NA,NA,http://p5zlgintc01:16020/PayDirect/Merchant/Edit/3456,35EDM-WYNSR-ARWVT-W
VMGAWYNS,Done,1,250826-035716_VMGAWYNS_after.png,Yes,Yes,Yes,NA,NA,NA,http://p5zlgintc01:16020/PayDirect/Merchant/Edit/3457,35EDM-WYNSR-MISVT-W
VUGAWYNS,Done,1,250826-035720_VUGAWYNS_after.png,Yes,Yes,Yes,NA,NA,NA,http://p5zlgintc01:16020/PayDirect/Merchant/Edit/3458,35EDM-WYNSR-NTWVT-W
VTGAWYNS,Done,1,250826-035726_VTGAWYNS_after.png,Yes,Yes,Yes,NA,NA,NA,http://p5zlgintc01:16020/PayDirect/Merchant/Edit/3459,35EDM-WYNSR-TAXVT-W
PCNJ0808,UNCH,1,250826-035731_PCNJ0808_after.png,Yes,Yes,Yes,NA,NA,NA,http://p5zlgintc01:16020/PayDirect/Merchant/Edit/3461,35EDM-HARRN-VARWP-W
PUVAPEAR,UNCH,1,250826-035736_PUVAPEAR_after.png,Yes,Yes,Yes,NA,NA,NA,http://p5zlgintc01:16020/PayDirect/Merchant/Edit/3462,35EDM-PERIT-NTWEB-W
PTVAPEAR,UNCH,1,250826-035740_PTVAPEAR_after.png,Yes,Yes,Yes,NA,NA,NA,http://p5zlgintc01:16020/PayDirect/Merchant/Edit/3463,35EDM-PERIT-TAXWB-W
PUNJ1013,UNCH,1,250826-035745_PUNJ1013_after.png,Yes,Yes,Yes,NA,NA,NA,http://p5zlgintc01:16020/PayDirect/Merchant/Edit/3464,35EDM-HAMPB-NTXWB-W
PTNJ1013,UNCH,1,250826-035750_PTNJ1013_after.png,Yes,Yes,Yes,NA,NA,NA,http://p5zlgintc01:16020/PayDirect/Merchant/Edit/3465,35EDM-HAMPB-TAXWB-W
VMGACRSP,Done,1,250826-035754_VMGACRSP_after.png,Yes,Yes,Yes,NA,NA,NA,http://p5zlgintc01:16020/PayDirect/Merchant/Edit/3467,35EDM-CRISP-VMGA1-W
VUGACRSP,Done,1,250826-035759_VUGACRSP_after.png,Yes,Yes,Yes,NA,NA,NA,http://p5zlgintc01:16020/PayDirect/Merchant/Edit/3468,35EDM-CRISP-VUGA1-W
PAVAPEAR,UNCH,1,250826-035804_PAVAPEAR_after.png,Yes,Yes,Yes,NA,NA,NA,http://p5zlgintc01:16020/PayDirect/Merchant/Edit/3469,35EDM-PERIT-ARWEB-W
PAKYOAKG,UNCH,1,250826-035808_PAKYOAKG_after.png,Yes,Yes,Yes,NA,NA,NA,http://p5zlgintc01:16020/PayDirect/Merchant/Edit/3470,35EDM-OAKGR-ARWEB-W
PCKYOAKG,UNCH,1,250826-035813_PCKYOAKG_after.png,Yes,Yes,Yes,NA,NA,NA,http://p5zlgintc01:16020/PayDirect/Merchant/Edit/3471,35EDM-OAKGR-VARWB-W
PTNJ0106,UNCH,1,250826-035818_PTNJ0106_after.png,Yes,Yes,Yes,NA,NA,NA,http://p5zlgintc01:16020/PayDirect/Merchant/Edit/3472,35EDM-CORBI-TAXWB-W
PUTXZAPA,UNCH,1,250826-035823_PUTXZAPA_after.png,Yes,Yes,Yes,NA,NA,NA,http://p5zlgintc01:16020/PayDirect/Merchant/Edit/3473,35EDM-ZAPAT-PUTX1-W
PAGAFITZ,UNCH,1,250826-035830_PAGAFITZ_after.png,Yes,Yes,Yes,NA,NA,NA,http://p5zlgintc01:16020/PayDirect/Merchant/Edit/3474,35EDM-FITZG-PAGA1-W
PUFLLOXA,UNCH,1,250826-035834_PUFLLOXA_after.png,Yes,Yes,Yes,NA,NA,NA,http://p5zlgintc01:16020/PayDirect/Merchant/Edit/3475,35EDM-LOXAH-PUFL1-W
VMFLLOXA,UNCH,1,250826-035839_VMFLLOXA_after.png,Yes,Yes,Yes,NA,NA,NA,http://p5zlgintc01:16020/PayDirect/Merchant/Edit/3476,35EDM-LOXAH-VMFL1-W
VUFLLOXA,Done,1,250826-035844_VUFLLOXA_after.png,Yes,Yes,Yes,NA,NA,NA,http://p5zlgintc01:16020/PayDirect/Merchant/Edit/3477,35EDM-LOXAH-VUFL1-W
VMLADERI,Done,1,250826-035848_VMLADERI_after.png,Yes,Yes,Yes,NA,NA,NA,http://p5zlgintc01:16020/PayDirect/Merchant/Edit/3484,35EDM-DERCI-MSVTP-W
VULADERI,Done,1,250826-035853_VULADERI_after.png,Yes,Yes,Yes,NA,NA,NA,http://p5zlgintc01:16020/PayDirect/Merchant/Edit/3485,35EDM-DERCI-NTXWP-W
PTDEWYMT,UNCH,1,250826-035858_PTDEWYMT_after.png,Yes,Yes,Yes,NA,NA,NA,http://p5zlgintc01:16020/PayDirect/Merchant/Edit/3486,35EDM-WYOTW-TAXWB-W
PANCRVER,UNCH,1,250826-035903_PANCRVER_after.png,Yes,Yes,Yes,NA,NA,NA,http://p5zlgintc01:16020/PayDirect/Merchant/Edit/3487,35EDM-RIVBE-ARWEB-W
PUNCRVER,UNCH,1,250826-035907_PUNCRVER_after.png,Yes,Yes,Yes,NA,NA,NA,http://p5zlgintc01:16020/PayDirect/Merchant/Edit/3488,35EDM-RIVBE-NTWEB-W
PADE25,UNCH,1,250826-035912_PADE25_after.png,Yes,Yes,Yes,NA,NA,NA,http://p5zlgintc01:16020/PayDirect/Merchant/Edit/3489,35EDM-TOSNE-ARWBP-W
PUNJEMUA,UNCH,1,250826-035917_PUNJEMUA_after.png,Yes,Yes,Yes,NA,NA,NA,http://p5zlgintc01:16020/PayDirect/Merchant/Edit/3490,35EDM-EVMUA-NTWEB-W
VTNJ1114,Done,1,250826-035921_VTNJ1114_after.png,Yes,Yes,Yes,NA,NA,NA,http://p5zlgintc01:16020/PayDirect/Merchant/Edit/3491,35EDM-PRINC-TAXVT-W
VUNJ1114,Done,1,250826-035926_VUNJ1114_after.png,Yes,Yes,Yes,NA,NA,NA,http://p5zlgintc01:16020/PayDirect/Merchant/Edit/3492,35EDM-PRINC-NTXVT-W
VMNJ1114,Done,1,250826-035931_VMNJ1114_after.png,Yes,Yes,Yes,NA,NA,NA,http://p5zlgintc01:16020/PayDirect/Merchant/Edit/3493,35EDM-PRINC-MISVT-W
VMNJ1803,Done,1,250826-035936_VMNJ1803_after.png,Yes,Yes,Yes,NA,NA,NA,http://p5zlgintc01:16020/PayDirect/Merchant/Edit/3496,35EDM-BERNB-MISVP-W
VUNJ1803,Done,1,250826-035941_VUNJ1803_after.png,Yes,Yes,Yes,NA,NA,NA,http://p5zlgintc01:16020/PayDirect/Merchant/Edit/3497,35EDM-BERNB-NTXVP-W
VTNJ1803,Done,1,250826-035946_VTNJ1803_after.png,Yes,Yes,Yes,NA,NA,NA,http://p5zlgintc01:16020/PayDirect/Merchant/Edit/3498,35EDM-BERNA-TAXVP-W
PANJ1216,UNCH,1,250826-035950_PANJ1216_after.png,Yes,Yes,Yes,NA,NA,NA,http://p5zlgintc01:16020/PayDirect/Merchant/Edit/3499,35EDM-PERTH-PANJ1-W
VMPACHST,Done,1,250826-035955_VMPACHST_after.png,Yes,Yes,Yes,NA,NA,NA,http://p5zlgintc01:16020/PayDirect/Merchant/Edit/3500,35EDM-CHECI-MSCVP-W
VTPACHST,Done,1,250826-040000_VTPACHST_after.png,Yes,Yes,Yes,NA,NA,NA,http://p5zlgintc01:16020/PayDirect/Merchant/Edit/3501,35EDM-CHECI-TAXVP-W
PUNYGPTN,UNCH,1,250826-040004_PUNYGPTN_after.png,Yes,Yes,Yes,NA,NA,NA,http://p5zlgintc01:16020/PayDirect/Merchant/Edit/3502,35EDM-GRTWN-PUNY1-W
PALASTLP,UNCH,1,250826-040009_PALASTLP_after.png,Yes,Yes,Yes,NA,NA,NA,http://p5zlgintc01:16020/PayDirect/Merchant/Edit/3503,35EDM-STLAN-PALA1-W
PULASTLP,UNCH,1,250826-040014_PULASTLP_after.png,Yes,Yes,Yes,NA,NA,NA,http://p5zlgintc01:16020/PayDirect/Merchant/Edit/3504,35EDM-STLAN-PULA1-W
PUNYWAWA,UNCH,1,250826-040018_PUNYWAWA_after.png,Yes,Yes,Yes,NA,NA,NA,http://p5zlgintc01:16020/PayDirect/Merchant/Edit/3507,35EDM-WAWAY-NTWEB-W
VADE25,Done,1,250826-040024_VADE25_after.png,Yes,Yes,Yes,NA,NA,NA,http://p5zlgintc01:16020/PayDirect/Merchant/Edit/3508,35EDM-TOSNE-ARVIT-W
VMDE25,Done,1,250826-040028_VMDE25_after.png,Yes,Yes,Yes,NA,NA,NA,http://p5zlgintc01:16020/PayDirect/Merchant/Edit/3509,35EDM-TOSNE-MISVT-W
VUDE25,Done,1,250826-040033_VUDE25_after.png,Yes,Yes,Yes,NA,NA,NA,http://p5zlgintc01:16020/PayDirect/Merchant/Edit/3510,35EDM-TOSNE-NTVIT-W
VTDE25,Done,1,250826-040038_VTDE25_after.png,Yes,Yes,Yes,NA,NA,NA,http://p5zlgintc01:16020/PayDirect/Merchant/Edit/3511,35EDM-TOSNE-TAXVT-W
VANJ0421,Done,1,250826-040043_VANJ0421_after.png,Yes,Yes,Yes,NA,NA,NA,http://p5zlgintc01:16020/PayDirect/Merchant/Edit/3512,35EDM-LAWNS-ARVIT-W
VTNJ0421,Done,1,250826-041033_VTNJ0421_after.png,Yes,Yes,Yes,NA,NA,NA,http://p5zlgintc01:16020/PayDirect/Merchant/Edit/3513,35EDM-LAWNS-TAXVT-W
PANJ0421,UNCH,1,250826-041038_PANJ0421_after.png,Yes,Yes,Yes,NA,NA,NA,http://p5zlgintc01:16020/PayDirect/Merchant/Edit/3514,35EDM-LAWNS-ARWEB-W
PTNJ0421,UNCH,1,250826-041043_PTNJ0421_after.png,Yes,Yes,Yes,NA,NA,NA,http://p5zlgintc01:16020/PayDirect/Merchant/Edit/3515,35EDM-LAWNS-TXWEB-W
VANJ1346,Done,1,250826-041048_VANJ1346_after.png,Yes,Yes,Yes,NA,NA,NA,http://p5zlgintc01:16020/PayDirect/Merchant/Edit/3516,35EDM-LCONT-ARVIT-W
PANJ1346,UNCH,1,250826-041053_PANJ1346_after.png,Yes,Yes,Yes,NA,NA,NA,http://p5zlgintc01:16020/PayDirect/Merchant/Edit/3517,35EDM-LCONT-ARWEB-W
VAALCALE,Done,1,250826-041058_VAALCALE_after.png,Yes,Yes,Yes,NA,NA,NA,http://p5zlgintc01:16020/PayDirect/Merchant/Edit/3518,35EDM-CALER-ARVRT-W
VMALCALE,Done,1,250826-041103_VMALCALE_after.png,Yes,Yes,Yes,NA,NA,NA,http://p5zlgintc01:16020/PayDirect/Merchant/Edit/3519,35EDM-CALER-MISVT-W
PTNJ1423,UNCH,1,250826-041108_PTNJ1423_after.png,Yes,Yes,Yes,NA,NA,NA,http://p5zlgintc01:16020/PayDirect/Merchant/Edit/3520,35EDM-MORPB-TAXWB-W
PASCLORI,UNCH,1,250826-041113_PASCLORI_after.png,Yes,Yes,Yes,NA,NA,NA,http://p5zlgintc01:16020/PayDirect/Merchant/Edit/3522,35EDM-LORIS-ARWEB-W
PGSCLORI,UNCH,1,250826-041119_PGSCLORI_after.png,Yes,Yes,Yes,NA,NA,NA,http://p5zlgintc01:16020/PayDirect/Merchant/Edit/3523,35EDM-LORIS-GARBG-W
PUSCLORI,UNCH,1,250826-041123_PUSCLORI_after.png,Yes,Yes,Yes,NA,NA,NA,http://p5zlgintc01:16020/PayDirect/Merchant/Edit/3525,35EDM-LORIS-WASEW-W
VASCLORI,Done,1,250826-041128_VASCLORI_after.png,Yes,Yes,Yes,NA,NA,NA,http://p5zlgintc01:16020/PayDirect/Merchant/Edit/3526,35EDM-LORIS-ARVRT-W
VGSCLORI,Done,1,250826-041133_VGSCLORI_after.png,Yes,Yes,Yes,NA,NA,NA,http://p5zlgintc01:16020/PayDirect/Merchant/Edit/3527,35EDM-LORIS-GARVT-W
VMSCLORI,Done,1,250826-041138_VMSCLORI_after.png,Yes,Yes,Yes,NA,NA,NA,http://p5zlgintc01:16020/PayDirect/Merchant/Edit/3528,35EDM-LORIS-MISVT-W
VUSCLORI,Done,1,250826-041143_VUSCLORI_after.png,Yes,Yes,Yes,NA,NA,NA,http://p5zlgintc01:16020/PayDirect/Merchant/Edit/3529,35EDM-LORIS-WASVT-W
PANCANSN,UNCH,1,250826-041147_PANCANSN_after.png,Yes,Yes,Yes,NA,NA,NA,http://p5zlgintc01:16020/PayDirect/Merchant/Edit/3530,35EDM-ANSON-ARWBP-W
PUNCANSN,UNCH,1,250826-041152_PUNCANSN_after.png,Yes,Yes,Yes,NA,NA,NA,http://p5zlgintc01:16020/PayDirect/Merchant/Edit/3531,35EDM-ANSON-NTWBP-W
VMNCANSN,Done,1,250826-041157_VMNCANSN_after.png,Yes,Yes,Yes,NA,NA,NA,http://p5zlgintc01:16020/PayDirect/Merchant/Edit/3532,35EDM-ANSON-MSVTP-W
VANCANSN,Done,1,250826-041202_VANCANSN_after.png,Yes,Yes,Yes,NA,NA,NA,http://p5zlgintc01:16020/PayDirect/Merchant/Edit/3533,35EDM-ANSON-ARVRT-W
VUNCANSN,Done,1,250826-041206_VUNCANSN_after.png,Yes,Yes,Yes,NA,NA,NA,http://p5zlgintc01:16020/PayDirect/Merchant/Edit/3534,35EDM-ANSON-NTVTP-W
PTNJ1016,UNCH,1,250826-041211_PTNJ1016_after.png,Yes,Yes,Yes,NA,NA,NA,http://p5zlgintc01:16020/PayDirect/Merchant/Edit/3535,35EDM-KINGW-TAXWB-W
VANCWEND,Done,1,250826-041216_VANCWEND_after.png,Yes,Yes,Yes,NA,NA,NA,http://p5zlgintc01:16020/PayDirect/Merchant/Edit/3536,35EDM-WENDE-ARVIT-W
PANCWEND,UNCH,1,250826-041220_PANCWEND_after.png,Yes,Yes,Yes,NA,NA,NA,http://p5zlgintc01:16020/PayDirect/Merchant/Edit/3537,35EDM-WENDE-ARWEB-W
PUNYWTRV,UNCH,1,250826-041225_PUNYWTRV_after.png,Yes,Yes,Yes,NA,NA,NA,http://p5zlgintc01:16020/PayDirect/Merchant/Edit/3541,35EDM-WATVI-NTXWB-W
PTNYWTRV,UNCH,1,250826-041230_PTNYWTRV_after.png,Yes,Yes,Yes,NA,NA,NA,http://p5zlgintc01:16020/PayDirect/Merchant/Edit/3542,35EDM-WATVI-TAXWB-W
PUNYROWD,UNCH,1,250826-041235_PUNYROWD_after.png,Yes,Yes,Yes,NA,NA,NA,http://p5zlgintc01:16020/PayDirect/Merchant/Edit/3543,35EDM-RWADI-NTWEB-W
PCFLLABL,UNCH,1,250826-041239_PCFLLABL_after.png,Yes,Yes,Yes,NA,NA,NA,http://p5zlgintc01:16020/PayDirect/Merchant/Edit/3544,35EDM-LABEL-VARWB-W
PUNJ1434,UNCH,1,250826-041244_PUNJ1434_after.png,Yes,Yes,Yes,NA,NA,NA,http://p5zlgintc01:16020/PayDirect/Merchant/Edit/3545,35EDM-ROAWY-NOWEB-W
PTNJ1434,UNCH,1,250826-041249_PTNJ1434_after.png,Yes,Yes,Yes,NA,NA,NA,http://p5zlgintc01:16020/PayDirect/Merchant/Edit/3546,35EDM-ROAWY-TXWEB-W
PTPARIDL,UNCH,1,250826-041254_PTPARIDL_after.png,Yes,Yes,Yes,NA,NA,NA,http://p5zlgintc01:16020/PayDirect/Merchant/Edit/3547,35EDM-RIDLY-TXWBP-W
PCPARIDL,UNCH,1,250826-041259_PCPARIDL_after.png,Yes,Yes,Yes,NA,NA,NA,http://p5zlgintc01:16020/PayDirect/Merchant/Edit/3549,35EDM-RIDLY-VRWBP-W
VTPARIDL,Done,1,250826-041304_VTPARIDL_after.png,Yes,Yes,Yes,NA,NA,NA,http://p5zlgintc01:16020/PayDirect/Merchant/Edit/3550,35EDM-RIDLY-TXVTP-W
VMPARIDL,Done,1,250826-041308_VMPARIDL_after.png,Yes,Yes,Yes,NA,NA,NA,http://p5zlgintc01:16020/PayDirect/Merchant/Edit/3551,35EDM-RIDLY-MSVTP-W
PTNJ1305,UNCH,1,250826-041313_PTNJ1305_after.png,Yes,Yes,Yes,NA,NA,NA,http://p5zlgintc01:16020/PayDirect/Merchant/Edit/3553,35EDM-ATHIB-PTNJ1-W
PUNJ1305,UNCH,1,250826-041318_PUNJ1305_after.png,Yes,Yes,Yes,NA,NA,NA,http://p5zlgintc01:16020/PayDirect/Merchant/Edit/3554,35EDM-ATHIB-PUNJ1-W
VMNJ1305,Done,1,250826-041323_VMNJ1305_after.png,Yes,Yes,Yes,NA,NA,NA,http://p5zlgintc01:16020/PayDirect/Merchant/Edit/3555,35EDM-ATHIB-VMNJ1-W
VTNJ1305,Done,1,250826-041328_VTNJ1305_after.png,Yes,Yes,Yes,NA,NA,NA,http://p5zlgintc01:16020/PayDirect/Merchant/Edit/3556,35EDM-ATHIB-VTNJ1-W
VUNJ1305,Done,1,250826-041333_VUNJ1305_after.png,Yes,Yes,Yes,NA,NA,NA,http://p5zlgintc01:16020/PayDirect/Merchant/Edit/3557,35EDM-ATHIB-VUNJ1-W
PUNYLERA,UNCH,1,250826-041337_PUNYLERA_after.png,Yes,Yes,Yes,NA,NA,NA,http://p5zlgintc01:16020/PayDirect/Merchant/Edit/3558,35EDM-LERNY-NTXWP-W
VAMDDORC,Done,1,250826-041342_VAMDDORC_after.png,Yes,Yes,Yes,NA,NA,NA,http://p5zlgintc01:16020/PayDirect/Merchant/Edit/3561,35EDM-DORCH-ARVTP-W
VMMDDORC,Done,1,250826-041347_VMMDDORC_after.png,Yes,Yes,Yes,NA,NA,NA,http://p5zlgintc01:16020/PayDirect/Merchant/Edit/3562,35EDM-DORCH-MSVTP-W
VTMDDORC,Done,1,250826-041352_VTMDDORC_after.png,Yes,Yes,Yes,NA,NA,NA,http://p5zlgintc01:16020/PayDirect/Merchant/Edit/3563,35EDM-DORCH-TXWBP-W
PUNCGRAM,UNCH,1,250826-041357_PUNCGRAM_after.png,Yes,Yes,Yes,NA,NA,NA,http://p5zlgintc01:16020/PayDirect/Merchant/Edit/3568,35EDM-GRACI-NTWEB-W
PUNCLASA,UNCH,1,250826-041402_PUNCLASA_after.png,Yes,Yes,Yes,NA,NA,NA,http://p5zlgintc01:16020/PayDirect/Merchant/Edit/3569,35EDM-TLSAN-NTXWB-W
PAGAMADI,UNCH,1,250826-041407_PAGAMADI_after.png,Yes,Yes,Yes,NA,NA,NA,http://p5zlgintc01:16020/PayDirect/Merchant/Edit/3570,35EDM-MCBCO-ARWEB-W
PCGAMADI,UNCH,1,250826-041412_PCGAMADI_after.png,Yes,Yes,Yes,NA,NA,NA,http://p5zlgintc01:16020/PayDirect/Merchant/Edit/3571,35EDM-MCBCO-VARWB-W
VMGAMCIN,Done,1,250826-041416_VMGAMCIN_after.png,Yes,Yes,Yes,NA,NA,NA,http://p5zlgintc01:16020/PayDirect/Merchant/Edit/3572,35EDM-MCITS-MISVT-W
VUGAMCIN,Done,1,250826-041421_VUGAMCIN_after.png,Yes,Yes,Yes,NA,NA,NA,http://p5zlgintc01:16020/PayDirect/Merchant/Edit/3573,35EDM-MCITS-NTVIT-W
VAKYSHEP,Done,1,250826-041426_VAKYSHEP_after.png,Yes,Yes,Yes,NA,NA,NA,http://p5zlgintc01:16020/PayDirect/Merchant/Edit/3574,35EDM-SHPHR-VAKY1-W
PAKYSHEP,UNCH,1,250826-041431_PAKYSHEP_after.png,Yes,Yes,Yes,NA,NA,NA,http://p5zlgintc01:16020/PayDirect/Merchant/Edit/3575,35EDM-SHPHR-PAKY1-W
PANJ0610,UNCH,1,250826-042432_PANJ0610_after.png,Yes,Yes,Yes,NA,NA,NA,http://p5zlgintc01:16020/PayDirect/Merchant/Edit/3576,35EDM-MVLNT-PANJ1-W
VAFLLABL,Done,1,250826-042436_VAFLLABL_after.png,Yes,Yes,Yes,NA,NA,NA,http://p5zlgintc01:16020/PayDirect/Merchant/Edit/3577,35EDM-LABEL-VAFL1-W
PAFLLABL,UNCH,1,250826-042441_PAFLLABL_after.png,Yes,Yes,Yes,NA,NA,NA,http://p5zlgintc01:16020/PayDirect/Merchant/Edit/3578,35EDM-LABEL-PAFL1-W
PUPASTCS,UNCH,1,250826-042446_PUPASTCS_after.png,Yes,Yes,Yes,NA,NA,NA,http://p5zlgintc01:16020/PayDirect/Merchant/Edit/3579,35EDM-STCLR-NTXWP-W
PUWVSTAR,UNCH,1,250826-042451_PUWVSTAR_after.png,Yes,Yes,Yes,NA,NA,NA,http://p5zlgintc01:16020/PayDirect/Merchant/Edit/3580,35EDM-STARC-PUWV1-W
PCWVSTAR,UNCH,1,250826-042455_PCWVSTAR_after.png,Yes,Yes,Yes,NA,NA,NA,http://p5zlgintc01:16020/PayDirect/Merchant/Edit/3581,35EDM-STARC-PCWV1-W
VMWVSTAR,Done,1,250826-042500_VMWVSTAR_after.png,Yes,Yes,Yes,NA,NA,NA,http://p5zlgintc01:16020/PayDirect/Merchant/Edit/3582,35EDM-STARC-VMWV1-W
VUWVSTAR,Done,1,250826-042505_VUWVSTAR_after.png,Yes,Yes,Yes,NA,NA,NA,http://p5zlgintc01:16020/PayDirect/Merchant/Edit/3583,35EDM-STARC-VUWV1-W
PAVACARR,UNCH,1,250826-042510_PAVACARR_after.png,Yes,Yes,Yes,NA,NA,NA,http://p5zlgintc01:16020/PayDirect/Merchant/Edit/3584,35EDM-CARCO-PAVA1-W
PUVACCPS,UNCH,1,250826-042515_PUVACCPS_after.png,Yes,Yes,Yes,NA,NA,NA,http://p5zlgintc01:16020/PayDirect/Merchant/Edit/3585,35EDM-CARCO-PUVA1-W
PTVACARR,UNCH,1,250826-042520_PTVACARR_after.png,Yes,Yes,Yes,NA,NA,NA,http://p5zlgintc01:16020/PayDirect/Merchant/Edit/3586,35EDM-CARCO-PTVA1-W
VUVACCPS,Done,1,250826-042525_VUVACCPS_after.png,Yes,Yes,Yes,NA,NA,NA,http://p5zlgintc01:16020/PayDirect/Merchant/Edit/3587,35EDM-CARCO-VUVA1-W
VTVACARR,Done,1,250826-042530_VTVACARR_after.png,Yes,Yes,Yes,NA,NA,NA,http://p5zlgintc01:16020/PayDirect/Merchant/Edit/3588,35EDM-CARCO-VTVA1-W
VAVACARR,Done,1,250826-042534_VAVACARR_after.png,Yes,Yes,Yes,NA,NA,NA,http://p5zlgintc01:16020/PayDirect/Merchant/Edit/3589,35EDM-CARCO-VAVA1-W
VMVACCPS,Done,1,250826-042539_VMVACCPS_after.png,Yes,Yes,Yes,NA,NA,NA,http://p5zlgintc01:16020/PayDirect/Merchant/Edit/3590,35EDM-CARCO-VMVA1-W
PASCCAYC,UNCH,1,250826-042544_PASCCAYC_after.png,Yes,Yes,Yes,NA,NA,NA,http://p5zlgintc01:16020/PayDirect/Merchant/Edit/3591,35EDM-CAYCE-ARWBP-W
PTNJ0211,UNCH,1,250826-042549_PTNJ0211_after.png,Yes,Yes,Yes,NA,NA,NA,http://p5zlgintc01:16020/PayDirect/Merchant/Edit/3593,35EDM-ELMPK-PTNJ1-W
PCPACAVB,UNCH,1,250826-042554_PCPACAVB_after.png,Yes,Yes,Yes,NA,NA,NA,http://p5zlgintc01:16020/PayDirect/Merchant/Edit/3594,35EDM-CARVA-PCPA1-W
PUPACAVB,UNCH,1,250826-042559_PUPACAVB_after.png,Yes,Yes,Yes,NA,NA,NA,http://p5zlgintc01:16020/PayDirect/Merchant/Edit/3595,35EDM-CARVA-PUPA1-W
VMNYBRNV,Done,1,250826-042604_VMNYBRNV_after.png,Yes,Yes,Yes,NA,NA,NA,http://p5zlgintc01:16020/PayDirect/Merchant/Edit/3598,35EDM-BRONY-MISVT-W
VUNYBRNV,Done,1,250826-042608_VUNYBRNV_after.png,Yes,Yes,Yes,NA,NA,NA,http://p5zlgintc01:16020/PayDirect/Merchant/Edit/3599,35EDM-BRONY-NTXVT-W
PUNYBRNV,UNCH,1,250826-042613_PUNYBRNV_after.png,Yes,Yes,Yes,NA,NA,NA,http://p5zlgintc01:16020/PayDirect/Merchant/Edit/3600,35EDM-BRONY-NTXWB-W
VMNYTUPP,Done,1,250826-042618_VMNYTUPP_after.png,Yes,Yes,Yes,NA,NA,NA,http://p5zlgintc01:16020/PayDirect/Merchant/Edit/3601,35EDM-TUPLK-MISVT-W
VUNYTUPP,Done,1,250826-042623_VUNYTUPP_after.png,Yes,Yes,Yes,NA,NA,NA,http://p5zlgintc01:16020/PayDirect/Merchant/Edit/3602,35EDM-TUPLK-NTXVT-W
PUNYTUPP,UNCH,1,250826-042627_PUNYTUPP_after.png,Yes,Yes,Yes,NA,NA,NA,http://p5zlgintc01:16020/PayDirect/Merchant/Edit/3603,35EDM-TUPLK-NTXWB-W
VANCGRAM,Done,1,250826-042632_VANCGRAM_after.png,Yes,Yes,Yes,NA,NA,NA,http://p5zlgintc01:16020/PayDirect/Merchant/Edit/3606,35EDM-GRACI-VANC1-W
VTNCGRAM,Done,1,250826-042637_VTNCGRAM_after.png,Yes,Yes,Yes,NA,NA,NA,http://p5zlgintc01:16020/PayDirect/Merchant/Edit/3607,35EDM-GRACI-VTNC1-W
VUNCGRAM,Done,1,250826-042642_VUNCGRAM_after.png,Yes,Yes,Yes,NA,NA,NA,http://p5zlgintc01:16020/PayDirect/Merchant/Edit/3608,35EDM-GRACI-VUNC1-W
VMNCGRAM,Done,1,250826-042647_VMNCGRAM_after.png,Yes,Yes,Yes,NA,NA,NA,http://p5zlgintc01:16020/PayDirect/Merchant/Edit/3609,35EDM-GRACI-VMNC1-W
VTDEWYMT,Done,1,250826-042652_VTDEWYMT_after.png,Yes,Yes,Yes,NA,NA,NA,http://p5zlgintc01:16020/PayDirect/Merchant/Edit/3610,35EDM-WYOTW-TVTPR-W
VMDEWYMT,Done,1,250826-042656_VMDEWYMT_after.png,Yes,Yes,Yes,NA,NA,NA,http://p5zlgintc01:16020/PayDirect/Merchant/Edit/3611,35EDM-WYOTW-MSVTP-W
PCNJ0819,UNCH,1,250826-042701_PCNJ0819_after.png,Yes,Yes,Yes,NA,NA,NA,http://p5zlgintc01:16020/PayDirect/Merchant/Edit/3613,35EDM-BWENO-VARWP-W
PTNJ0232,UNCH,1,250826-042706_PTNJ0232_after.png,Yes,Yes,Yes,NA,NA,NA,http://p5zlgintc01:16020/PayDirect/Merchant/Edit/3614,35EDM-LYNDH-TXWEB-W
PUNJ0232,UNCH,1,250826-042711_PUNJ0232_after.png,Yes,Yes,Yes,NA,NA,NA,http://p5zlgintc01:16020/PayDirect/Merchant/Edit/3615,35EDM-LYNDH-NTWEB-W
PUGAWHIG,UNCH,1,250826-042715_PUGAWHIG_after.png,Yes,Yes,Yes,NA,NA,NA,http://p5zlgintc01:16020/PayDirect/Merchant/Edit/3616,35EDM-WHIGH-NTWEB-W
PTNYSIDN,UNCH,1,250826-042720_PTNYSIDN_after.png,Yes,Yes,Yes,NA,NA,NA,http://p5zlgintc01:16020/PayDirect/Merchant/Edit/3617,35EDM-SIDNE-TXWEB-W
PUNYSIDN,UNCH,1,250826-042725_PUNYSIDN_after.png,Yes,Yes,Yes,NA,NA,NA,http://p5zlgintc01:16020/PayDirect/Merchant/Edit/3618,35EDM-SIDNE-NTWEB-W
PUNJ1349,UNCH,1,250826-042730_PUNJ1349_after.png,Yes,Yes,Yes,NA,NA,NA,http://p5zlgintc01:16020/PayDirect/Merchant/Edit/3619,35EDM-TINTO-NTWEB-W
PTNJ1349,UNCH,1,250826-042734_PTNJ1349_after.png,Yes,Yes,Yes,NA,NA,NA,http://p5zlgintc01:16020/PayDirect/Merchant/Edit/3620,35EDM-TINTO-TXWEB-W
VAGAMCIN,Done,1,250826-042740_VAGAMCIN_after.png,Yes,Yes,Yes,NA,NA,NA,http://p5zlgintc01:16020/PayDirect/Merchant/Edit/3621,35EDM-MCITS-ARVIT-W
PAVAPUTN,UNCH,1,250826-042745_PAVAPUTN_after.png,Yes,Yes,Yes,NA,NA,NA,http://p5zlgintc01:16020/PayDirect/Merchant/Edit/3622,35EDM-PULAS-ARWEB-W
PCNCOAKI,UNCH,1,250826-042749_PCNCOAKI_after.png,Yes,Yes,Yes,NA,NA,NA,http://p5zlgintc01:16020/PayDirect/Merchant/Edit/3626,35EDM-OAKIS-VRWEB-W
PTNCOAKI,UNCH,1,250826-042754_PTNCOAKI_after.png,Yes,Yes,Yes,NA,NA,NA,http://p5zlgintc01:16020/PayDirect/Merchant/Edit/3627,35EDM-OAKIS-TXWEB-W
PUNCOAKI,UNCH,1,250826-042759_PUNCOAKI_after.png,Yes,Yes,Yes,NA,NA,NA,http://p5zlgintc01:16020/PayDirect/Merchant/Edit/3628,35EDM-OAKIS-NTWEB-W
PANCOAKI,UNCH,1,250826-042803_PANCOAKI_after.png,Yes,Yes,Yes,NA,NA,NA,http://p5zlgintc01:16020/PayDirect/Merchant/Edit/3629,35EDM-OAKIS-ARWEB-W
PANYPATC,UNCH,1,250826-042809_PANYPATC_after.png,Yes,Yes,Yes,NA,NA,NA,http://p5zlgintc01:16020/PayDirect/Merchant/Edit/3630,35EDM-PTNYP-ARWEB-W
VANYPATC,Done,1,250826-042814_VANYPATC_after.png,Yes,Yes,Yes,NA,NA,NA,http://p5zlgintc01:16020/PayDirect/Merchant/Edit/3631,35EDM-PTNYP-ARVIT-W
VMNJ1517,Done,1,250826-042818_VMNJ1517_after.png,Yes,Yes,Yes,NA,NA,NA,http://p5zlgintc01:16020/PayDirect/Merchant/Edit/3632,35EDM-LEHTT-MISVT-W
VTNJ1517,Done,1,250826-042823_VTNJ1517_after.png,Yes,Yes,Yes,NA,NA,NA,http://p5zlgintc01:16020/PayDirect/Merchant/Edit/3633,35EDM-LEHTT-TAXVT-W
PGNYMTSB,UNCH,1,250826-042828_PGNYMTSB_after.png,Yes,Yes,Yes,NA,NA,NA,http://p5zlgintc01:16020/PayDirect/Merchant/Edit/3636,35EDM-MARTI-GLNTW-W
PUNYMTSB,UNCH,1,250826-043712_PUNYMTSB_after.png,Yes,Yes,Yes,NA,NA,NA,http://p5zlgintc01:16020/PayDirect/Merchant/Edit/3637,35EDM-MARTI-NTWEB-W
PTNJ0503,UNCH,1,250826-043717_PTNJ0503_after.png,Yes,Yes,Yes,NA,NA,NA,http://p5zlgintc01:16020/PayDirect/Merchant/Edit/3639,35EDM-CAPMP-TXWEB-W
PUNJ0503,UNCH,1,250826-043722_PUNJ0503_after.png,Yes,Yes,Yes,NA,NA,NA,http://p5zlgintc01:16020/PayDirect/Merchant/Edit/3640,35EDM-CAPMP-NTWEB-W
VAVACLRK,Done,1,250826-043727_VAVACLRK_after.png,Yes,Yes,Yes,NA,NA,NA,http://p5zlgintc01:16020/PayDirect/Merchant/Edit/3641,35EDM-CLAVI-VAVA1-W
VTVACLRK,Done,1,250826-043731_VTVACLRK_after.png,Yes,Yes,Yes,NA,NA,NA,http://p5zlgintc01:16020/PayDirect/Merchant/Edit/3642,35EDM-CLAVI-VMVA1-W
VUVACLRK,Done,1,250826-043736_VUVACLRK_after.png,Yes,Yes,Yes,NA,NA,NA,http://p5zlgintc01:16020/PayDirect/Merchant/Edit/3643,35EDM-CLAVI-VTVA1-W
VMVACLRK,Done,1,250826-043741_VMVACLRK_after.png,Yes,Yes,Yes,NA,NA,NA,http://p5zlgintc01:16020/PayDirect/Merchant/Edit/3644,35EDM-CLAVI-VUVA1-W
PANJ1010,UNCH,1,250826-043746_PANJ1010_after.png,Yes,Yes,Yes,NA,NA,NA,http://p5zlgintc01:16020/PayDirect/Merchant/Edit/3645,35EDM-FRKTP-ARWPR-W
PUPARTMA,UNCH,1,250826-043751_PUPARTMA_after.png,Yes,Yes,Yes,NA,NA,NA,http://p5zlgintc01:16020/PayDirect/Merchant/Edit/3649,35EDM-RCHTW-NTWBP-W
PUNYPOET,UNCH,1,250826-043755_PUNYPOET_after.png,Yes,Yes,Yes,NA,NA,NA,http://p5zlgintc01:16020/PayDirect/Merchant/Edit/3655,35EDM-POEST-PUNY1-W
PANJ1532,UNCH,1,250826-043800_PANJ1532_after.png,Yes,Yes,Yes,NA,NA,NA,http://p5zlgintc01:16020/PayDirect/Merchant/Edit/3656,35EDM-SURCB-PANJ1-W
PTNJ1532,UNCH,1,250826-043805_PTNJ1532_after.png,Yes,Yes,Yes,NA,NA,NA,http://p5zlgintc01:16020/PayDirect/Merchant/Edit/3657,35EDM-SURCB-PTNJ1-W
PUNJ1532,UNCH,1,250826-043810_PUNJ1532_after.png,Yes,Yes,Yes,NA,NA,NA,http://p5zlgintc01:16020/PayDirect/Merchant/Edit/3658,35EDM-SURCB-PUNJ1-W
PAMDGBLT,UNCH,1,250826-043815_PAMDGBLT_after.png,Yes,Yes,Yes,NA,NA,NA,http://p5zlgintc01:16020/PayDirect/Merchant/Edit/3660,35EDM-GBELT-PAMD1-W
PTMDGBLT,UNCH,1,250826-043820_PTMDGBLT_after.png,Yes,Yes,Yes,NA,NA,NA,http://p5zlgintc01:16020/PayDirect/Merchant/Edit/3661,35EDM-GBELT-PTMD1-W
VAMDGBLT,Done,1,250826-043825_VAMDGBLT_after.png,Yes,Yes,Yes,NA,NA,NA,http://p5zlgintc01:16020/PayDirect/Merchant/Edit/3662,35EDM-GBELT-VAMD1-W
VMMDGBLT,Done,1,250826-043829_VMMDGBLT_after.png,Yes,Yes,Yes,NA,NA,NA,http://p5zlgintc01:16020/PayDirect/Merchant/Edit/3663,35EDM-GBELT-VMMD1-W
VTMDGBLT,Done,1,250826-043834_VTMDGBLT_after.png,Yes,Yes,Yes,NA,NA,NA,http://p5zlgintc01:16020/PayDirect/Merchant/Edit/3664,35EDM-GBELT-VTMD1-W
PCLADERI,UNCH,1,250826-043839_PCLADERI_after.png,Yes,Yes,Yes,NA,NA,NA,http://p5zlgintc01:16020/PayDirect/Merchant/Edit/3667,35EDM-DERCI-PCLA1-W
PTNJ1513,UNCH,1,250826-043844_PTNJ1513_after.png,Yes,Yes,Yes,NA,NA,NA,http://p5zlgintc01:16020/PayDirect/Merchant/Edit/3669,35EDM-LATWP-TXWBP-W
VMNJ1513,Done,1,250826-043851_VMNJ1513_after.png,Yes,Yes,Yes,NA,NA,NA,http://p5zlgintc01:16020/PayDirect/Merchant/Edit/3670,35EDM-LATWP-MSVTP-W
VTNJ1513,Done,1,250826-043855_VTNJ1513_after.png,Yes,Yes,Yes,NA,NA,NA,http://p5zlgintc01:16020/PayDirect/Merchant/Edit/3671,35EDM-LATWP-TXVTP-W
PUTXCSUD,UNCH,1,250826-043900_PUTXCSUD_after.png,Yes,Yes,Yes,NA,NA,NA,http://p5zlgintc01:16020/PayDirect/Merchant/Edit/3673,35EDM-CSUDI-NTXWP-W
PUSCKERS,UNCH,1,250826-043905_PUSCKERS_after.png,Yes,Yes,Yes,NA,NA,NA,http://p5zlgintc01:16020/PayDirect/Merchant/Edit/3674,35EDM-KERSH-PUSC1-W
PASCKERS,UNCH,1,250826-043910_PASCKERS_after.png,Yes,Yes,Yes,NA,NA,NA,http://p5zlgintc01:16020/PayDirect/Merchant/Edit/3675,35EDM-KERSH-PASC1-W
VUSCKERS,Done,1,250826-043915_VUSCKERS_after.png,Yes,Yes,Yes,NA,NA,NA,http://p5zlgintc01:16020/PayDirect/Merchant/Edit/3676,35EDM-KERSH-VUSC1-W
VASCKERS,Done,1,250826-043920_VASCKERS_after.png,Yes,Yes,Yes,NA,NA,NA,http://p5zlgintc01:16020/PayDirect/Merchant/Edit/3677,35EDM-KERSH-VASC1-W
VMSCKERS,Done,1,250826-043925_VMSCKERS_after.png,Yes,Yes,Yes,NA,NA,NA,http://p5zlgintc01:16020/PayDirect/Merchant/Edit/3678,35EDM-KERSH-VMSC1-W
PCLASTLP,UNCH,1,250826-043929_PCLASTLP_after.png,Yes,Yes,Yes,NA,NA,NA,http://p5zlgintc01:16020/PayDirect/Merchant/Edit/3684,35EDM-STLAN-PCLA1-W
PUFLWILL,UNCH,1,250826-043934_PUFLWILL_after.png,Yes,Yes,Yes,NA,NA,NA,http://p5zlgintc01:16020/PayDirect/Merchant/Edit/3685,35EDM-WILFL-NTXWP-W
PAFLWILL,UNCH,1,250826-043940_PAFLWILL_after.png,Yes,Yes,Yes,NA,NA,NA,http://p5zlgintc01:16020/PayDirect/Merchant/Edit/3686,35EDM-WILFL-ARWBP-W
PAGABROK,UNCH,1,250826-043944_PAGABROK_after.png,Yes,Yes,Yes,NA,NA,NA,http://p5zlgintc01:16020/PayDirect/Merchant/Edit/3688,35EDM-BRCOG-ARWPR-W
PCNJ0824,UNCH,1,250826-043949_PCNJ0824_after.png,Yes,Yes,Yes,NA,NA,NA,http://p5zlgintc01:16020/PayDirect/Merchant/Edit/3689,35EDM-WOOLW-VRWPR-W
PAFLIHBC,UNCH,1,250826-043954_PAFLIHBC_after.png,Yes,Yes,Yes,NA,NA,NA,http://p5zlgintc01:16020/PayDirect/Merchant/Edit/3690,35EDM-INHRB-ARWPR-W
PCFLIHBC,UNCH,1,250826-043959_PCFLIHBC_after.png,Yes,Yes,Yes,NA,NA,NA,http://p5zlgintc01:16020/PayDirect/Merchant/Edit/3691,35EDM-INHRB-VRWPR-W
PANJ0822,UNCH,1,250826-044004_PANJ0822_after.png,Yes,Yes,Yes,NA,NA,NA,http://p5zlgintc01:16020/PayDirect/Merchant/Edit/3693,35EDM-WBURY-PANJ1-W
PCNJ0822,UNCH,1,250826-044009_PCNJ0822_after.png,Yes,Yes,Yes,NA,NA,NA,http://p5zlgintc01:16020/PayDirect/Merchant/Edit/3694,35EDM-WBURY-PCNJ1-W
PDNJ0822,UNCH,1,250826-044014_PDNJ0822_after.png,Yes,Yes,Yes,NA,NA,NA,http://p5zlgintc01:16020/PayDirect/Merchant/Edit/3695,35EDM-WBURY-PDNJ1-W
PONJ0822,UNCH,1,250826-044019_PONJ0822_after.png,Yes,Yes,Yes,NA,NA,NA,http://p5zlgintc01:16020/PayDirect/Merchant/Edit/3696,35EDM-WBURY-PONJ1-W
VANJ0822,Done,1,250826-044024_VANJ0822_after.png,Yes,Yes,Yes,NA,NA,NA,http://p5zlgintc01:16020/PayDirect/Merchant/Edit/3697,35EDM-WBURY-VANJ1-W
VMNJ0822,Done,1,250826-044029_VMNJ0822_after.png,Yes,Yes,Yes,NA,NA,NA,http://p5zlgintc01:16020/PayDirect/Merchant/Edit/3698,35EDM-WBURY-VMNJ1-W
VDNJ0822,Done,1,250826-044033_VDNJ0822_after.png,Yes,Yes,Yes,NA,NA,NA,http://p5zlgintc01:16020/PayDirect/Merchant/Edit/3699,35EDM-WBURY-VDNJ1-W
VONJ0822,Done,1,250826-044038_VONJ0822_after.png,Yes,Yes,Yes,NA,NA,NA,http://p5zlgintc01:16020/PayDirect/Merchant/Edit/3700,35EDM-WBURY-VONJ1-W
VTNJ0822,Done,1,250826-044043_VTNJ0822_after.png,Yes,Yes,Yes,NA,NA,NA,http://p5zlgintc01:16020/PayDirect/Merchant/Edit/3701,35EDM-WBURY-VTNJ1-W
VUNJ0822,Done,1,250826-044048_VUNJ0822_after.png,Yes,Yes,Yes,NA,NA,NA,http://p5zlgintc01:16020/PayDirect/Merchant/Edit/3702,35EDM-WBURY-VUNJ1-W
PCFLLOXA,UNCH,1,250826-044053_PCFLLOXA_after.png,Yes,Yes,Yes,NA,NA,NA,http://p5zlgintc01:16020/PayDirect/Merchant/Edit/3703,35EDM-LOXAH-PCFL1-W
PTNJ0325,UNCH,1,250826-044058_PTNJ0325_after.png,Yes,Yes,Yes,NA,NA,NA,http://p5zlgintc01:16020/PayDirect/Merchant/Edit/3706,35EDM-NHTNJ-PTNJ1-W
PUNCWCWC,UNCH,1,250826-044103_PUNCWCWC_after.png,Yes,Yes,Yes,NA,NA,NA,http://p5zlgintc01:16020/PayDirect/Merchant/Edit/3707,35EDM-WCWNC-PUNC1-W
PCNJ1225,UNCH,1,250826-044108_PCNJ1225_after.png,Yes,Yes,Yes,NA,NA,NA,http://p5zlgintc01:16020/PayDirect/Merchant/Edit/3708,35EDM-WOODB-PCNJ1-W
VUNJ1407,Done,1,250826-044113_VUNJ1407_after.png,Yes,Yes,Yes,NA,NA,NA,http://p5zlgintc01:16020/PayDirect/Merchant/Edit/3709,35EDM-CHTWP-NTXVP-W
PUNJ1407,UNCH,1,250826-045122_PUNJ1407_after.png,Yes,Yes,Yes,NA,NA,NA,http://p5zlgintc01:16020/PayDirect/Merchant/Edit/3710,35EDM-CHTWP-NTXWP-W
PUGABWMN,UNCH,1,250826-045127_PUGABWMN_after.png,Yes,Yes,Yes,NA,NA,NA,http://p5zlgintc01:16020/PayDirect/Merchant/Edit/3712,35EDM-BOWMN-NTXWP-W
PUNJS132,UNCH,1,250826-045132_PUNJS132_after.png,Yes,Yes,Yes,NA,NA,NA,http://p5zlgintc01:16020/PayDirect/Merchant/Edit/3714,35EDM-BUBOR-NTXWP-W
PCNJ1532,UNCH,1,250826-045137_PCNJ1532_after.png,Yes,Yes,Yes,NA,NA,NA,http://p5zlgintc01:16020/PayDirect/Merchant/Edit/3715,35EDM-SURCB-VARWP-W
PCNJ0706,UNCH,1,250826-045142_PCNJ0706_after.png,Yes,Yes,Yes,NA,NA,NA,http://p5zlgintc01:16020/PayDirect/Merchant/Edit/3716,35EDM-BESSF-PCNJ1-W
PUPASWAT,UNCH,1,250826-045147_PUPASWAT_after.png,Yes,Yes,Yes,NA,NA,NA,http://p5zlgintc01:16020/PayDirect/Merchant/Edit/3717,35EDM-SWATA-NTWEB-W
PAGAMOUL,UNCH,1,250826-045152_PAGAMOUL_after.png,Yes,Yes,Yes,NA,NA,NA,http://p5zlgintc01:16020/PayDirect/Merchant/Edit/3718,35EDM-MOUGA-PAGA1-W
PCGAMOUL,UNCH,1,250826-045156_PCGAMOUL_after.png,Yes,Yes,Yes,NA,NA,NA,http://p5zlgintc01:16020/PayDirect/Merchant/Edit/3719,35EDM-MOUGA-PCGA1-W
VAGAMOUL,Done,1,250826-045201_VAGAMOUL_after.png,Yes,Yes,Yes,NA,NA,NA,http://p5zlgintc01:16020/PayDirect/Merchant/Edit/3720,35EDM-MOUGA-VAGA1-W
VMGAMOUL,Done,1,250826-045206_VMGAMOUL_after.png,Yes,Yes,Yes,NA,NA,NA,http://p5zlgintc01:16020/PayDirect/Merchant/Edit/3721,35EDM-MOUGA-VMGA1-W
PAPAJOHN,UNCH,1,250826-045211_PAPAJOHN_after.png,Yes,Yes,Yes,NA,NA,NA,http://p5zlgintc01:16020/PayDirect/Merchant/Edit/3723,35EDM-JOHNS-ARWEB-W
PUNJHAMA,UNCH,1,250826-045216_PUNJHAMA_after.png,Yes,Yes,Yes,NA,NA,NA,http://p5zlgintc01:16020/PayDirect/Merchant/Edit/3724,35EDM-HAMUA-PUNJ1-W
PUGAHART,UNCH,1,250826-045221_PUGAHART_after.png,Yes,Yes,Yes,NA,NA,NA,http://p5zlgintc01:16020/PayDirect/Merchant/Edit/3725,35EDM-HARTW-NTWEB-W
PTGAHART,UNCH,1,250826-045226_PTGAHART_after.png,Yes,Yes,Yes,NA,NA,NA,http://p5zlgintc01:16020/PayDirect/Merchant/Edit/3726,35EDM-HARTW-TXWEB-W
PAGAHART,UNCH,1,250826-045231_PAGAHART_after.png,Yes,Yes,Yes,NA,NA,NA,http://p5zlgintc01:16020/PayDirect/Merchant/Edit/3727,35EDM-HARTW-ARWEB-W
PUTXLCWS,UNCH,1,250826-045236_PUTXLCWS_after.png,Yes,Yes,Yes,NA,NA,NA,http://p5zlgintc01:16020/PayDirect/Merchant/Edit/3735,35EDM-LAMAR-NTWEB-W
VUTXLCWS,Done,1,250826-045241_VUTXLCWS_after.png,Yes,Yes,Yes,NA,NA,NA,http://p5zlgintc01:16020/PayDirect/Merchant/Edit/3736,35EDM-LAMAR-NTXVT-W
VMTXLCWS,Done,1,250826-045245_VMTXLCWS_after.png,Yes,Yes,Yes,NA,NA,NA,http://p5zlgintc01:16020/PayDirect/Merchant/Edit/3737,35EDM-LAMAR-MISVT-W
PANJ1005,UNCH,1,250826-045250_PANJ1005_after.png,Yes,Yes,Yes,NA,NA,NA,http://p5zlgintc01:16020/PayDirect/Merchant/Edit/3741,35EDM-TCLIN-PANJ1-W
PUTXCOTU,UNCH,1,250826-045255_PUTXCOTU_after.png,Yes,Yes,Yes,NA,NA,NA,http://p5zlgintc01:16020/PayDirect/Merchant/Edit/3742,35EDM-COTUL-PUTX1-W
VMTXCOTU,Done,1,250826-045300_VMTXCOTU_after.png,Yes,Yes,Yes,NA,NA,NA,http://p5zlgintc01:16020/PayDirect/Merchant/Edit/3743,35EDM-COTUL-VMTX1-W
VUTXCOTU,Done,1,250826-045305_VUTXCOTU_after.png,Yes,Yes,Yes,NA,NA,NA,http://p5zlgintc01:16020/PayDirect/Merchant/Edit/3744,35EDM-COTUL-VUTX1-W
PTNYFLOW,UNCH,1,250826-045310_PTNYFLOW_after.png,Yes,Yes,Yes,NA,NA,NA,http://p5zlgintc01:16020/PayDirect/Merchant/Edit/3750,35EDM-FLWHL-TXWBP-W
VOLAOAKD,Done,1,250826-045315_VOLAOAKD_after.png,Yes,Yes,Yes,NA,NA,NA,http://p5zlgintc01:16020/PayDirect/Merchant/Edit/3753,35EDM-OAKDL-MSORL-W
VPLAOAKD,Done,1,250826-045320_VPLAOAKD_after.png,Yes,Yes,Yes,NA,NA,NA,http://p5zlgintc01:16020/PayDirect/Merchant/Edit/3754,35EDM-OAKDL-MISPE-W
VDLAOAKD,Done,1,250826-045325_VDLAOAKD_after.png,Yes,Yes,Yes,NA,NA,NA,http://p5zlgintc01:16020/PayDirect/Merchant/Edit/3755,35EDM-OAKDL-MSMED-W
VBLAOAKD,Done,1,250826-045330_VBLAOAKD_after.png,Yes,Yes,Yes,NA,NA,NA,http://p5zlgintc01:16020/PayDirect/Merchant/Edit/3756,35EDM-OAKDL-MSBRE-W
VAGAHART,Done,1,250826-045335_VAGAHART_after.png,Yes,Yes,Yes,NA,NA,NA,http://p5zlgintc01:16020/PayDirect/Merchant/Edit/3757,35EDM-HARTW-ARVTP-W
VTGAHART,Done,1,250826-045339_VTGAHART_after.png,Yes,Yes,Yes,NA,NA,NA,http://p5zlgintc01:16020/PayDirect/Merchant/Edit/3758,35EDM-HARTW-TXVTP-W
VUGAHART,Done,1,250826-045344_VUGAHART_after.png,Yes,Yes,Yes,NA,NA,NA,http://p5zlgintc01:16020/PayDirect/Merchant/Edit/3759,35EDM-HARTW-NTVTP-W
VMGAHART,Done,1,250826-045349_VMGAHART_after.png,Yes,Yes,Yes,NA,NA,NA,http://p5zlgintc01:16020/PayDirect/Merchant/Edit/3760,35EDM-HARTW-MSVTP-W
VADE335,Done,1,250826-045355_VADE335_after.png,Yes,Yes,Yes,NA,NA,NA,http://p5zlgintc01:16020/PayDirect/Merchant/Edit/3761,35EDM-LEWES-VADE1-W
VTDE335,Done,1,250826-045400_VTDE335_after.png,Yes,Yes,Yes,NA,NA,NA,http://p5zlgintc01:16020/PayDirect/Merchant/Edit/3762,35EDM-LEWES-VTDE1-W
VMDE335,Done,1,250826-045404_VMDE335_after.png,Yes,Yes,Yes,NA,NA,NA,http://p5zlgintc01:16020/PayDirect/Merchant/Edit/3763,35EDM-LEWES-VMDE1-W
VTNYWTRV,Done,1,250826-045410_VTNYWTRV_after.png,Yes,Yes,Yes,NA,NA,NA,http://p5zlgintc01:16020/PayDirect/Merchant/Edit/3764,35EDM-WATVI-TXVTP-W
VUNYWTRV,Done,1,250826-045414_VUNYWTRV_after.png,Yes,Yes,Yes,NA,NA,NA,http://p5zlgintc01:16020/PayDirect/Merchant/Edit/3765,35EDM-WATVI-NTVTP-W
VMNYWTRV,Done,1,250826-045419_VMNYWTRV_after.png,Yes,Yes,Yes,NA,NA,NA,http://p5zlgintc01:16020/PayDirect/Merchant/Edit/3766,35EDM-WATVI-MSVTP-W
PUNJ0318,UNCH,1,250826-045424_PUNJ0318_after.png,Yes,Yes,Yes,NA,NA,NA,http://p5zlgintc01:16020/PayDirect/Merchant/Edit/3768,35EDM-MANSF-NTXWP-W
PCSCPTRT,UNCH,1,250826-045429_PCSCPTRT_after.png,Yes,Yes,Yes,NA,NA,NA,http://p5zlgintc01:16020/PayDirect/Merchant/Edit/3770,35EDM-PRTRO-ARWPR-W
PWNYBRNV,UNCH,1,250826-045433_PWNYBRNV_after.png,Yes,Yes,Yes,NA,NA,NA,http://p5zlgintc01:16020/PayDirect/Merchant/Edit/3771,35EDM-BRONY-NTW2P-W
VWNYBRNV,Done,1,250826-045438_VWNYBRNV_after.png,Yes,Yes,Yes,NA,NA,NA,http://p5zlgintc01:16020/PayDirect/Merchant/Edit/3772,35EDM-BRONY-NTWVP-W
PUFLETON,UNCH,1,250826-045443_PUFLETON_after.png,Yes,Yes,Yes,NA,NA,NA,http://p5zlgintc01:16020/PayDirect/Merchant/Edit/3773,35EDM-EATWN-NTXWP-W
VUFLEATT,Done,1,250826-045448_VUFLEATT_after.png,Yes,Yes,Yes,NA,NA,NA,http://p5zlgintc01:16020/PayDirect/Merchant/Edit/3774,35EDM-EATWN-NTXVP-W
VMFLEATT,Done,1,250826-045453_VMFLEATT_after.png,Yes,Yes,Yes,NA,NA,NA,http://p5zlgintc01:16020/PayDirect/Merchant/Edit/3775,35EDM-EATWN-MISVP-W
PTNJ1703,UNCH,1,250826-045458_PTNJ1703_after.png,Yes,Yes,Yes,NA,NA,NA,http://p5zlgintc01:16020/PayDirect/Merchant/Edit/3776,35EDM-ELMBO-TXWBP-W
PUNJ1703,UNCH,1,250826-045503_PUNJ1703_after.png,Yes,Yes,Yes,NA,NA,NA,http://p5zlgintc01:16020/PayDirect/Merchant/Edit/3777,35EDM-ELMBO-NTXWP-W
PTNYPNYN,UNCH,1,250826-045508_PTNYPNYN_after.png,Yes,Yes,Yes,NA,NA,NA,http://p5zlgintc01:16020/PayDirect/Merchant/Edit/3778,35EDM-PNYEN-TXWBP-W
PAGAMCIN,UNCH,1,250826-045512_PAGAMCIN_after.png,Yes,Yes,Yes,NA,NA,NA,http://p5zlgintc01:16020/PayDirect/Merchant/Edit/3779,35EDM-MCITS-PAGA1-W
VUPACAVB,Done,1,250826-045518_VUPACAVB_after.png,Yes,Yes,Yes,NA,NA,NA,http://p5zlgintc01:16020/PayDirect/Merchant/Edit/3780,35EDM-CARVA-NTXVT-W
PTNJ0339,UNCH,1,250826-045523_PTNJ0339_after.png,Yes,Yes,Yes,NA,NA,NA,http://p5zlgintc01:16020/PayDirect/Merchant/Edit/3781,35EDM-WDLND-PTNJ1-W
VTNJ0339,Done,1,250826-050538_VTNJ0339_after.png,Yes,Yes,Yes,NA,NA,NA,http://p5zlgintc01:16020/PayDirect/Merchant/Edit/3782,35EDM-WDLND-VTNJ1-W
VMNJ0339,Done,1,250826-050542_VMNJ0339_after.png,Yes,Yes,Yes,NA,NA,NA,http://p5zlgintc01:16020/PayDirect/Merchant/Edit/3783,35EDM-WDLND-VMNJ1-W
PALADSPP,UNCH,1,250826-050547_PALADSPP_after.png,Yes,Yes,Yes,NA,NA,NA,http://p5zlgintc01:16020/PayDirect/Merchant/Edit/3784,35EDM-DSOTO-PALA1-W
PCLADSPP,UNCH,1,250826-050552_PCLADSPP_after.png,Yes,Yes,Yes,NA,NA,NA,http://p5zlgintc01:16020/PayDirect/Merchant/Edit/3785,35EDM-DSOTO-PCLA1-W
VMPACAVB,Done,1,250826-050557_VMPACAVB_after.png,Yes,Yes,Yes,NA,NA,NA,http://p5zlgintc01:16020/PayDirect/Merchant/Edit/3786,35EDM-CARVA-MISVT-W
PTNJ1009,UNCH,1,250826-050602_PTNJ1009_after.png,Yes,Yes,Yes,NA,NA,NA,http://p5zlgintc01:16020/PayDirect/Merchant/Edit/3787,35EDM-FLEMI-TXWEB-W
VMNYWALD,Done,1,250826-050607_VMNYWALD_after.png,Yes,Yes,Yes,NA,NA,NA,http://p5zlgintc01:16020/PayDirect/Merchant/Edit/3788,35EDM-WLDNY-VMNY1-W
VUNYWALD,Done,1,250826-050612_VUNYWALD_after.png,Yes,Yes,Yes,NA,NA,NA,http://p5zlgintc01:16020/PayDirect/Merchant/Edit/3789,35EDM-WLDNY-VUNY1-W
PTNJ0414,UNCH,1,250826-050617_PTNJ0414_after.png,Yes,Yes,Yes,NA,NA,NA,http://p5zlgintc01:16020/PayDirect/Merchant/Edit/3790,35EDM-GLOCI-PTNJ1-W
PUNJ0414,UNCH,1,250826-050622_PUNJ0414_after.png,Yes,Yes,Yes,NA,NA,NA,http://p5zlgintc01:16020/PayDirect/Merchant/Edit/3791,35EDM-GLOCI-PUNJ1-W
PUNJ0260,UNCH,1,250826-050627_PUNJ0260_after.png,Yes,Yes,Yes,NA,NA,NA,http://p5zlgintc01:16020/PayDirect/Merchant/Edit/3792,35EDM-TEANE-PUNJ1-W
VMNYSIDN,Done,1,250826-050632_VMNYSIDN_after.png,Yes,Yes,Yes,NA,NA,NA,http://p5zlgintc01:16020/PayDirect/Merchant/Edit/3795,35EDM-SIDNE-VMNY1-W
VTNYSIDN,Done,1,250826-050637_VTNYSIDN_after.png,Yes,Yes,Yes,NA,NA,NA,http://p5zlgintc01:16020/PayDirect/Merchant/Edit/3796,35EDM-SIDNE-VTNY1-W
VUNYSIDN,Done,1,250826-050642_VUNYSIDN_after.png,Yes,Yes,Yes,NA,NA,NA,http://p5zlgintc01:16020/PayDirect/Merchant/Edit/3797,35EDM-SIDNE-VUNY1-W
VTNJ0713,Done,1,250826-050647_VTNJ0713_after.png,Yes,Yes,Yes,NA,NA,NA,http://p5zlgintc01:16020/PayDirect/Merchant/Edit/3799,35EDM-MNTCL-TAXVT-W
VUNJ0713,Done,1,250826-050651_VUNJ0713_after.png,Yes,Yes,Yes,NA,NA,NA,http://p5zlgintc01:16020/PayDirect/Merchant/Edit/3800,35EDM-MNTCL-NTWVT-W
VSNJ0713,Done,1,250826-050656_VSNJ0713_after.png,Yes,Yes,Yes,NA,NA,NA,http://p5zlgintc01:16020/PayDirect/Merchant/Edit/3801,35EDM-MNTCL-NTSVT-W
VPNJ0713,Done,1,250826-050701_VPNJ0713_after.png,Yes,Yes,Yes,NA,NA,NA,http://p5zlgintc01:16020/PayDirect/Merchant/Edit/3802,35EDM-MNTCL-NTPVT-W
VMNJ0713,Done,1,250826-050706_VMNJ0713_after.png,Yes,Yes,Yes,NA,NA,NA,http://p5zlgintc01:16020/PayDirect/Merchant/Edit/3803,35EDM-MNTCL-MISVT-W
PUSCBRWC,UNCH,1,250826-050711_PUSCBRWC_after.png,Yes,Yes,Yes,NA,NA,NA,http://p5zlgintc01:16020/PayDirect/Merchant/Edit/3804,35EDM-BLUER-PUSC1-W
PCNJ0327,UNCH,1,250826-050716_PCNJ0327_after.png,Yes,Yes,Yes,NA,NA,NA,http://p5zlgintc01:16020/PayDirect/Merchant/Edit/3805,35EDM-PATAX-VARWB-W
PAMDELKT,UNCH,1,250826-050721_PAMDELKT_after.png,Yes,Yes,Yes,NA,NA,NA,http://p5zlgintc01:16020/PayDirect/Merchant/Edit/3806,35EDM-ELKMD-PAMD1-W
PTMDELKT,UNCH,1,250826-050726_PTMDELKT_after.png,Yes,Yes,Yes,NA,NA,NA,http://p5zlgintc01:16020/PayDirect/Merchant/Edit/3807,35EDM-ELKMD-PTMD1-W
PUMDELKT,UNCH,1,250826-050731_PUMDELKT_after.png,Yes,Yes,Yes,NA,NA,NA,http://p5zlgintc01:16020/PayDirect/Merchant/Edit/3808,35EDM-ELKMD-PUMD1-W
VUPASWAT,Done,1,250826-050736_VUPASWAT_after.png,Yes,Yes,Yes,NA,NA,NA,http://p5zlgintc01:16020/PayDirect/Merchant/Edit/3810,35EDM-SWATA-NTXVT-W
VMPASWAT,Done,1,250826-050741_VMPASWAT_after.png,Yes,Yes,Yes,NA,NA,NA,http://p5zlgintc01:16020/PayDirect/Merchant/Edit/3811,35EDM-SWATA-MISVT-W
PTNJ1004,UNCH,1,250826-050746_PTNJ1004_after.png,Yes,Yes,Yes,NA,NA,NA,http://p5zlgintc01:16020/PayDirect/Merchant/Edit/3812,35EDM-CALIF-TXWBP-W
VMNJ0318,Done,1,250826-050751_VMNJ0318_after.png,Yes,Yes,Yes,NA,NA,NA,http://p5zlgintc01:16020/PayDirect/Merchant/Edit/3813,35EDM-MANSF-MSVTP-W
PCNJ0318,UNCH,1,250826-050756_PCNJ0318_after.png,Yes,Yes,Yes,NA,NA,NA,http://p5zlgintc01:16020/PayDirect/Merchant/Edit/3814,35EDM-MANSF-VRWBP-W
PUNCLONG,UNCH,1,250826-050801_PUNCLONG_after.png,Yes,Yes,Yes,NA,NA,NA,http://p5zlgintc01:16020/PayDirect/Merchant/Edit/3815,35EDM-LONGV-NTXWP-W
PUNYNSCT,UNCH,1,250826-050805_PUNYNSCT_after.png,Yes,Yes,Yes,NA,NA,NA,http://p5zlgintc01:16020/PayDirect/Merchant/Edit/3817,35EDM-NEWST-NTXWP-W
PAFLARCC,UNCH,1,250826-050811_PAFLARCC_after.png,Yes,Yes,Yes,NA,NA,NA,http://p5zlgintc01:16020/PayDirect/Merchant/Edit/3818,35EDM-ARCFL-ARWBP-W
PUFLARCC,UNCH,1,250826-050816_PUFLARCC_after.png,Yes,Yes,Yes,NA,NA,NA,http://p5zlgintc01:16020/PayDirect/Merchant/Edit/3819,35EDM-ARCFL-NTXWP-W
VAFLARCC,Done,1,250826-050820_VAFLARCC_after.png,Yes,Yes,Yes,NA,NA,NA,http://p5zlgintc01:16020/PayDirect/Merchant/Edit/3820,35EDM-ARCFL-ARVTP-W
VUFLARCC,Done,1,250826-050825_VUFLARCC_after.png,Yes,Yes,Yes,NA,NA,NA,http://p5zlgintc01:16020/PayDirect/Merchant/Edit/3821,35EDM-ARCFL-NTXVP-W
VMFLARCC,Done,1,250826-050830_VMFLARCC_after.png,Yes,Yes,Yes,NA,NA,NA,http://p5zlgintc01:16020/PayDirect/Merchant/Edit/3822,35EDM-ARCFL-MSCVP-W
PAFLGBOC,UNCH,1,250826-050835_PAFLGBOC_after.png,Yes,Yes,Yes,NA,NA,NA,http://p5zlgintc01:16020/PayDirect/Merchant/Edit/3823,35EDM-GILFL-ARWBP-W
VAFLGCCC,Done,1,250826-050840_VAFLGCCC_after.png,Yes,Yes,Yes,NA,NA,NA,http://p5zlgintc01:16020/PayDirect/Merchant/Edit/3824,35EDM-GILFL-ARVTP-W
VMFLGCCC,Done,1,250826-050845_VMFLGCCC_after.png,Yes,Yes,Yes,NA,NA,NA,http://p5zlgintc01:16020/PayDirect/Merchant/Edit/3825,35EDM-GILFL-MSCVP-W
PUNYMTMT,UNCH,1,250826-050850_PUNYMTMT_after.png,Yes,Yes,Yes,NA,NA,NA,http://p5zlgintc01:16020/PayDirect/Merchant/Edit/3826,35EDM-MOMOR-TAXWB-W
VTNJ0811,Done,1,250826-050855_VTNJ0811_after.png,Yes,Yes,Yes,NA,NA,NA,http://p5zlgintc01:16020/PayDirect/Merchant/Edit/3827,35EDM-MNRGL-VTNJ1-W
VMNJ0811,Done,1,250826-050859_VMNJ0811_after.png,Yes,Yes,Yes,NA,NA,NA,http://p5zlgintc01:16020/PayDirect/Merchant/Edit/3828,35EDM-MNRGL-VMNJ1-W
VANJ1216,Done,1,250826-050904_VANJ1216_after.png,Yes,Yes,Yes,NA,NA,NA,http://p5zlgintc01:16020/PayDirect/Merchant/Edit/3829,35EDM-PERTH-VANJ1-W
VMNJ1216,Done,1,250826-050909_VMNJ1216_after.png,Yes,Yes,Yes,NA,NA,NA,http://p5zlgintc01:16020/PayDirect/Merchant/Edit/3830,35EDM-PERTH-VMNJ1-W
VUNJ1216,Done,1,250826-050914_VUNJ1216_after.png,Yes,Yes,Yes,NA,NA,NA,http://p5zlgintc01:16020/PayDirect/Merchant/Edit/3831,35EDM-PERTH-VUNJ1-W
VTNJ1216,Done,1,250826-050919_VTNJ1216_after.png,Yes,Yes,Yes,NA,NA,NA,http://p5zlgintc01:16020/PayDirect/Merchant/Edit/3832,35EDM-PERTH-VTNJ1-W
PUNYBWNV,UNCH,1,250826-050924_PUNYBWNV_after.png,Yes,Yes,Yes,NA,NA,NA,http://p5zlgintc01:16020/PayDirect/Merchant/Edit/3837,35EDM-BRWNV-PUNY1-W
PTNJ1920,UNCH,1,250826-050929_PTNJ1920_after.png,Yes,Yes,Yes,NA,NA,NA,http://p5zlgintc01:16020/PayDirect/Merchant/Edit/3843,35EDM-STLLW-TXWBP-W
VUGABWMN,Done,1,250826-050935_VUGABWMN_after.png,Yes,Yes,Yes,NA,NA,NA,http://p5zlgintc01:16020/PayDirect/Merchant/Edit/3844,35EDM-BOWMN-NTXVP-W
VMGABWMN,Done,1,250826-050940_VMGABWMN_after.png,Yes,Yes,Yes,NA,NA,NA,http://p5zlgintc01:16020/PayDirect/Merchant/Edit/3845,35EDM-BOWMN-MISVP-W
PUMDSTMT,UNCH,1,250826-052003_PUMDSTMT_after.png,Yes,Yes,Yes,NA,NA,NA,http://p5zlgintc01:16020/PayDirect/Merchant/Edit/3846,35EDM-COMST-NTWEB-W
PTDECAMD,UNCH,1,250826-052008_PTDECAMD_after.png,Yes,Yes,Yes,NA,NA,NA,http://p5zlgintc01:16020/PayDirect/Merchant/Edit/3847,35EDM-CAMTO-TAXWB-W
PUTXJWSU,UNCH,1,250826-052012_PUTXJWSU_after.png,Yes,Yes,Yes,NA,NA,NA,http://p5zlgintc01:16020/PayDirect/Merchant/Edit/3848,35EDM-JONAH-NTWEB-W
PTNJ0437,UNCH,1,250826-052017_PTNJ0437_after.png,Yes,Yes,Yes,NA,NA,NA,http://p5zlgintc01:16020/PayDirect/Merchant/Edit/3849,35EDM-WOODL-TXWBP-W
PCNJPINE,UNCH,1,250826-052022_PCNJPINE_after.png,Yes,Yes,Yes,NA,NA,NA,http://p5zlgintc01:16020/PayDirect/Merchant/Edit/3850,35EDM-PINEC-VRWBP-W
PULAMNUI,UNCH,1,250826-052027_PULAMNUI_after.png,Yes,Yes,Yes,NA,NA,NA,http://p5zlgintc01:16020/PayDirect/Merchant/Edit/3851,35EDM-CHENW-NTXWP-W
PTNYLKGV,UNCH,1,250826-052032_PTNYLKGV_after.png,Yes,Yes,Yes,NA,NA,NA,http://p5zlgintc01:16020/PayDirect/Merchant/Edit/3852,35EDM-LAKEG-TXWBP-W
VTNYLKGV,Done,1,250826-052038_VTNYLKGV_after.png,Yes,Yes,Yes,NA,NA,NA,http://p5zlgintc01:16020/PayDirect/Merchant/Edit/3853,35EDM-LAKEG-TXVTP-W
VMNYLKGV,Done,1,250826-052042_VMNYLKGV_after.png,Yes,Yes,Yes,NA,NA,NA,http://p5zlgintc01:16020/PayDirect/Merchant/Edit/3854,35EDM-LAKEG-MSVTP-W
VAFLIHBC,Done,1,250826-052047_VAFLIHBC_after.png,Yes,Yes,Yes,NA,NA,NA,http://p5zlgintc01:16020/PayDirect/Merchant/Edit/3855,35EDM-INHRB-ARVTP-W
VMFLIHBC,Done,1,250826-052052_VMFLIHBC_after.png,Yes,Yes,Yes,NA,NA,NA,http://p5zlgintc01:16020/PayDirect/Merchant/Edit/3856,35EDM-INHRB-VRVTP-W
VAMDNETN,Done,1,250826-052057_VAMDNETN_after.png,Yes,Yes,Yes,NA,NA,NA,http://p5zlgintc01:16020/PayDirect/Merchant/Edit/3859,35EDM-NORET-VAMD1-W
PAMDNETN,UNCH,1,250826-052103_PAMDNETN_after.png,Yes,Yes,Yes,NA,NA,NA,http://p5zlgintc01:16020/PayDirect/Merchant/Edit/3860,35EDM-NORET-PAMD1-W
PTNJ1819,UNCH,1,250826-052108_PTNJ1819_after.png,Yes,Yes,Yes,NA,NA,NA,http://p5zlgintc01:16020/PayDirect/Merchant/Edit/3862,35EDM-SOUBO-TAXWB-W
PUNJ1819,UNCH,1,250826-052113_PUNJ1819_after.png,Yes,Yes,Yes,NA,NA,NA,http://p5zlgintc01:16020/PayDirect/Merchant/Edit/3863,35EDM-SOUBO-NTWEB-W
PUNJ1425,UNCH,1,250826-052118_PUNJ1425_after.png,Yes,Yes,Yes,NA,NA,NA,http://p5zlgintc01:16020/PayDirect/Merchant/Edit/3864,35EDM-MOLAK-NTWEB-W
PTNJ1425,UNCH,1,250826-052123_PTNJ1425_after.png,Yes,Yes,Yes,NA,NA,NA,http://p5zlgintc01:16020/PayDirect/Merchant/Edit/3865,35EDM-MOLAK-TAXWB-W
PULAAPWD,UNCH,1,250826-052128_PULAAPWD_after.png,Yes,Yes,Yes,NA,NA,NA,http://p5zlgintc01:16020/PayDirect/Merchant/Edit/3870,35EDM-APARI-NTXWP-W
Reuse,UNCH,1,Step1_ImportSites_20260825_051701.png,Error,Yes,Yes,NA,NA,NA,http://p5zlgintc01:16020/PayDirect/Merchant/Edit/3871,35EDM-W
PCNJ1344,UNCH,1,250826-052204_PCNJ1344_after.png,Yes,Yes,Yes,NA,NA,NA,http://p5zlgintc01:16020/PayDirect/Merchant/Edit/3874,35EDM-SHREW-PCNJ1-W
VMNJ1344,Done,1,250826-052209_VMNJ1344_after.png,Yes,Yes,Yes,NA,NA,NA,http://p5zlgintc01:16020/PayDirect/Merchant/Edit/3875,35EDM-SHREW-VMNJ1-W
PAVAWYTH,UNCH,1,250826-052213_PAVAWYTH_after.png,Yes,Yes,Yes,NA,NA,NA,http://p5zlgintc01:16020/PayDirect/Merchant/Edit/3876,35EDM-WYTVA-PAVA1-W
PTVAWYTH,UNCH,1,250826-052218_PTVAWYTH_after.png,Yes,Yes,Yes,NA,NA,NA,http://p5zlgintc01:16020/PayDirect/Merchant/Edit/3877,35EDM-WYTVA-PTVA1-W
PUVAWYTH,UNCH,1,250826-052223_PUVAWYTH_after.png,Yes,Yes,Yes,NA,NA,NA,http://p5zlgintc01:16020/PayDirect/Merchant/Edit/3878,35EDM-WYTVA-PUVA1-W
VMNYWKIL,Done,1,250826-052228_VMNYWKIL_after.png,Yes,Yes,Yes,NA,NA,NA,http://p5zlgintc01:16020/PayDirect/Merchant/Edit/3884,35EDM-WALLK-MISVT-W
VUNYWKIL,Done,1,250826-052233_VUNYWKIL_after.png,Yes,Yes,Yes,NA,NA,NA,http://p5zlgintc01:16020/PayDirect/Merchant/Edit/3885,35EDM-WALLK-NTXVT-W
PUNYWKIL,UNCH,1,250826-052238_PUNYWKIL_after.png,Yes,Yes,Yes,NA,NA,NA,http://p5zlgintc01:16020/PayDirect/Merchant/Edit/3886,35EDM-WALLK-TAXWB-W
PUNJEPSA,UNCH,1,250826-052245_PUNJEPSA_after.png,Yes,Yes,Yes,NA,NA,NA,http://p5zlgintc01:16020/PayDirect/Merchant/Edit/3887,35EDM-EDWSA-NTWEB-W
VTMDESTN,UNCH,1,250826-052250_VTMDESTN_after.png,Yes,Yes,Yes,NA,NA,NA,http://p5zlgintc01:16020/PayDirect/Merchant/Edit/3888,35EDM-EASTO-ARVIT-W
PAMDESTN,UNCH,1,250826-052255_PAMDESTN_after.png,Yes,Yes,Yes,NA,NA,NA,http://p5zlgintc01:16020/PayDirect/Merchant/Edit/3889,35EDM-EASTO-ARWEB-W
VMMDESTN,UNCH,1,250826-052300_VMMDESTN_after.png,Yes,Yes,Yes,NA,NA,NA,http://p5zlgintc01:16020/PayDirect/Merchant/Edit/3890,35EDM-EASTO-MISVT-W
VTMDEAST,UNCH,1,250826-052304_VTMDEAST_after.png,Yes,Yes,Yes,NA,NA,NA,http://p5zlgintc01:16020/PayDirect/Merchant/Edit/3891,35EDM-EASTO-TAXVT-W
PTMDESTN,UNCH,1,250826-052309_PTMDESTN_after.png,Yes,Yes,Yes,NA,NA,NA,http://p5zlgintc01:16020/PayDirect/Merchant/Edit/3892,35EDM-EASTO-TXWEB-W
VLNJ1219,UNCH,1,250826-052314_VLNJ1219_after.png,Yes,Yes,Yes,NA,NA,NA,http://p5zlgintc01:16020/PayDirect/Merchant/Edit/3894,35EDM-SAYNT-LIBVT-W
VTNJ0122,Done,1,250826-052319_VTNJ0122_after.png,Yes,Yes,Yes,NA,NA,NA,http://p5zlgintc01:16020/PayDirect/Merchant/Edit/3895,35EDM-VENTN-TXVTP-W
VUNJ0122,Done,1,250826-052324_VUNJ0122_after.png,Yes,Yes,Yes,NA,NA,NA,http://p5zlgintc01:16020/PayDirect/Merchant/Edit/3896,35EDM-VENTO-NTXVP-W
VMNJ0122,Done,1,250826-052329_VMNJ0122_after.png,Yes,Yes,Yes,NA,NA,NA,http://p5zlgintc01:16020/PayDirect/Merchant/Edit/3897,35EDM-VENTO-MSVTP-W
PCGALAVO,UNCH,1,250826-052333_PCGALAVO_after.png,Yes,Yes,Yes,NA,NA,NA,http://p5zlgintc01:16020/PayDirect/Merchant/Edit/3898,35EDM-LAVON-VRMSW-W
PDGALAVO,UNCH,1,250826-052338_PDGALAVO_after.png,Yes,Yes,Yes,NA,NA,NA,http://p5zlgintc01:16020/PayDirect/Merchant/Edit/3899,35EDM-LAVON-VRDAW-W
PPGALAVO,UNCH,1,250826-052344_PPGALAVO_after.png,Yes,Yes,Yes,NA,NA,NA,http://p5zlgintc01:16020/PayDirect/Merchant/Edit/3900,35EDM-LAVON-VRTRW-W
POGALAVO,UNCH,1,250826-052348_POGALAVO_after.png,Yes,Yes,Yes,NA,NA,NA,http://p5zlgintc01:16020/PayDirect/Merchant/Edit/3901,35EDM-LAVON-VRCMW-W
PANJ0310,UNCH,1,250826-052353_PANJ0310_after.png,Yes,Yes,Yes,NA,NA,NA,http://p5zlgintc01:16020/PayDirect/Merchant/Edit/3902,35EDM-DENTX-ARWBP-W
PUTNSGNL,UNCH,1,250826-052358_PUTNSGNL_after.png,Yes,Yes,Yes,NA,NA,NA,http://p5zlgintc01:16020/PayDirect/Merchant/Edit/3903,35EDM-SIGNA-NTWEB-W
PTTNSGNL,UNCH,1,250826-052404_PTTNSGNL_after.png,Yes,Yes,Yes,NA,NA,NA,http://p5zlgintc01:16020/PayDirect/Merchant/Edit/3904,35EDM-SIGNA-TXWEB-W
PCTNSGNL,UNCH,1,250826-052408_PCTNSGNL_after.png,Yes,Yes,Yes,NA,NA,NA,http://p5zlgintc01:16020/PayDirect/Merchant/Edit/3905,35EDM-SIGNA-VARWB-W
PCPANFTP,UNCH,1,250826-052414_PCPANFTP_after.png,Yes,Yes,Yes,NA,NA,NA,http://p5zlgintc01:16020/PayDirect/Merchant/Edit/3910,35EDM-NFAYE-VARWB-W
PAPANFTP,UNCH,1,250826-052419_PAPANFTP_after.png,Yes,Yes,Yes,NA,NA,NA,http://p5zlgintc01:16020/PayDirect/Merchant/Edit/3911,35EDM-NFAYE-ARWEB-W
VAFLMACL,Done,1,250826-052424_VAFLMACL_after.png,Yes,Yes,Yes,NA,NA,NA,http://p5zlgintc01:16020/PayDirect/Merchant/Edit/4015,35EDM-MACCL-ARVTP-W
PAFLMACL,UNCH,1,250826-052429_PAFLMACL_after.png,Yes,Yes,Yes,NA,NA,NA,http://p5zlgintc01:16020/PayDirect/Merchant/Edit/4016,35EDM-MACCL-ARWBP-W
PTNJ0240,UNCH,1,250826-052434_PTNJ0240_after.png,Yes,Yes,Yes,NA,NA,NA,http://p5zlgintc01:16020/PayDirect/Merchant/Edit/4020,35EDM-NORVA-TXWBP-W
PANCCOCO,UNCH,1,250826-053454_PANCCOCO_after.png,Yes,Yes,Yes,NA,NA,NA,http://p5zlgintc01:16020/PayDirect/Merchant/Edit/4021,35EDM-COLCO-ARWBP-W
PUNCCOCO,UNCH,1,250826-053500_PUNCCOCO_after.png,Yes,Yes,Yes,NA,NA,NA,http://p5zlgintc01:16020/PayDirect/Merchant/Edit/4022,35EDM-COLCO-NTXWP-W
PCNCCOCO,UNCH,1,250826-053505_PCNCCOCO_after.png,Yes,Yes,Yes,NA,NA,NA,http://p5zlgintc01:16020/PayDirect/Merchant/Edit/4023,35EDM-COLCO-VRWBP-W
VANCCOCO,Done,1,250826-053509_VANCCOCO_after.png,Yes,Yes,Yes,NA,NA,NA,http://p5zlgintc01:16020/PayDirect/Merchant/Edit/4024,35EDM-COLCO-ARVTP-W
VUNCCOCO,Done,1,250826-053516_VUNCCOCO_after.png,Yes,Yes,Yes,NA,NA,NA,http://p5zlgintc01:16020/PayDirect/Merchant/Edit/4025,35EDM-COLCO-NTXVP-W
VMNCCOCO,Done,1,250826-053521_VMNCCOCO_after.png,Yes,Yes,Yes,NA,NA,NA,http://p5zlgintc01:16020/PayDirect/Merchant/Edit/4026,35EDM-COLCO-MSVTP-W
VMSCPRWD,Done,1,250826-053526_VMSCPRWD_after.png,Yes,Yes,Yes,NA,NA,NA,http://p5zlgintc01:16020/PayDirect/Merchant/Edit/4028,35EDM-PIONE-MISVT-W
VUSCPRWD,Done,1,250826-053531_VUSCPRWD_after.png,Yes,Yes,Yes,NA,NA,NA,http://p5zlgintc01:16020/PayDirect/Merchant/Edit/4029,35EDM-PIONE-NTXVT-W
PUSCPRWD,UNCH,1,250826-053536_PUSCPRWD_after.png,Yes,Yes,Yes,NA,NA,NA,http://p5zlgintc01:16020/PayDirect/Merchant/Edit/4030,35EDM-PIONE-NTWEB-W
PTNJ0510,UNCH,1,250826-053541_PTNJ0510_after.png,Yes,Yes,Yes,NA,NA,NA,http://p5zlgintc01:16020/PayDirect/Merchant/Edit/4031,35EDM-STONE-TXWEB-W
PUNJ1817,UNCH,1,250826-053546_PUNJ1817_after.png,Yes,Yes,Yes,NA,NA,NA,http://p5zlgintc01:16020/PayDirect/Merchant/Edit/4032,35EDM-ROCKY-NTWEB-W
PTNJ1817,UNCH,1,250826-053551_PTNJ1817_after.png,Yes,Yes,Yes,NA,NA,NA,http://p5zlgintc01:16020/PayDirect/Merchant/Edit/4033,35EDM-ROCKY-TXWEB-W
VAFLWILL,Done,1,250826-053556_VAFLWILL_after.png,Yes,Yes,Yes,NA,NA,NA,http://p5zlgintc01:16020/PayDirect/Merchant/Edit/4034,35EDM-WILFL-ARVIT-W
VMFLWILL,Done,1,250826-053601_VMFLWILL_after.png,Yes,Yes,Yes,NA,NA,NA,http://p5zlgintc01:16020/PayDirect/Merchant/Edit/4035,35EDM-WILFL-MISVT-W
VUFLWILL,Done,1,250826-053606_VUFLWILL_after.png,Yes,Yes,Yes,NA,NA,NA,http://p5zlgintc01:16020/PayDirect/Merchant/Edit/4036,35EDM-WILFL-NTXVT-W
VDGAROBC,Done,1,250826-053611_VDGAROBC_after.png,Yes,Yes,Yes,NA,NA,NA,http://p5zlgintc01:16020/PayDirect/Merchant/Edit/4037,35EDM-ROBER-VDGA1-W
PTNYWAVL,UNCH,1,250826-053616_PTNYWAVL_after.png,Yes,Yes,Yes,NA,NA,NA,http://p5zlgintc01:16020/PayDirect/Merchant/Edit/4040,35EDM-VWSHV-PTNY1-W
PUNYWAVL,UNCH,1,250826-053621_PUNYWAVL_after.png,Yes,Yes,Yes,NA,NA,NA,http://p5zlgintc01:16020/PayDirect/Merchant/Edit/4041,35EDM-VWSHV-PUNY1-W
PTNYENDI,UNCH,1,250826-053633_PTNYENDI_after.png,Yes,Yes,Yes,NA,NA,NA,http://p5zlgintc01:16020/PayDirect/Merchant/Edit/4044,35EDM-ENDNY-TXWBP-W
PUNYENDI,UNCH,1,250826-053638_PUNYENDI_after.png,Yes,Yes,Yes,NA,NA,NA,http://p5zlgintc01:16020/PayDirect/Merchant/Edit/4045,35EDM-ENDNY-NTXWP-W
VTNYENDI,Done,1,250826-053643_VTNYENDI_after.png,Yes,Yes,Yes,NA,NA,NA,http://p5zlgintc01:16020/PayDirect/Merchant/Edit/4046,35EDM-ENDNY-TXVTP-W
VMNYENDI,Done,1,250826-053648_VMNYENDI_after.png,Yes,Yes,Yes,NA,NA,NA,http://p5zlgintc01:16020/PayDirect/Merchant/Edit/4047,35EDM-ENDNY-MSVTP-W
VUNYENDI,Done,1,250826-053652_VUNYENDI_after.png,Yes,Yes,Yes,NA,NA,NA,http://p5zlgintc01:16020/PayDirect/Merchant/Edit/4048,35EDM-ENDNY-NTXVP-W
PUNYMARL,UNCH,1,250826-053659_PUNYMARL_after.png,Yes,Yes,Yes,NA,NA,NA,http://p5zlgintc01:16020/PayDirect/Merchant/Edit/4049,35EDM-MARLB-NTWEB-W
PAGATREN,UNCH,1,250826-053704_PAGATREN_after.png,Yes,Yes,Yes,NA,NA,NA,http://p5zlgintc01:16020/PayDirect/Merchant/Edit/4050,35EDM-TRNTG-ARWBP-W
PTGATREN,UNCH,1,250826-053713_PTGATREN_after.png,Yes,Yes,Yes,NA,NA,NA,http://p5zlgintc01:16020/PayDirect/Merchant/Edit/4051,35EDM-TRNTG-TXWBP-W
PCGATREN,UNCH,1,250826-053717_PCGATREN_after.png,Yes,Yes,Yes,NA,NA,NA,http://p5zlgintc01:16020/PayDirect/Merchant/Edit/4052,35EDM-TRNTG-MSWBP-W
PUMDGBLT,UNCH,1,250826-053722_PUMDGBLT_after.png,Yes,Yes,Yes,NA,NA,NA,http://p5zlgintc01:16020/PayDirect/Merchant/Edit/4062,35EDM-GBELT-PUMD1-W
VUMDGBLT,Done,1,250826-053727_VUMDGBLT_after.png,Yes,Yes,Yes,NA,NA,NA,http://p5zlgintc01:16020/PayDirect/Merchant/Edit/4063,35EDM-GBELT-VUMD1-W
PUNYDIAN,UNCH,1,250826-053732_PUNYDIAN_after.png,Yes,Yes,Yes,NA,NA,NA,http://p5zlgintc01:16020/PayDirect/Merchant/Edit/4064,35EDM-DIANY-NTXWP-W
PCPAUHAN,UNCH,1,250826-053737_PCPAUHAN_after.png,Yes,Yes,Yes,NA,NA,NA,http://p5zlgintc01:16020/PayDirect/Merchant/Edit/4065,35EDM-UHAPA-VARWP-W
VMTXCSUD,Done,1,250826-053742_VMTXCSUD_after.png,Yes,Yes,Yes,NA,NA,NA,http://p5zlgintc01:16020/PayDirect/Merchant/Edit/4066,35EDM-CSUDI-VMTX1-W
VUTXCSUD,Done,1,250826-053747_VUTXCSUD_after.png,Yes,Yes,Yes,NA,NA,NA,http://p5zlgintc01:16020/PayDirect/Merchant/Edit/4067,35EDM-CSUDI-VUTX1-W
VMPAUHAN,UNCH,1,250826-053752_VMPAUHAN_after.png,Yes,Yes,Yes,NA,NA,NA,http://p5zlgintc01:16020/PayDirect/Merchant/Edit/4068,35EDM-UHAPA-MIVTP-W
VDNJ1216,Done,1,250826-053757_VDNJ1216_after.png,Yes,Yes,Yes,NA,NA,NA,http://p5zlgintc01:16020/PayDirect/Merchant/Edit/4069,35EDM-PERTH-PDNJ1-W
PANCBEEC,UNCH,1,250826-053802_PANCBEEC_after.png,Yes,Yes,Yes,NA,NA,NA,http://p5zlgintc01:16020/PayDirect/Merchant/Edit/4070,35EDM-BEMNC-PANC1-W
PTNCBEEC,UNCH,1,250826-053807_PTNCBEEC_after.png,Yes,Yes,Yes,NA,NA,NA,http://p5zlgintc01:16020/PayDirect/Merchant/Edit/4071,35EDM-BEMNC-PTNC1-W
PUNCBEEC,UNCH,1,250826-053812_PUNCBEEC_after.png,Yes,Yes,Yes,NA,NA,NA,http://p5zlgintc01:16020/PayDirect/Merchant/Edit/4072,35EDM-BEMNC-BMUTL-W
PCNCBEEC,UNCH,1,250826-053817_PCNCBEEC_after.png,Yes,Yes,Yes,NA,NA,NA,http://p5zlgintc01:16020/PayDirect/Merchant/Edit/4073,35EDM-BEMNC-PCNC1-W
VANCBEEC,Done,1,250826-053822_VANCBEEC_after.png,Yes,Yes,Yes,NA,NA,NA,http://p5zlgintc01:16020/PayDirect/Merchant/Edit/4075,35EDM-BEMNC-VANC1-W
VTNCBEEC,Done,1,250826-053827_VTNCBEEC_after.png,Yes,Yes,Yes,NA,NA,NA,http://p5zlgintc01:16020/PayDirect/Merchant/Edit/4076,35EDM-BEMNC-VTNC1-W
VUNCBEEC,Done,1,250826-053832_VUNCBEEC_after.png,Yes,Yes,Yes,NA,NA,NA,http://p5zlgintc01:16020/PayDirect/Merchant/Edit/4077,35EDM-BEMNC-VUNC1-W
VMNCBEEC,Done,1,250826-053837_VMNCBEEC_after.png,Yes,Yes,Yes,NA,NA,NA,http://p5zlgintc01:16020/PayDirect/Merchant/Edit/4078,35EDM-BEMNC-VMNC1-W
PUNJ1806,UNCH,1,250826-053842_PUNJ1806_after.png,Yes,Yes,Yes,NA,NA,NA,http://p5zlgintc01:16020/PayDirect/Merchant/Edit/4079,35EDM-BRH20-PUNJ1-W
PTNJ1806,UNCH,1,250826-053847_PTNJ1806_after.png,Yes,Yes,Yes,NA,NA,NA,http://p5zlgintc01:16020/PayDirect/Merchant/Edit/4080,35EDM-BRH20-PTNJ1-W
PTNJ1917,UNCH,1,250826-053852_PTNJ1917_after.png,Yes,Yes,Yes,NA,NA,NA,http://p5zlgintc01:16020/PayDirect/Merchant/Edit/4081,35EDM-SNDYS-PTNJ1-W
PUNJ1015,UNCH,1,250826-053856_PUNJ1015_after.png,Yes,Yes,Yes,NA,NA,NA,http://p5zlgintc01:16020/PayDirect/Merchant/Edit/4082,35EDM-HOLLN-PUNJ1-W
PTNJ1015,UNCH,1,250826-053901_PTNJ1015_after.png,Yes,Yes,Yes,NA,NA,NA,http://p5zlgintc01:16020/PayDirect/Merchant/Edit/4083,35EDM-HOLLN-PTNJ1-W
PUGACOWA,UNCH,1,250826-053906_PUGACOWA_after.png,Yes,Yes,Yes,NA,NA,NA,http://p5zlgintc01:16020/PayDirect/Merchant/Edit/4089,35EDM-COOSA-PUGA1-W
VMGACOWA,Done,1,250826-053911_VMGACOWA_after.png,Yes,Yes,Yes,NA,NA,NA,http://p5zlgintc01:16020/PayDirect/Merchant/Edit/4090,35EDM-COOSA-VMGA1-W
VUGACOWA,Done,1,250826-054849_VUGACOWA_after.png,Yes,Yes,Yes,NA,NA,NA,http://p5zlgintc01:16020/PayDirect/Merchant/Edit/4091,35EDM-COOSA-VUGA1-W
PAMOMALD,UNCH,1,250826-054854_PAMOMALD_after.png,Yes,Yes,Yes,NA,NA,NA,http://p5zlgintc01:16020/PayDirect/Merchant/Edit/4092,35EDM-MALMO-PAMO1-W
PTMOMALD,UNCH,1,250826-054859_PTMOMALD_after.png,Yes,Yes,Yes,NA,NA,NA,http://p5zlgintc01:16020/PayDirect/Merchant/Edit/4093,35EDM-MALMO-PTMO1-W
PUMOMCPW,UNCH,1,250826-054904_PUMOMCPW_after.png,Yes,Yes,Yes,NA,NA,NA,http://p5zlgintc01:16020/PayDirect/Merchant/Edit/4094,35EDM-MALMO-PUMO1-W
PCMOMALD,UNCH,1,250826-054909_PCMOMALD_after.png,Yes,Yes,Yes,NA,NA,NA,http://p5zlgintc01:16020/PayDirect/Merchant/Edit/4095,35EDM-MALMO-PCMO1-W
VAMOMALD,Done,1,250826-054913_VAMOMALD_after.png,Yes,Yes,Yes,NA,NA,NA,http://p5zlgintc01:16020/PayDirect/Merchant/Edit/4096,35EDM-MALMO-VAMO1-W
VTMOMALD,Done,1,250826-054918_VTMOMALD_after.png,Yes,Yes,Yes,NA,NA,NA,http://p5zlgintc01:16020/PayDirect/Merchant/Edit/4097,35EDM-MALMO-VTMO1-W
VUMOMCPW,Done,1,250826-054923_VUMOMCPW_after.png,Yes,Yes,Yes,NA,NA,NA,http://p5zlgintc01:16020/PayDirect/Merchant/Edit/4098,35EDM-MALMO-VUMO1-W
VMMOMALD,Done,1,250826-054928_VMMOMALD_after.png,Yes,Yes,Yes,NA,NA,NA,http://p5zlgintc01:16020/PayDirect/Merchant/Edit/4099,35EDM-MALMO-VMMO1-W
PTNJ1801,UNCH,1,250826-054933_PTNJ1801_after.png,Yes,Yes,Yes,NA,NA,NA,http://p5zlgintc01:16020/PayDirect/Merchant/Edit/4100,35EDM-BEDNJ-PTNJ1-W
PUNJ1801,UNCH,1,Step1_ImportSites_20260825_054540.png,Error,Yes,Yes,NA,NA,NA,http://p5zlgintc01:16020/PayDirect/Merchant/Edit/4101,35EDM-BEDNJ-PUNJ1-W
PTNJ1012,UNCH,1,250826-055009_PTNJ1012_after.png,Yes,Yes,Yes,NA,NA,NA,http://p5zlgintc01:16020/PayDirect/Merchant/Edit/4102,35EDM-GLENJ-PTNJ1-W
PUNJ1012,UNCH,1,250826-055014_PUNJ1012_after.png,Yes,Yes,Yes,NA,NA,NA,http://p5zlgintc01:16020/PayDirect/Merchant/Edit/4103,35EDM-GLENJ-PUNJ1-W
PTNJ1904,UNCH,1,250826-055019_PTNJ1904_after.png,Yes,Yes,Yes,NA,NA,NA,http://p5zlgintc01:16020/PayDirect/Merchant/Edit/4104,35EDM-BYRAM-PTNJ1-W
PUNJ1904,UNCH,1,250826-055024_PUNJ1904_after.png,Yes,Yes,Yes,NA,NA,NA,http://p5zlgintc01:16020/PayDirect/Merchant/Edit/4105,35EDM-BYRAM-PUNJ1-W
PTNJ1924,UNCH,1,250826-055029_PTNJ1924_after.png,Yes,Yes,Yes,NA,NA,NA,http://p5zlgintc01:16020/PayDirect/Merchant/Edit/4106,35EDM-WANTA-TXWEB-W
PCNYGOSH,UNCH,1,250826-055035_PCNYGOSH_after.png,Yes,Yes,Yes,NA,NA,NA,http://p5zlgintc01:16020/PayDirect/Merchant/Edit/4111,35EDM-VGOSH-PCNY1-W
PCNJ0811,UNCH,1,250826-055041_PCNJ0811_after.png,Yes,Yes,Yes,NA,NA,NA,http://p5zlgintc01:16020/PayDirect/Merchant/Edit/4112,35EDM-MNRGL-PCNJ1-W
PTNJ0912,UNCH,1,250826-055046_PTNJ0912_after.png,Yes,Yes,Yes,NA,NA,NA,http://p5zlgintc01:16020/PayDirect/Merchant/Edit/4113,35EDM-WENNJ-PTNJ1-W
PTNJ1809,UNCH,1,250826-055051_PTNJ1809_after.png,Yes,Yes,Yes,NA,NA,NA,http://p5zlgintc01:16020/PayDirect/Merchant/Edit/4116,35EDM-GRENJ-PTNJ1-W
PUNJ1809,UNCH,1,250826-055057_PUNJ1809_after.png,Yes,Yes,Yes,NA,NA,NA,http://p5zlgintc01:16020/PayDirect/Merchant/Edit/4117,35EDM-GRENJ-PUNJ1-W
PCNJ1809,UNCH,1,250826-055106_PCNJ1809_after.png,Yes,Yes,Yes,NA,NA,NA,http://p5zlgintc01:16020/PayDirect/Merchant/Edit/4118,35EDM-GRENJ-PCNJ1-W
PTNJ1913,UNCH,1,250826-055111_PTNJ1913_after.png,Yes,Yes,Yes,NA,NA,NA,http://p5zlgintc01:16020/PayDirect/Merchant/Edit/4119,35EDM-LAFNJ-PTNJ1-W
PTNJ1807,UNCH,1,250826-055117_PTNJ1807_after.png,Yes,Yes,Yes,NA,NA,NA,http://p5zlgintc01:16020/PayDirect/Merchant/Edit/4120,35EDM-BORNJ-PTNJ1-W
PUNJ1807,UNCH,1,250826-055123_PUNJ1807_after.png,Yes,Yes,Yes,NA,NA,NA,http://p5zlgintc01:16020/PayDirect/Merchant/Edit/4121,35EDM-BORNJ-PUNJ1-W
PUTXKEMP,UNCH,1,250826-055128_PUTXKEMP_after.png,Yes,Yes,Yes,NA,NA,NA,http://p5zlgintc01:16020/PayDirect/Merchant/Edit/4124,35EDM-KEMTX-PUTX1-W
PUTXCCWS,UNCH,1,250826-055134_PUTXCCWS_after.png,Yes,Yes,Yes,NA,NA,NA,http://p5zlgintc01:16020/PayDirect/Merchant/Edit/4127,35EDM-CORTX-PUTX1-W
VUTXCCWS,Done,1,250826-055139_VUTXCCWS_after.png,Yes,Yes,Yes,NA,NA,NA,http://p5zlgintc01:16020/PayDirect/Merchant/Edit/4128,35EDM-CORTX-VUTX1-W
VMTXCCWS,Done,1,Step1_ImportSites_20260825_054540.png,Error,Yes,Yes,NA,NA,NA,http://p5zlgintc01:16020/PayDirect/Merchant/Edit/4129,35EDM-CORTX-VMTX1-W
PUGALUMP,UNCH,1,250826-055215_PUGALUMP_after.png,Yes,Yes,Yes,NA,NA,NA,http://p5zlgintc01:16020/PayDirect/Merchant/Edit/4130,35EDM-LUMGA-PUGA1-W
VUGALUMP,UNCH,1,250826-055220_VUGALUMP_after.png,Yes,Yes,Yes,NA,NA,NA,http://p5zlgintc01:16020/PayDirect/Merchant/Edit/4131,35EDM-LUMGA-VUGA1-W
VMGALUMP,UNCH,1,250826-055226_VMGALUMP_after.png,Yes,Yes,Yes,NA,NA,NA,http://p5zlgintc01:16020/PayDirect/Merchant/Edit/4132,35EDM-LUMGA-VMGA1-W
PAGANAHU,UNCH,1,250826-055231_PAGANAHU_after.png,Yes,Yes,Yes,NA,NA,NA,http://p5zlgintc01:16020/PayDirect/Merchant/Edit/4133,35EDM-NAHGA-PAGA1-W
PUGANAHU,UNCH,1,250826-055236_PUGANAHU_after.png,Yes,Yes,Yes,NA,NA,NA,http://p5zlgintc01:16020/PayDirect/Merchant/Edit/4134,35EDM-NAHGA-PUGA1-W
VAGANAHU,Done,1,250826-055241_VAGANAHU_after.png,Yes,Yes,Yes,NA,NA,NA,http://p5zlgintc01:16020/PayDirect/Merchant/Edit/4135,35EDM-NAHGA-VAGA1-W
VUGANAHU,Done,1,250826-055246_VUGANAHU_after.png,Yes,Yes,Yes,NA,NA,NA,http://p5zlgintc01:16020/PayDirect/Merchant/Edit/4136,35EDM-NAHGA-VUGA1-W
VDGANAHU,Done,1,250826-055251_VDGANAHU_after.png,Yes,Yes,Yes,NA,NA,NA,http://p5zlgintc01:16020/PayDirect/Merchant/Edit/4137,35EDM-NAHGA-VDGA1-W
VMGANAHU,Done,1,250826-055256_VMGANAHU_after.png,Yes,Yes,Yes,NA,NA,NA,http://p5zlgintc01:16020/PayDirect/Merchant/Edit/4138,35EDM-NAHGA-VMGA1-W
PANJ1026,UNCH,1,250826-055301_PANJ1026_after.png,Yes,Yes,Yes,NA,NA,NA,http://p5zlgintc01:16020/PayDirect/Merchant/Edit/4139,35EDM-WATNJ-PANJ1-W
PTNJ1026,UNCH,1,250826-055306_PTNJ1026_after.png,Yes,Yes,Yes,NA,NA,NA,http://p5zlgintc01:16020/PayDirect/Merchant/Edit/4140,35EDM-WATNJ-PTNJ1-W
PANYPEND,UNCH,1,250826-055311_PANYPEND_after.png,Yes,Yes,Yes,NA,NA,NA,http://p5zlgintc01:16020/PayDirect/Merchant/Edit/4142,35EDM-PENDL-PANY1-W
VANYPEND,UNCH,1,250826-055316_VANYPEND_after.png,Yes,Yes,Yes,NA,NA,NA,http://p5zlgintc01:16020/PayDirect/Merchant/Edit/4143,35EDM-PENDL-VANY1-W
VADECAMD,UNCH,1,250826-055321_VADECAMD_after.png,Yes,Yes,Yes,NA,NA,NA,http://p5zlgintc01:16020/PayDirect/Merchant/Edit/4144,35EDM-CAMTO-VADE1-W
VTDECAMD,UNCH,1,250826-055326_VTDECAMD_after.png,Yes,Yes,Yes,NA,NA,NA,http://p5zlgintc01:16020/PayDirect/Merchant/Edit/4145,35EDM-CAMTO-VTDE1-W
VMDECAMD,UNCH,1,250826-055331_VMDECAMD_after.png,Yes,Yes,Yes,NA,NA,NA,http://p5zlgintc01:16020/PayDirect/Merchant/Edit/4146,35EDM-CAMTO-VMDE1-W
PAMOCAME,UNCH,1,250826-055337_PAMOCAME_after.png,Yes,Yes,Yes,NA,NA,NA,http://p5zlgintc01:16020/PayDirect/Merchant/Edit/4148,35EDM-CAMMO-PAMO1-W
PUMOCAME,UNCH,1,250826-055342_PUMOCAME_after.png,Yes,Yes,Yes,NA,NA,NA,http://p5zlgintc01:16020/PayDirect/Merchant/Edit/4149,35EDM-CAMMO-PUMO1-W
PCMOCAME,UNCH,1,250826-055346_PCMOCAME_after.png,Yes,Yes,Yes,NA,NA,NA,http://p5zlgintc01:16020/PayDirect/Merchant/Edit/4150,35EDM-CAMMO-PCMO1-W
VAMOCAME,Done,1,250826-055351_VAMOCAME_after.png,Yes,Yes,Yes,NA,NA,NA,http://p5zlgintc01:16020/PayDirect/Merchant/Edit/4151,35EDM-CAMMO-VAMO1-W
VUMOCAME,Done,1,250826-055356_VUMOCAME_after.png,Yes,Yes,Yes,NA,NA,NA,http://p5zlgintc01:16020/PayDirect/Merchant/Edit/4152,35EDM-CAMMO-VUMO1-W
VMMOCAME,Done,1,250826-060309_VMMOCAME_after.png,Yes,Yes,Yes,NA,NA,NA,http://p5zlgintc01:16020/PayDirect/Merchant/Edit/4153,35EDM-CAMMO-VMMO1-W
VMTXJWSU,Done,1,250826-060314_VMTXJWSU_after.png,Yes,Yes,Yes,NA,NA,NA,http://p5zlgintc01:16020/PayDirect/Merchant/Edit/4154,35EDM-JONAH-MSVTP-W
VUTXJWSU,Done,1,250826-060321_VUTXJWSU_after.png,Yes,Yes,Yes,NA,NA,NA,http://p5zlgintc01:16020/PayDirect/Merchant/Edit/4155,35EDM-JONAH-NTXVT-W
PUSCCHPN,UNCH,1,250826-060326_PUSCCHPN_after.png,Yes,Yes,Yes,NA,NA,NA,http://p5zlgintc01:16020/PayDirect/Merchant/Edit/4156,35EDM-CHASC-PUSC1-W
PCSCCHPN,UNCH,1,250826-060331_PCSCCHPN_after.png,Yes,Yes,Yes,NA,NA,NA,http://p5zlgintc01:16020/PayDirect/Merchant/Edit/4157,35EDM-CHASC-PCSC1-W
VUSCCHPN,Done,1,250826-060336_VUSCCHPN_after.png,Yes,Yes,Yes,NA,NA,NA,http://p5zlgintc01:16020/PayDirect/Merchant/Edit/4158,35EDM-CHASC-VUSC1-W
VMSCCHPN,Done,1,250826-060341_VMSCCHPN_after.png,Yes,Yes,Yes,NA,NA,NA,http://p5zlgintc01:16020/PayDirect/Merchant/Edit/4159,35EDM-CHASC-VMSC1-W
PTNJ1021,UNCH,1,250826-060345_PTNJ1021_after.png,Yes,Yes,Yes,NA,NA,NA,http://p5zlgintc01:16020/PayDirect/Merchant/Edit/4160,35EDM-RARNJ-PTNJ1-W
PCNJ1407,UNCH,1,250826-060350_PCNJ1407_after.png,Yes,Yes,Yes,NA,NA,NA,http://p5zlgintc01:16020/PayDirect/Merchant/Edit/4162,35EDM-CHTWP-PCNJ1-W
PUNJHASA,UNCH,1,250826-060355_PUNJHASA_after.png,Yes,Yes,Yes,NA,NA,NA,http://p5zlgintc01:16020/PayDirect/Merchant/Edit/4166,35EDM-HANNJ-PUNJ1-W
PTNJ1412,UNCH,1,250826-060400_PTNJ1412_after.png,Yes,Yes,Yes,NA,NA,NA,http://p5zlgintc01:16020/PayDirect/Merchant/Edit/4167,35EDM-HANTO-PTNJ1-W
VUTXKEMP,Done,1,250826-060405_VUTXKEMP_after.png,Yes,Yes,Yes,NA,NA,NA,http://p5zlgintc01:16020/PayDirect/Merchant/Edit/4168,35EDM-KEMTX-VUTX1-W
VMTXKEMP,Done,1,250826-060410_VMTXKEMP_after.png,Yes,Yes,Yes,NA,NA,NA,http://p5zlgintc01:16020/PayDirect/Merchant/Edit/4169,35EDM-KEMTX-VMTX1-W
PDMDSMCM,UNCH,1,250826-060415_PDMDSMCM_after.png,Yes,Yes,Yes,NA,NA,NA,http://p5zlgintc01:16020/PayDirect/Merchant/Edit/4170,35EDM-SAICO-ANOWE-W
VDMDSMCM,UNCH,1,250826-060420_VDMDSMCM_after.png,Yes,Yes,Yes,NA,NA,NA,http://p5zlgintc01:16020/PayDirect/Merchant/Edit/4171,35EDM-SAICO-BNOWE-W
PTNJ0901,UNCH,1,250826-060425_PTNJ0901_after.png,Yes,Yes,Yes,NA,NA,NA,http://p5zlgintc01:16020/PayDirect/Merchant/Edit/4172,35EDM-BAYNJ-PTNJ1-W
PAFLHNWS,UNCH,1,250826-060430_PAFLHNWS_after.png,Yes,Yes,Yes,NA,NA,NA,http://p5zlgintc01:16020/PayDirect/Merchant/Edit/4173,35EDM-HOLFL-PAFL1-W
PUFLHNWS,UNCH,1,250826-060435_PUFLHNWS_after.png,Yes,Yes,Yes,NA,NA,NA,http://p5zlgintc01:16020/PayDirect/Merchant/Edit/4174,35EDM-HOLFL-PUFL1-W
PTNYROSL,UNCH,1,250826-060440_PTNYROSL_after.png,Yes,Yes,Yes,NA,NA,NA,http://p5zlgintc01:16020/PayDirect/Merchant/Edit/4175,35EDM-ROSNY-PTNY1-W
PTNJ1420,UNCH,1,250826-060445_PTNJ1420_after.png,Yes,Yes,Yes,NA,NA,NA,http://p5zlgintc01:16020/PayDirect/Merchant/Edit/4176,35EDM-TOMIH-PTNJ1-W
PUNJ1420,UNCH,1,250826-060450_PUNJ1420_after.png,Yes,Yes,Yes,NA,NA,NA,http://p5zlgintc01:16020/PayDirect/Merchant/Edit/4177,35EDM-TOMIH-PUNJ1-W
PTNJ1022,UNCH,1,250826-060455_PTNJ1022_after.png,Yes,Yes,Yes,NA,NA,NA,http://p5zlgintc01:16020/PayDirect/Merchant/Edit/4178,35EDM-REANJ-PTNJ1-W
PUNJ1022,UNCH,1,250826-060501_PUNJ1022_after.png,Yes,Yes,Yes,NA,NA,NA,http://p5zlgintc01:16020/PayDirect/Merchant/Edit/4179,35EDM-REANJ-PUNJ1-W
PSNJ1420,UNCH,1,250826-060506_PSNJ1420_after.png,Yes,Yes,Yes,NA,NA,NA,http://p5zlgintc01:16020/PayDirect/Merchant/Edit/4180,35EDM-TOMIH-PSNJ1-W
PAFLPERR,UNCH,1,250826-060510_PAFLPERR_after.png,Yes,Yes,Yes,NA,NA,NA,http://p5zlgintc01:16020/PayDirect/Merchant/Edit/4181,35EDM-PERFL-PAFL1-W
PUFLPERR,UNCH,1,250826-060515_PUFLPERR_after.png,Yes,Yes,Yes,NA,NA,NA,http://p5zlgintc01:16020/PayDirect/Merchant/Edit/4182,35EDM-PERFL-PUFL1-W
PCFLPERR,UNCH,1,250826-060520_PCFLPERR_after.png,Yes,Yes,Yes,NA,NA,NA,http://p5zlgintc01:16020/PayDirect/Merchant/Edit/4183,35EDM-PERFL-PCFL1-W
VAFLPERR,Done,1,250826-060525_VAFLPERR_after.png,Yes,Yes,Yes,NA,NA,NA,http://p5zlgintc01:16020/PayDirect/Merchant/Edit/4184,35EDM-PERFL-VAFL1-W
VMFLPERR,Done,1,250826-060530_VMFLPERR_after.png,Yes,Yes,Yes,NA,NA,NA,http://p5zlgintc01:16020/PayDirect/Merchant/Edit/4185,35EDM-PERFL-VMFL1-W
VUFLPERR,Done,1,250826-060535_VUFLPERR_after.png,Yes,Yes,Yes,NA,NA,NA,http://p5zlgintc01:16020/PayDirect/Merchant/Edit/4186,35EDM-PERFL-VUFL1-W
PUNJ0712,UNCH,1,250826-060540_PUNJ0712_after.png,Yes,Yes,Yes,NA,NA,NA,http://p5zlgintc01:16020/PayDirect/Merchant/Edit/4187,35EDM-MILLB-PUNJ1-W
PSNJ0712,UNCH,1,250826-060545_PSNJ0712_after.png,Yes,Yes,Yes,NA,NA,NA,http://p5zlgintc01:16020/PayDirect/Merchant/Edit/4188,35EDM-MILLB-PSNJ1-W
PTNJ0712,UNCH,1,250826-060550_PTNJ0712_after.png,Yes,Yes,Yes,NA,NA,NA,http://p5zlgintc01:16020/PayDirect/Merchant/Edit/4189,35EDM-MILLB-PTNJ1-W
VUNJ0712,UNCH,1,250826-060555_VUNJ0712_after.png,Yes,Yes,Yes,NA,NA,NA,http://p5zlgintc01:16020/PayDirect/Merchant/Edit/4190,35EDM-MILLB-VUNJ1-W
VSNJ0712,UNCH,1,250826-060600_VSNJ0712_after.png,Yes,Yes,Yes,NA,NA,NA,http://p5zlgintc01:16020/PayDirect/Merchant/Edit/4191,35EDM-MILLB-VSNJ1-W
VMSCPTRT,Done,1,Step1_ImportSites_20260825_060029.png,Error,Yes,Yes,NA,NA,NA,http://p5zlgintc01:16020/PayDirect/Merchant/Edit/4192,35EDM-PRTRO-VMSC1-W
PCMOLAWS,UNCH,1,250826-060636_PCMOLAWS_after.png,Yes,Yes,Yes,NA,NA,NA,http://p5zlgintc01:16020/PayDirect/Merchant/Edit/4197,35EDM-LACMO-PCMO1-W
VMMOLAWS,Done,1,250826-060642_VMMOLAWS_after.png,Yes,Yes,Yes,NA,NA,NA,http://p5zlgintc01:16020/PayDirect/Merchant/Edit/4198,35EDM-LACMO-VMMO1-W
PANJ1713,UNCH,1,250826-060647_PANJ1713_after.png,Yes,Yes,Yes,NA,NA,NA,http://p5zlgintc01:16020/PayDirect/Merchant/Edit/4199,35EDM-SALEM-PANJ1-W
VGNYLTTL,UNCH,1,250826-060652_VGNYLTTL_after.png,Yes,Yes,Yes,NA,NA,NA,http://p5zlgintc01:16020/PayDirect/Merchant/Edit/4200,35EDM-LFALL-VGNY1-W
PSNJ1428,UNCH,1,250826-060657_PSNJ1428_after.png,Yes,Yes,Yes,NA,NA,NA,http://p5zlgintc01:16020/PayDirect/Merchant/Edit/4201,35EDM-NETCO-PSNJ1-W
VSNJ1428,UNCH,1,250826-060702_VSNJ1428_after.png,Yes,Yes,Yes,NA,NA,NA,http://p5zlgintc01:16020/PayDirect/Merchant/Edit/4202,35EDM-NETCO-VSNJ1-W
PTNJ1919,UNCH,1,250826-060707_PTNJ1919_after.png,Yes,Yes,Yes,NA,NA,NA,http://p5zlgintc01:16020/PayDirect/Merchant/Edit/4203,35EDM-STBNJ-PTNJ1-W
PUNJ1919,UNCH,1,250826-060712_PUNJ1919_after.png,Yes,Yes,Yes,NA,NA,NA,http://p5zlgintc01:16020/PayDirect/Merchant/Edit/4204,35EDM-STBNJ-PUNJ1-W
VTNJ1919,Done,1,250826-060717_VTNJ1919_after.png,Yes,Yes,Yes,NA,NA,NA,http://p5zlgintc01:16020/PayDirect/Merchant/Edit/4205,35EDM-STBNJ-VTNJ1-W
VUNJ1919,Done,1,250826-060722_VUNJ1919_after.png,Yes,Yes,Yes,NA,NA,NA,http://p5zlgintc01:16020/PayDirect/Merchant/Edit/4206,35EDM-STBNJ-VUNJ1-W
VMNJ1919,Done,1,250826-060727_VMNJ1919_after.png,Yes,Yes,Yes,NA,NA,NA,http://p5zlgintc01:16020/PayDirect/Merchant/Edit/4207,35EDM-STBNJ-VMNJ1-W
PUPAELLW,UNCH,1,250826-060732_PUPAELLW_after.png,Yes,Yes,Yes,NA,NA,NA,http://p5zlgintc01:16020/PayDirect/Merchant/Edit/4208,35EDM-ELLWO-ECUTL-W
VGGALAVO,Done,1,250826-060737_VGGALAVO_after.png,Yes,Yes,Yes,NA,NA,NA,http://p5zlgintc01:16020/PayDirect/Merchant/Edit/4209,35EDM-LAVON-VGGA1-W
VPGALAVO,Done,1,250826-060742_VPGALAVO_after.png,Yes,Yes,Yes,NA,NA,NA,http://p5zlgintc01:16020/PayDirect/Merchant/Edit/4210,35EDM-LAVON-VPGA1-W
VCGALAVO,Done,1,250826-061710_VCGALAVO_after.png,Yes,Yes,Yes,NA,NA,NA,http://p5zlgintc01:16020/PayDirect/Merchant/Edit/4211,35EDM-LAVON-VCGA1-W
VDGALAVO,Done,1,250826-061715_VDGALAVO_after.png,Yes,Yes,Yes,NA,NA,NA,http://p5zlgintc01:16020/PayDirect/Merchant/Edit/4212,35EDM-LAVON-VSGA1-W
VUNYBWNV,Done,1,250826-061720_VUNYBWNV_after.png,Yes,Yes,Yes,NA,NA,NA,http://p5zlgintc01:16020/PayDirect/Merchant/Edit/4214,35EDM-BRWNV-VUNY1-W
VMNYBWNV,Done,1,250826-061725_VMNYBWNV_after.png,Yes,Yes,Yes,NA,NA,NA,http://p5zlgintc01:16020/PayDirect/Merchant/Edit/4215,35EDM-BRWNV-VMNY1-W
PAMOROLL,UNCH,1,250826-061730_PAMOROLL_after.png,Yes,Yes,Yes,NA,NA,NA,http://p5zlgintc01:16020/PayDirect/Merchant/Edit/4216,35EDM-ROLMO-PAMO1-W
PUMOROLL,UNCH,1,250826-061735_PUMOROLL_after.png,Yes,Yes,Yes,NA,NA,NA,http://p5zlgintc01:16020/PayDirect/Merchant/Edit/4217,35EDM-ROLMO-PUMO1-W
VAMOROLL,Done,1,250826-061740_VAMOROLL_after.png,Yes,Yes,Yes,NA,NA,NA,http://p5zlgintc01:16020/PayDirect/Merchant/Edit/4218,35EDM-ROLMO-VAMO1-W
VUMOROLL,Done,1,250826-061745_VUMOROLL_after.png,Yes,Yes,Yes,NA,NA,NA,http://p5zlgintc01:16020/PayDirect/Merchant/Edit/4219,35EDM-ROLMO-VUMO1-W
VMMOROLL,Done,1,250826-061750_VMMOROLL_after.png,Yes,Yes,Yes,NA,NA,NA,http://p5zlgintc01:16020/PayDirect/Merchant/Edit/4220,35EDM-ROLMO-VMMO1-W
PAMSBOON,UNCH,1,250826-061755_PAMSBOON_after.png,Yes,Yes,Yes,NA,NA,NA,http://p5zlgintc01:16020/PayDirect/Merchant/Edit/4221,35EDM-BOOMS-PAMS1-W
PUMSBCWG,UNCH,1,250826-061800_PUMSBCWG_after.png,Yes,Yes,Yes,NA,NA,NA,http://p5zlgintc01:16020/PayDirect/Merchant/Edit/4222,35EDM-BOOMS-PUMS1-W
PTNJ0704,Done,1,250826-061806_PTNJ0704_after.png,Yes,Yes,Yes,NA,NA,NA,http://p5zlgintc01:16020/PayDirect/Merchant/Edit/4223,35EDM-CEDNJ-PTNJ1-W
PUNJ0704,UNCH,1,250826-061811_PUNJ0704_after.png,Yes,Yes,Yes,NA,NA,NA,http://p5zlgintc01:16020/PayDirect/Merchant/Edit/4224,35EDM-CEDNJ-PUNJ1-W
PPNJ0704,UNCH,1,250826-061815_PPNJ0704_after.png,Yes,Yes,Yes,NA,NA,NA,http://p5zlgintc01:16020/PayDirect/Merchant/Edit/4225,35EDM-CEDNJ-PPNJ1-W
PTNJ1330,UNCH,1,250826-061820_PTNJ1330_after.png,Yes,Yes,Yes,NA,NA,NA,http://p5zlgintc01:16020/PayDirect/Merchant/Edit/4226,35EDM-MARNJ-PTNJ1-W
PUNJ1330,UNCH,1,250826-061825_PUNJ1330_after.png,Yes,Yes,Yes,NA,NA,NA,http://p5zlgintc01:16020/PayDirect/Merchant/Edit/4227,35EDM-MARNJ-PUNJ1-W
PANJ0116,UNCH,1,250826-061830_PANJ0116_after.png,Yes,Yes,Yes,NA,NA,NA,http://p5zlgintc01:16020/PayDirect/Merchant/Edit/4228,35EDM-MARGN-PANJ1-W
PAPAGETT,UNCH,1,250826-061835_PAPAGETT_after.png,Yes,Yes,Yes,NA,NA,NA,http://p5zlgintc01:16020/PayDirect/Merchant/Edit/4229,35EDM-GETPA-PAPA1-W
PUPAGETT,UNCH,1,250826-061840_PUPAGETT_after.png,Yes,Yes,Yes,NA,NA,NA,http://p5zlgintc01:16020/PayDirect/Merchant/Edit/4230,35EDM-GETPA-PUPA1-W
PCPAGETT,UNCH,1,250826-061845_PCPAGETT_after.png,Yes,Yes,Yes,NA,NA,NA,http://p5zlgintc01:16020/PayDirect/Merchant/Edit/4231,35EDM-GETPA-PCPA1-W
VAPAGETT,Done,1,250826-061850_VAPAGETT_after.png,Yes,Yes,Yes,NA,NA,NA,http://p5zlgintc01:16020/PayDirect/Merchant/Edit/4232,35EDM-GETPA-VAPA1-W
VUPAGETT,Done,1,250826-061855_VUPAGETT_after.png,Yes,Yes,Yes,NA,NA,NA,http://p5zlgintc01:16020/PayDirect/Merchant/Edit/4233,35EDM-GETPA-VUPA1-W
VMPAGETT,Done,1,250826-061900_VMPAGETT_after.png,Yes,Yes,Yes,NA,NA,NA,http://p5zlgintc01:16020/PayDirect/Merchant/Edit/4234,35EDM-GETPA-VMPA1-W
VTNJ0912,Done,1,250826-061905_VTNJ0912_after.png,Yes,Yes,Yes,NA,NA,NA,http://p5zlgintc01:16020/PayDirect/Merchant/Edit/4235,35EDM-WENNJ-VTNJ1-W
VMNJ0912,Done,1,250826-061911_VMNJ0912_after.png,Yes,Yes,Yes,NA,NA,NA,http://p5zlgintc01:16020/PayDirect/Merchant/Edit/4236,35EDM-WENNJ-VMNJ1-W
PANJ0601,UNCH,1,250826-061916_PANJ0601_after.png,Yes,Yes,Yes,NA,NA,NA,http://p5zlgintc01:16020/PayDirect/Merchant/Edit/4237,35EDM-BRIDG-PANJ1-W
VANJ0601,Done,1,250826-061920_VANJ0601_after.png,Yes,Yes,Yes,NA,NA,NA,http://p5zlgintc01:16020/PayDirect/Merchant/Edit/4238,35EDM-BRIDG-VANJ1-W
VUNCWCWC,Done,1,250826-061925_VUNCWCWC_after.png,Yes,Yes,Yes,NA,NA,NA,http://p5zlgintc01:16020/PayDirect/Merchant/Edit/4239,35EDM-WCWNC-VUNC1-W
VMNCWCWC,Done,1,250826-061931_VMNCWCWC_after.png,Yes,Yes,Yes,NA,NA,NA,http://p5zlgintc01:16020/PayDirect/Merchant/Edit/4240,35EDM-WCWNC-VMNC1-W
PTNJ2105,UNCH,1,250826-061936_PTNJ2105_after.png,Yes,Yes,Yes,NA,NA,NA,http://p5zlgintc01:16020/PayDirect/Merchant/Edit/4241,35EDM-TOFNJ-PTNJ1-W
PTNJ0209,UNCH,1,250826-061941_PTNJ0209_after.png,Yes,Yes,Yes,NA,NA,NA,http://p5zlgintc01:16020/PayDirect/Merchant/Edit/4242,35EDM-BODNJ-PTNJ1-W
PTNJ2119,UNCH,1,250826-061946_PTNJ2119_after.png,Yes,Yes,Yes,NA,NA,NA,http://p5zlgintc01:16020/PayDirect/Merchant/Edit/4243,35EDM-PHINJ-PTNJ1-W
PUNJ2119,UNCH,1,250826-061951_PUNJ2119_after.png,Yes,Yes,Yes,NA,NA,NA,http://p5zlgintc01:16020/PayDirect/Merchant/Edit/4244,35EDM-PHINJ-PUNJ1-W
VAMSBOON,Done,1,250826-061956_VAMSBOON_after.png,Yes,Yes,Yes,NA,NA,NA,http://p5zlgintc01:16020/PayDirect/Merchant/Edit/4248,35EDM-BOOMS-VAMS1-W
VUMSBCWG,Done,1,250826-062001_VUMSBCWG_after.png,Yes,Yes,Yes,NA,NA,NA,http://p5zlgintc01:16020/PayDirect/Merchant/Edit/4249,35EDM-BOOMS-VUMS1-W
VMMSBCWG,Done,1,250826-062007_VMMSBCWG_after.png,Yes,Yes,Yes,NA,NA,NA,http://p5zlgintc01:16020/PayDirect/Merchant/Edit/4250,35EDM-BOOMS-VMMS1-W
VTNJ1431,Done,1,250826-062012_VTNJ1431_after.png,Yes,Yes,Yes,NA,NA,NA,http://p5zlgintc01:16020/PayDirect/Merchant/Edit/4251,35EDM-PEQNJ-VTNJ1-W
VUNJ1431,Done,1,250826-062017_VUNJ1431_after.png,Yes,Yes,Yes,NA,NA,NA,http://p5zlgintc01:16020/PayDirect/Merchant/Edit/4252,35EDM-PEQNJ-VUNJ1-W
VMNJ1431,Done,1,250826-062022_VMNJ1431_after.png,Yes,Yes,Yes,NA,NA,NA,http://p5zlgintc01:16020/PayDirect/Merchant/Edit/4253,35EDM-PEQNJ-VMNJ1-W
VTTNSGNL,Done,1,250826-062027_VTTNSGNL_after.png,Yes,Yes,Yes,NA,NA,NA,http://p5zlgintc01:16020/PayDirect/Merchant/Edit/4254,35EDM-SIGNA-VTTN1-W
VUTNSGNL,Done,1,250826-062031_VUTNSGNL_after.png,Yes,Yes,Yes,NA,NA,NA,http://p5zlgintc01:16020/PayDirect/Merchant/Edit/4255,35EDM-SIGNA-VUTN1-W
VMTNSGNL,Done,1,250826-062037_VMTNSGNL_after.png,Yes,Yes,Yes,NA,NA,NA,http://p5zlgintc01:16020/PayDirect/Merchant/Edit/4256,35EDM-SIGNA-VMTN1-W
VUNJEMUA,Done,1,250826-062042_VUNJEMUA_after.png,Yes,Yes,Yes,NA,NA,NA,http://p5zlgintc01:16020/PayDirect/Merchant/Edit/4257,35EDM-EVMUA-VUNJ1-W
VMNJEMUA,Done,1,250826-062047_VMNJEMUA_after.png,Yes,Yes,Yes,NA,NA,NA,http://p5zlgintc01:16020/PayDirect/Merchant/Edit/4258,35EDM-EVMUA-VMNJ1-W
PANYAMST,UNCH,1,250826-062052_PANYAMST_after.png,Yes,Yes,Yes,NA,NA,NA,http://p5zlgintc01:16020/PayDirect/Merchant/Edit/4259,35EDM-AMSNY-PANY1-W
PTNYAMST,UNCH,1,250826-062057_PTNYAMST_after.png,Yes,Yes,Yes,NA,NA,NA,http://p5zlgintc01:16020/PayDirect/Merchant/Edit/4260,35EDM-AMSNY-PTNY1-W
PUNYAMST,UNCH,1,Step1_ImportSites_20260825_061420.png,Error,Yes,Yes,NA,NA,NA,http://p5zlgintc01:16020/PayDirect/Merchant/Edit/4261,35EDM-AMSNY-PUNY1-W
PUNYGAIN,UNCH,1,250826-062133_PUNYGAIN_after.png,Yes,Yes,Yes,NA,NA,NA,http://p5zlgintc01:16020/PayDirect/Merchant/Edit/4262,35EDM-GAINY-PUNY1-W
PTNJ1418,UNCH,1,250826-062139_PTNJ1418_after.png,Yes,Yes,Yes,NA,NA,NA,http://p5zlgintc01:16020/PayDirect/Merchant/Edit/4263,35EDM-MENNJ-PTNJ1-W
PUNJ1418,UNCH,1,250826-062144_PUNJ1418_after.png,Yes,Yes,Yes,NA,NA,NA,http://p5zlgintc01:16020/PayDirect/Merchant/Edit/4264,35EDM-MENNJ-PUNJ1-W
VTNJ1418,Done,1,250826-063246_VTNJ1418_after.png,Yes,Yes,Yes,NA,NA,NA,http://p5zlgintc01:16020/PayDirect/Merchant/Edit/4265,35EDM-MENNJ-VTNJ1-W
VUNJ1418,Done,1,250826-063251_VUNJ1418_after.png,Yes,Yes,Yes,NA,NA,NA,http://p5zlgintc01:16020/PayDirect/Merchant/Edit/4266,35EDM-MENNJ-VUNJ1-W
VMNJ1418,Done,1,250826-063256_VMNJ1418_after.png,Yes,Yes,Yes,NA,NA,NA,http://p5zlgintc01:16020/PayDirect/Merchant/Edit/4267,35EDM-MENNJ-VMNJ1-W
PSNJ0610,UNCH,1,250826-063301_PSNJ0610_after.png,Yes,Yes,Yes,NA,NA,NA,http://p5zlgintc01:16020/PayDirect/Merchant/Edit/4268,35EDM-MVLNT-PSNJ1-W
VSNJ0610,Done,1,250826-063307_VSNJ0610_after.png,Yes,Yes,Yes,NA,NA,NA,http://p5zlgintc01:16020/PayDirect/Merchant/Edit/4269,35EDM-MVLNT-VSNJ1-W
PUNYCHAM,UNCH,1,250826-063312_PUNYCHAM_after.png,Yes,Yes,Yes,NA,NA,NA,http://p5zlgintc01:16020/PayDirect/Merchant/Edit/4270,35EDM-TOCNY-PANY1-W
PTNJ1906,UNCH,1,250826-063317_PTNJ1906_after.png,Yes,Yes,Yes,NA,NA,NA,http://p5zlgintc01:16020/PayDirect/Merchant/Edit/4271,35EDM-CFRSU-PTNJ1-W
PUNJ1906,UNCH,1,250826-063322_PUNJ1906_after.png,Yes,Yes,Yes,NA,NA,NA,http://p5zlgintc01:16020/PayDirect/Merchant/Edit/4272,35EDM-CFRSU-PUNJ1-W
VTNJ1906,Done,1,250826-063327_VTNJ1906_after.png,Yes,Yes,Yes,NA,NA,NA,http://p5zlgintc01:16020/PayDirect/Merchant/Edit/4273,35EDM-CFRSU-VTNJ1-W
VUNJ1906,Done,1,250826-063332_VUNJ1906_after.png,Yes,Yes,Yes,NA,NA,NA,http://p5zlgintc01:16020/PayDirect/Merchant/Edit/4274,35EDM-CFRSU-VUNJ1-W
VMNJ1906,Done,1,250826-063338_VMNJ1906_after.png,Yes,Yes,Yes,NA,NA,NA,http://p5zlgintc01:16020/PayDirect/Merchant/Edit/4275,35EDM-CFRSU-VMNJ1-W
VDFLWBST,Done,1,250826-063343_VDFLWBST_after.png,Yes,Yes,Yes,NA,NA,NA,http://p5zlgintc01:16020/PayDirect/Merchant/Edit/4276,35EDM-WEBST-VDFL1-W
VBNJ1527,Done,1,250826-063348_VBNJ1527_after.png,Yes,Yes,Yes,NA,NA,NA,http://p5zlgintc01:16020/PayDirect/Merchant/Edit/4277,35EDM-SEASM-VBNJ1-W
PUNYWURT,UNCH,1,Step1_ImportSites_20260825_062927.png,Error,Yes,Yes,NA,NA,NA,http://p5zlgintc01:16020/PayDirect/Merchant/Edit/4282,35EDM-WURNY-PUNY1-W
PUGAWREN,UNCH,1,250826-063424_PUGAWREN_after.png,Yes,Yes,Yes,NA,NA,NA,http://p5zlgintc01:16020/PayDirect/Merchant/Edit/4285,35EDM-WREGA-PUGA1-W
PAGAWREN,UNCH,1,250826-063429_PAGAWREN_after.png,Yes,Yes,Yes,NA,NA,NA,http://p5zlgintc01:16020/PayDirect/Merchant/Edit/4286,35EDM-WREGA-PAGA1-W
VUGAWREN,Done,1,250826-063434_VUGAWREN_after.png,Yes,Yes,Yes,NA,NA,NA,http://p5zlgintc01:16020/PayDirect/Merchant/Edit/4287,35EDM-WREGA-VUGA1-W
VMGAWREN,Done,1,250826-063439_VMGAWREN_after.png,Yes,Yes,Yes,NA,NA,NA,http://p5zlgintc01:16020/PayDirect/Merchant/Edit/4288,35EDM-WREGA-VMGA1-W
VAGAWREN,Done,1,250826-063444_VAGAWREN_after.png,Yes,Yes,Yes,NA,NA,NA,http://p5zlgintc01:16020/PayDirect/Merchant/Edit/4289,35EDM-WREGA-VAGA1-W
PPFLLOXA,UNCH,1,250826-063449_PPFLLOXA_after.png,Yes,Yes,Yes,NA,NA,NA,http://p5zlgintc01:16020/PayDirect/Merchant/Edit/4290,35EDM-LOXAH-PPFL1-W
VPFLLOXA,Done,1,250826-063454_VPFLLOXA_after.png,Yes,Yes,Yes,NA,NA,NA,http://p5zlgintc01:16020/PayDirect/Merchant/Edit/4291,35EDM-LOXAH-VPFL1-W
PTNCWAXT,UNCH,1,250826-063459_PTNCWAXT_after.png,Yes,Yes,Yes,NA,NA,NA,http://p5zlgintc01:16020/PayDirect/Merchant/Edit/4292,35EDM-TOWNC-PTNC1-W
PANCWAXT,UNCH,1,250826-063505_PANCWAXT_after.png,Yes,Yes,Yes,NA,NA,NA,http://p5zlgintc01:16020/PayDirect/Merchant/Edit/4293,35EDM-TOWNC-PANC1-W
PCNCWAXT,UNCH,1,250826-063510_PCNCWAXT_after.png,Yes,Yes,Yes,NA,NA,NA,http://p5zlgintc01:16020/PayDirect/Merchant/Edit/4294,35EDM-TOWNC-PCNC1-W
VTNCWAXT,Done,1,250826-063515_VTNCWAXT_after.png,Yes,Yes,Yes,NA,NA,NA,http://p5zlgintc01:16020/PayDirect/Merchant/Edit/4295,35EDM-TOWNC-VTNC1-W
VMNCWAXT,Done,1,250826-063520_VMNCWAXT_after.png,Yes,Yes,Yes,NA,NA,NA,http://p5zlgintc01:16020/PayDirect/Merchant/Edit/4296,35EDM-TOWNC-VMNC1-W
VANCWAXT,Done,1,250826-063524_VANCWAXT_after.png,Yes,Yes,Yes,NA,NA,NA,http://p5zlgintc01:16020/PayDirect/Merchant/Edit/4297,35EDM-TOWNC-VANC1-W
PALADERI,UNCH,1,250826-063529_PALADERI_after.png,Yes,Yes,Yes,NA,NA,NA,http://p5zlgintc01:16020/PayDirect/Merchant/Edit/4298,35EDM-DERCI-PALA1-W
VALADERI,Done,1,250826-063534_VALADERI_after.png,Yes,Yes,Yes,NA,NA,NA,http://p5zlgintc01:16020/PayDirect/Merchant/Edit/4299,35EDM-DERCI-VALA1-W
VMPATHRN,Done,1,250826-063539_VMPATHRN_after.png,Yes,Yes,Yes,NA,NA,NA,http://p5zlgintc01:16020/PayDirect/Merchant/Edit/4301,35EDM-TTDCP-VMPA1-W
PPNJ1614,UNCH,1,250826-063544_PPNJ1614_after.png,Yes,Yes,Yes,NA,NA,NA,http://p5zlgintc01:16020/PayDirect/Merchant/Edit/4302,35EDM-WAYNE-PPNJ1-W
VPNJ1614,Done,1,250826-063550_VPNJ1614_after.png,Yes,Yes,Yes,NA,NA,NA,http://p5zlgintc01:16020/PayDirect/Merchant/Edit/4303,35EDM-WAYNE-VPNJ1-W
PTNJ1001,UNCH,1,250826-063555_PTNJ1001_after.png,Yes,Yes,Yes,NA,NA,NA,http://p5zlgintc01:16020/PayDirect/Merchant/Edit/4304,35EDM-ALENJ-PTNJ1-W
VAVAWYTH,Done,1,250826-063600_VAVAWYTH_after.png,Yes,Yes,Yes,NA,NA,NA,http://p5zlgintc01:16020/PayDirect/Merchant/Edit/4305,35EDM-WYTVA-VAVA1-W
VTVAWYTH,Done,1,250826-063605_VTVAWYTH_after.png,Yes,Yes,Yes,NA,NA,NA,http://p5zlgintc01:16020/PayDirect/Merchant/Edit/4306,35EDM-WYTVA-VTVA1-W
VUVAWYTH,Done,1,250826-063611_VUVAWYTH_after.png,Yes,Yes,Yes,NA,NA,NA,http://p5zlgintc01:16020/PayDirect/Merchant/Edit/4307,35EDM-WYTVA-VUVA1-W
VMVAWYTH,Done,1,250826-063616_VMVAWYTH_after.png,Yes,Yes,Yes,NA,NA,NA,http://p5zlgintc01:16020/PayDirect/Merchant/Edit/4308,35EDM-WYTVA-VMVA1-W
PTKYCROL,UNCH,1,250826-063621_PTKYCROL_after.png,Yes,Yes,Yes,NA,NA,NA,http://p5zlgintc01:16020/PayDirect/Merchant/Edit/4310,35EDM-CARKY-PTKY1-W
PAKYCROL,UNCH,1,250826-063626_PAKYCROL_after.png,Yes,Yes,Yes,NA,NA,NA,http://p5zlgintc01:16020/PayDirect/Merchant/Edit/4311,35EDM-CARKY-PAKY1-W
PCKYCROL,UNCH,1,250826-063631_PCKYCROL_after.png,Yes,Yes,Yes,NA,NA,NA,http://p5zlgintc01:16020/PayDirect/Merchant/Edit/4312,35EDM-CARKY-PCKY1-W
VTKYCROL,Done,1,250826-063636_VTKYCROL_after.png,Yes,Yes,Yes,NA,NA,NA,http://p5zlgintc01:16020/PayDirect/Merchant/Edit/4313,35EDM-CARKY-VTKY1-W
VAKYCROL,Done,1,250826-063641_VAKYCROL_after.png,Yes,Yes,Yes,NA,NA,NA,http://p5zlgintc01:16020/PayDirect/Merchant/Edit/4314,35EDM-CARKY-VAKY1-W
VMKYCROL,Done,1,250826-063646_VMKYCROL_after.png,Yes,Yes,Yes,NA,NA,NA,http://p5zlgintc01:16020/PayDirect/Merchant/Edit/4315,35EDM-CARKY-VMKY1-W
PTNJ0909,UNCH,1,250826-063651_PTNJ0909_after.png,Yes,Yes,Yes,NA,NA,NA,http://p5zlgintc01:16020/PayDirect/Merchant/Edit/4316,35EDM-SECNJ-PTNJ1-W
PANJWAEA,UNCH,1,250826-063656_PANJWAEA_after.png,Yes,Yes,Yes,NA,NA,NA,http://p5zlgintc01:16020/PayDirect/Merchant/Edit/4317,35EDM-AMWNJ-PANJ1-W
VAGAMADI,Done,1,250826-063702_VAGAMADI_after.png,Yes,Yes,Yes,NA,NA,NA,http://p5zlgintc01:16020/PayDirect/Merchant/Edit/4318,35EDM-MCBCO-VAGA1-W
VAFLHNWS,Done,1,250826-063707_VAFLHNWS_after.png,Yes,Yes,Yes,NA,NA,NA,http://p5zlgintc01:16020/PayDirect/Merchant/Edit/4320,35EDM-HOLFL-VAFL1-W
VUFLHNWS,Done,1,250826-063712_VUFLHNWS_after.png,Yes,Yes,Yes,NA,NA,NA,http://p5zlgintc01:16020/PayDirect/Merchant/Edit/4321,35EDM-HOLFL-VUFL1-W
VMFLHNWS,Done,1,250826-063717_VMFLHNWS_after.png,Yes,Yes,Yes,NA,NA,NA,http://p5zlgintc01:16020/PayDirect/Merchant/Edit/4322,35EDM-HOLFL-VMFL1-W
VTNJ0909,Done,1,250826-063722_VTNJ0909_after.png,Yes,Yes,Yes,NA,NA,NA,http://p5zlgintc01:16020/PayDirect/Merchant/Edit/4323,35EDM-SECNJ-VTNJ1-W
VMNJ0909,Done,1,250826-064713_VMNJ0909_after.png,Yes,Yes,Yes,NA,NA,NA,http://p5zlgintc01:16020/PayDirect/Merchant/Edit/4324,35EDM-SECNJ-VMNJ1-W
VATXCLIF,Done,1,250826-064719_VATXCLIF_after.png,Yes,Yes,Yes,NA,NA,NA,http://p5zlgintc01:16020/PayDirect/Merchant/Edit/4325,35EDM-CLITX-VATX1-W
PATXCLIF,UNCH,1,250826-064724_PATXCLIF_after.png,Yes,Yes,Yes,NA,NA,NA,http://p5zlgintc01:16020/PayDirect/Merchant/Edit/4326,35EDM-CLITX-PATX1-W
PUTXCLIF,UNCH,1,250826-064730_PUTXCLIF_after.png,Yes,Yes,Yes,NA,NA,NA,http://p5zlgintc01:16020/PayDirect/Merchant/Edit/4327,35EDM-CLITX-PUTX1-W
VUTXCLIF,Done,1,250826-064735_VUTXCLIF_after.png,Yes,Yes,Yes,NA,NA,NA,http://p5zlgintc01:16020/PayDirect/Merchant/Edit/4328,35EDM-CLITX-VUTX1-W
VMTXCLIF,Done,1,250826-064740_VMTXCLIF_after.png,Yes,Yes,Yes,NA,NA,NA,http://p5zlgintc01:16020/PayDirect/Merchant/Edit/4329,35EDM-CLITX-VMTX1-W
PTNJ1105,UNCH,1,250826-064745_PTNJ1105_after.png,Yes,Yes,Yes,NA,NA,NA,http://p5zlgintc01:16020/PayDirect/Merchant/Edit/4330,35EDM-HOPNJ-PTNJ1-W
PUNJ1105,UNCH,1,250826-064750_PUNJ1105_after.png,Yes,Yes,Yes,NA,NA,NA,http://p5zlgintc01:16020/PayDirect/Merchant/Edit/4331,35EDM-HOPNJ-PUNJ1-W
PCNJ0315,UNCH,1,250826-064755_PCNJ0315_after.png,Yes,Yes,Yes,NA,NA,NA,http://p5zlgintc01:16020/PayDirect/Merchant/Edit/4332,35EDM-FLORE-PCNJ1-W
PANJ0514,UNCH,1,250826-064800_PANJ0514_after.png,Yes,Yes,Yes,NA,NA,NA,http://p5zlgintc01:16020/PayDirect/Merchant/Edit/4333,35EDM-WILDM-PANJ1-W
VTMDELKT,Done,1,250826-064806_VTMDELKT_after.png,Yes,Yes,Yes,NA,NA,NA,http://p5zlgintc01:16020/PayDirect/Merchant/Edit/4336,35EDM-ELKMD-VTMD1-W
VUMDELKT,Done,1,250826-064811_VUMDELKT_after.png,Yes,Yes,Yes,NA,NA,NA,http://p5zlgintc01:16020/PayDirect/Merchant/Edit/4337,35EDM-ELKMD-VUMD1-W
VAMDELKT,Done,1,250826-064816_VAMDELKT_after.png,Yes,Yes,Yes,NA,NA,NA,http://p5zlgintc01:16020/PayDirect/Merchant/Edit/4338,35EDM-ELKMD-VAMD1-W
PAPAMANH,UNCH,1,250826-064820_PAPAMANH_after.png,Yes,Yes,Yes,NA,NA,NA,http://p5zlgintc01:16020/PayDirect/Merchant/Edit/4339,35EDM-MANPA-PAPA1-W
VUNJLCMA,Done,1,250826-064826_VUNJLCMA_after.png,Yes,Yes,Yes,NA,NA,NA,http://p5zlgintc01:16020/PayDirect/Merchant/Edit/4340,35EDM-LACEY-VUNJ1-W
VMNJLCMA,Done,1,250826-064831_VMNJLCMA_after.png,Yes,Yes,Yes,NA,NA,NA,http://p5zlgintc01:16020/PayDirect/Merchant/Edit/4341,35EDM-LACEY-VMNJ1-W
PTNYOWVL,UNCH,1,250826-064837_PTNYOWVL_after.png,Yes,Yes,Yes,NA,NA,NA,http://p5zlgintc01:16020/PayDirect/Merchant/Edit/4344,35EDM-OWVNY-PTNY1-W
PUNYOWVL,UNCH,1,250826-064843_PUNYOWVL_after.png,Yes,Yes,Yes,NA,NA,NA,http://p5zlgintc01:16020/PayDirect/Merchant/Edit/4345,35EDM-OWVNY-PUNY1-W
VUTXWHTC,Done,1,250826-064848_VUTXWHTC_after.png,Yes,Yes,Yes,NA,NA,NA,http://p5zlgintc01:16020/PayDirect/Merchant/Edit/4348,35EDM-TOWTX-VUTX1-W
VATXWHTC,Done,1,250826-064854_VATXWHTC_after.png,Yes,Yes,Yes,NA,NA,NA,http://p5zlgintc01:16020/PayDirect/Merchant/Edit/4349,35EDM-TOWTX-VATX1-W
VMTXWHTC,Done,1,250826-064859_VMTXWHTC_after.png,Yes,Yes,Yes,NA,NA,NA,http://p5zlgintc01:16020/PayDirect/Merchant/Edit/4350,35EDM-TOWTX-VMTX1-W
PUNJ1909,UNCH,1,250826-064904_PUNJ1909_after.png,Yes,Yes,Yes,NA,NA,NA,http://p5zlgintc01:16020/PayDirect/Merchant/Edit/4352,35EDM-HAMNJ-PUNJ1-W
PTNJ1909,UNCH,1,250826-064909_PTNJ1909_after.png,Yes,Yes,Yes,NA,NA,NA,http://p5zlgintc01:16020/PayDirect/Merchant/Edit/4353,35EDM-HAMNJ-PTNJ1-W
VTNJ1909,Done,1,250826-064914_VTNJ1909_after.png,Yes,Yes,Yes,NA,NA,NA,http://p5zlgintc01:16020/PayDirect/Merchant/Edit/4354,35EDM-HAMNJ-VTNJ1-W
VUNJ1909,Done,1,250826-064919_VUNJ1909_after.png,Yes,Yes,Yes,NA,NA,NA,http://p5zlgintc01:16020/PayDirect/Merchant/Edit/4355,35EDM-HAMNJ-VUNJ1-W
VMNJ1909,Done,1,250826-064924_VMNJ1909_after.png,Yes,Yes,Yes,NA,NA,NA,http://p5zlgintc01:16020/PayDirect/Merchant/Edit/4356,35EDM-HAMNJ-VMNJ1-W
PANJ0313,UNCH,1,250826-064929_PANJ0313_after.png,Yes,Yes,Yes,NA,NA,NA,http://p5zlgintc01:16020/PayDirect/Merchant/Edit/4357,35EDM-EVESH-PANJ1-W
PTGAEDIS,UNCH,1,250826-064934_PTGAEDIS_after.png,Yes,Yes,Yes,NA,NA,NA,http://p5zlgintc01:16020/PayDirect/Merchant/Edit/4358,35EDM-EDIGA-PTGA1-W
PUGAEDIS,UNCH,1,250826-064940_PUGAEDIS_after.png,Yes,Yes,Yes,NA,NA,NA,http://p5zlgintc01:16020/PayDirect/Merchant/Edit/4359,35EDM-EDIGA-PUGA1-W
VTGAEDIS,Done,1,250826-064946_VTGAEDIS_after.png,Yes,Yes,Yes,NA,NA,NA,http://p5zlgintc01:16020/PayDirect/Merchant/Edit/4360,35EDM-EDIGA-VTGA1-W
VUGAEDIS,Done,1,250826-064951_VUGAEDIS_after.png,Yes,Yes,Yes,NA,NA,NA,http://p5zlgintc01:16020/PayDirect/Merchant/Edit/4361,35EDM-EDIGA-VUGA1-W
VMGAEDIS,Done,1,250826-064956_VMGAEDIS_after.png,Yes,Yes,Yes,NA,NA,NA,http://p5zlgintc01:16020/PayDirect/Merchant/Edit/4362,35EDM-EDIGA-VMGA1-W
PUNYHRSE,UNCH,1,250826-065001_PUNYHRSE_after.png,Yes,Yes,Yes,NA,NA,NA,http://p5zlgintc01:16020/PayDirect/Merchant/Edit/4365,35EDM-HORSE-PUNY1-W
VTNJ0901,Done,1,250826-065007_VTNJ0901_after.png,Yes,Yes,Yes,NA,NA,NA,http://p5zlgintc01:16020/PayDirect/Merchant/Edit/4367,35EDM-BAYNJ-VTNJ1-W
VMNJ0901,Done,1,250826-065012_VMNJ0901_after.png,Yes,Yes,Yes,NA,NA,NA,http://p5zlgintc01:16020/PayDirect/Merchant/Edit/4368,35EDM-BAYNJ-VMNJ1-W
PTNJ1113,UNCH,1,250826-065017_PTNJ1113_after.png,Yes,Yes,Yes,NA,NA,NA,http://p5zlgintc01:16020/PayDirect/Merchant/Edit/4369,35EDM-WESNJ-PTNJ1-W
PUNJ1113,UNCH,1,250826-065022_PUNJ1113_after.png,Yes,Yes,Yes,NA,NA,NA,http://p5zlgintc01:16020/PayDirect/Merchant/Edit/4370,35EDM-WESNJ-PUNJ1-W
PTNJ0904,UNCH,1,250826-065027_PTNJ0904_after.png,Yes,Yes,Yes,NA,NA,NA,http://p5zlgintc01:16020/PayDirect/Merchant/Edit/4371,35EDM-HARNJ-PTNJ1-W
PUNJ0904,UNCH,1,250826-065032_PUNJ0904_after.png,Yes,Yes,Yes,NA,NA,NA,http://p5zlgintc01:16020/PayDirect/Merchant/Edit/4372,35EDM-HARNJ-PUNJ1-W
PANJ0507,UNCH,1,250826-065037_PANJ0507_after.png,Yes,Yes,Yes,NA,NA,NA,http://p5zlgintc01:16020/PayDirect/Merchant/Edit/4373,35EDM-CNWUT-PANJ1-W
PCNJ0507,UNCH,1,250826-065043_PCNJ0507_after.png,Yes,Yes,Yes,NA,NA,NA,http://p5zlgintc01:16020/PayDirect/Merchant/Edit/4374,35EDM-CNWUT-PCNJ1-W
PTNJ1605,UNCH,1,250826-065048_PTNJ1605_after.png,Yes,Yes,Yes,NA,NA,NA,http://p5zlgintc01:16020/PayDirect/Merchant/Edit/4377,35EDM-LFANJ-PTNJ1-W
PANJ0259,UNCH,1,250826-065053_PANJ0259_after.png,Yes,Yes,Yes,NA,NA,NA,http://p5zlgintc01:16020/PayDirect/Merchant/Edit/4378,35EDM-HATNJ-PANJ1-W
VTNJ1607,Done,1,250826-065058_VTNJ1607_after.png,Yes,Yes,Yes,NA,NA,NA,http://p5zlgintc01:16020/PayDirect/Merchant/Edit/4379,35EDM-PASSA-VTNJ1-W
VMNJ1607,Done,1,250826-065104_VMNJ1607_after.png,Yes,Yes,Yes,NA,NA,NA,http://p5zlgintc01:16020/PayDirect/Merchant/Edit/4380,35EDM-PASSA-VMNJ1-W
VMLABERW,Done,1,250826-065109_VMLABERW_after.png,Yes,Yes,Yes,NA,NA,NA,http://p5zlgintc01:16020/PayDirect/Merchant/Edit/4381,35EDM-BERLA-VMLA1-W
VALABERW,Done,1,250826-065114_VALABERW_after.png,Yes,Yes,Yes,NA,NA,NA,http://p5zlgintc01:16020/PayDirect/Merchant/Edit/4382,35EDM-BERLA-VALA1-W
VULABERW,Done,1,250826-065119_VULABERW_after.png,Yes,Yes,Yes,NA,NA,NA,http://p5zlgintc01:16020/PayDirect/Merchant/Edit/4383,35EDM-BERLA-VULA1-W
VTLABERW,Done,1,250826-065125_VTLABERW_after.png,Yes,Yes,Yes,NA,NA,NA,http://p5zlgintc01:16020/PayDirect/Merchant/Edit/4384,35EDM-BERLA-VTLA1-W
PTLABERW,UNCH,1,250826-065130_PTLABERW_after.png,Yes,Yes,Yes,NA,NA,NA,http://p5zlgintc01:16020/PayDirect/Merchant/Edit/4385,35EDM-BERLA-PTLA1-W
PULABERW,UNCH,1,250826-065909_PULABERW_after.png,Yes,Yes,Yes,NA,NA,NA,http://p5zlgintc01:16020/PayDirect/Merchant/Edit/4386,35EDM-BERLA-PULA1-W
PALABERW,UNCH,1,250826-065913_PALABERW_after.png,Yes,Yes,Yes,NA,NA,NA,http://p5zlgintc01:16020/PayDirect/Merchant/Edit/4387,35EDM-BERLA-PALA1-W
PCTXWHTC,UNCH,1,250826-065918_PCTXWHTC_after.png,Yes,Yes,Yes,NA,NA,NA,http://p5zlgintc01:16020/PayDirect/Merchant/Edit/4388,35EDM-TOWTX-PCTX1-W
PCNJ1401,UNCH,1,250826-065922_PCNJ1401_after.png,Yes,Yes,Yes,NA,NA,NA,http://p5zlgintc01:16020/PayDirect/Merchant/Edit/4389,35EDM-BOONT-PCNJ1-W
VTNCOAKI,Done,1,Step1_ImportSites_20260825_065724.png,Error,Yes,Yes,NA,NA,NA,http://p5zlgintc01:16020/PayDirect/Merchant/Edit/4390,35EDM-OAKIS-VTNC1-W
VUNCOAKI,Done,1,250826-065957_VUNCOAKI_after.png,Yes,Yes,Yes,NA,NA,NA,http://p5zlgintc01:16020/PayDirect/Merchant/Edit/4391,35EDM-OAKIS-VUNC1-W
VMNCOAKI,Done,1,250826-070001_VMNCOAKI_after.png,Yes,Yes,Yes,NA,NA,NA,http://p5zlgintc01:16020/PayDirect/Merchant/Edit/4392,35EDM-OAKIS-VMNC1-W
VANCOAKI,Done,1,250826-070005_VANCOAKI_after.png,Yes,Yes,Yes,NA,NA,NA,http://p5zlgintc01:16020/PayDirect/Merchant/Edit/4393,35EDM-OAKIS-VANC1-W
PCNJ0322,UNCH,0,250826-070010_PCNJ0322_after.png,Yes,Yes,Yes,NA,NA,NA,http://p5zlgintc01:16020/PayDirect/Merchant/Edit/4394,35EDM-MOORE-PCNJ1-W
PANYUNYK,UNCH,1,250826-070014_PANYUNYK_after.png,Yes,Yes,Yes,NA,NA,NA,http://p5zlgintc01:16020/PayDirect/Merchant/Edit/4397,35EDM-VUPNY-PANY1-W
PTNJ1018,UNCH,1,250826-070020_PTNJ1018_after.png,Yes,Yes,Yes,NA,NA,NA,http://p5zlgintc01:16020/PayDirect/Merchant/Edit/4398,35EDM-LEBNJ-PTNJ1-W
PTNJ2121,UNCH,1,250826-070024_PTNJ2121_after.png,Yes,Yes,Yes,NA,NA,NA,http://p5zlgintc01:16020/PayDirect/Merchant/Edit/4399,35EDM-BORWA-PTNJ1-W
PUNJ2121,UNCH,1,250826-070029_PUNJ2121_after.png,Yes,Yes,Yes,NA,NA,NA,http://p5zlgintc01:16020/PayDirect/Merchant/Edit/4400,35EDM-BORWA-PUNJ1-W
PGNJ2121,UNCH,1,250826-070035_PGNJ2121_after.png,Yes,Yes,Yes,NA,NA,NA,http://p5zlgintc01:16020/PayDirect/Merchant/Edit/4401,35EDM-BORWA-PGNJ1-W
VTNJ1528,Done,1,250826-070039_VTNJ1528_after.png,Yes,Yes,Yes,NA,NA,NA,http://p5zlgintc01:16020/PayDirect/Merchant/Edit/4402,35EDM-SEAPK-VTNJ1-W
VUNJ1528,Done,1,250826-070043_VUNJ1528_after.png,Yes,Yes,Yes,NA,NA,NA,http://p5zlgintc01:16020/PayDirect/Merchant/Edit/4403,35EDM-SEAPK-VUNJ1-W
VMNJ1528,Done,1,250826-070047_VMNJ1528_after.png,Yes,Yes,Yes,NA,NA,NA,http://p5zlgintc01:16020/PayDirect/Merchant/Edit/4404,35EDM-SEAPK-VMNJ1-W
VTKYOAKG,Done,1,250826-070051_VTKYOAKG_after.png,Yes,Yes,Yes,NA,NA,NA,http://p5zlgintc01:16020/PayDirect/Merchant/Edit/4405,35EDM-OAKGR-VTKY1-W
VUKYOAKG,Done,1,250826-070056_VUKYOAKG_after.png,Yes,Yes,Yes,NA,NA,NA,http://p5zlgintc01:16020/PayDirect/Merchant/Edit/4406,35EDM-OAKGR-VUKY1-W
VAKYOAKG,Done,1,250826-070100_VAKYOAKG_after.png,Yes,Yes,Yes,NA,NA,NA,http://p5zlgintc01:16020/PayDirect/Merchant/Edit/4407,35EDM-OAKGR-VAKY1-W
VMKYOAKG,Done,1,250826-070104_VMKYOAKG_after.png,Yes,Yes,Yes,NA,NA,NA,http://p5zlgintc01:16020/PayDirect/Merchant/Edit/4408,35EDM-OAKGR-VMKY1-W
PUNJ1018,UNCH,1,250826-070108_PUNJ1018_after.png,Yes,Yes,Yes,NA,NA,NA,http://p5zlgintc01:16020/PayDirect/Merchant/Edit/4409,35EDM-LEBNJ-PUNJ1-W
VMPAMOMA,Done,1,250826-070112_VMPAMOMA_after.png,Yes,Yes,Yes,NA,NA,NA,http://p5zlgintc01:16020/PayDirect/Merchant/Edit/4412,35EDM-MOMUA-VMPA1-W
VUPAMOMA,Done,1,250826-070116_VUPAMOMA_after.png,Yes,Yes,Yes,NA,NA,NA,http://p5zlgintc01:16020/PayDirect/Merchant/Edit/4413,35EDM-MOMUA-VUPA1-W
PUNJ0418,UNCH,1,250826-070120_PUNJ0418_after.png,Yes,Yes,Yes,NA,NA,NA,http://p5zlgintc01:16020/PayDirect/Merchant/Edit/4414,35EDM-HADDT-PUNJ1-W
VUNJ0418,Done,1,250826-070124_VUNJ0418_after.png,Yes,Yes,Yes,NA,NA,NA,http://p5zlgintc01:16020/PayDirect/Merchant/Edit/4415,35EDM-HADDT-VUNJ1-W
VULAAPWD,Done,1,250826-070128_VULAAPWD_after.png,Yes,Yes,Yes,NA,NA,NA,http://p5zlgintc01:16020/PayDirect/Merchant/Edit/4420,35EDM-APARI-VULA1-W
PCNJ1708,UNCH,1,250826-070132_PCNJ1708_after.png,Yes,Yes,Yes,NA,NA,NA,http://p5zlgintc01:16020/PayDirect/Merchant/Edit/4421,35EDM-PENNG-PCNJ1-W
PANJ1708,UNCH,1,250826-070137_PANJ1708_after.png,Yes,Yes,Yes,NA,NA,NA,http://p5zlgintc01:16020/PayDirect/Merchant/Edit/4422,35EDM-PENNG-PANJ1-W
PAPASUSQ,UNCH,1,250826-070141_PAPASUSQ_after.png,Yes,Yes,Yes,NA,NA,NA,http://p5zlgintc01:16020/PayDirect/Merchant/Edit/4423,35EDM-SUSPA-PAPA1-W
VAPASUSQ,Done,1,250826-070145_VAPASUSQ_after.png,Yes,Yes,Yes,NA,NA,NA,http://p5zlgintc01:16020/PayDirect/Merchant/Edit/4424,35EDM-SUSPA-VAPA1-W
VMPASUSQ,Done,1,250826-070149_VMPASUSQ_after.png,Yes,Yes,Yes,NA,NA,NA,http://p5zlgintc01:16020/PayDirect/Merchant/Edit/4425,35EDM-SUSPA-VMPA1-W
PUNJCTSA,UNCH,1,250826-070153_PUNJCTSA_after.png,Yes,Yes,Yes,NA,NA,NA,http://p5zlgintc01:16020/PayDirect/Merchant/Edit/4426,35EDM-CTSAN-PUNJ1-W
PUNYWVIL,UNCH,1,250826-070158_PUNYWVIL_after.png,Yes,Yes,Yes,NA,NA,NA,http://p5zlgintc01:16020/PayDirect/Merchant/Edit/4427,35EDM-WVILN-PUNY1-W
PANJ1304,UNCH,1,250826-070202_PANJ1304_after.png,Yes,Yes,Yes,NA,NA,NA,http://p5zlgintc01:16020/PayDirect/Merchant/Edit/4428,35EDM-ASBUR-PANJ1-W
PUNYPLMV,UNCH,1,250826-070206_PUNYPLMV_after.png,Yes,Yes,Yes,NA,NA,NA,http://p5zlgintc01:16020/PayDirect/Merchant/Edit/4429,35EDM-VOPNY-PUNY1-W
PSNYPLMV,UNCH,1,250826-070210_PSNYPLMV_after.png,Yes,Yes,Yes,NA,NA,NA,http://p5zlgintc01:16020/PayDirect/Merchant/Edit/4430,35EDM-VOPNY-PSNY1-W
PSPARIDL,UNCH,1,250826-070214_PSPARIDL_after.png,Yes,Yes,Yes,NA,NA,NA,http://p5zlgintc01:16020/PayDirect/Merchant/Edit/4432,35EDM-RIDLY-PSPA1-W
VSPARIDL,Done,1,250826-070218_VSPARIDL_after.png,Yes,Yes,Yes,NA,NA,NA,http://p5zlgintc01:16020/PayDirect/Merchant/Edit/4433,35EDM-RIDLY-VSPA1-W
VANJ1708,Done,1,250826-070222_VANJ1708_after.png,Yes,Yes,Yes,NA,NA,NA,http://p5zlgintc01:16020/PayDirect/Merchant/Edit/4434,35EDM-PENNG-VANJ1-W
VTVAKILM,Done,1,250826-070226_VTVAKILM_after.png,Yes,Yes,Yes,NA,NA,NA,http://p5zlgintc01:16020/PayDirect/Merchant/Edit/4435,35EDM-KILMA-VTVA1-W
VUVAKILM,Done,1,250826-070231_VUVAKILM_after.png,Yes,Yes,Yes,NA,NA,NA,http://p5zlgintc01:16020/PayDirect/Merchant/Edit/4436,35EDM-KILMA-VUVA1-W
VAVAKILM,Done,1,250826-070235_VAVAKILM_after.png,Yes,Yes,Yes,NA,NA,NA,http://p5zlgintc01:16020/PayDirect/Merchant/Edit/4437,35EDM-KILMA-VAVA1-W
VUSCBRWC,Done,1,250826-070239_VUSCBRWC_after.png,Yes,Yes,Yes,NA,NA,NA,http://p5zlgintc01:16020/PayDirect/Merchant/Edit/4438,35EDM-BLUER-VUSC1-W
VMVAKILM,Done,1,250826-070243_VMVAKILM_after.png,Yes,Yes,Yes,NA,NA,NA,http://p5zlgintc01:16020/PayDirect/Merchant/Edit/4439,35EDM-KILMA-VMVA1-W
VMSCBRWC,Done,1,250826-070247_VMSCBRWC_after.png,Yes,Yes,Yes,NA,NA,NA,http://p5zlgintc01:16020/PayDirect/Merchant/Edit/4440,35EDM-BLUER-VMSC1-W
VTNCSURF,Done,1,250826-070252_VTNCSURF_after.png,Yes,Yes,Yes,NA,NA,NA,http://p5zlgintc01:16020/PayDirect/Merchant/Edit/4441,35EDM-SURFC-VTNC1-W
VUNCSURF,Done,1,250826-070256_VUNCSURF_after.png,Yes,Yes,Yes,NA,NA,NA,http://p5zlgintc01:16020/PayDirect/Merchant/Edit/4442,35EDM-SURFC-VUNC1-W
VMNCSURF,Done,1,250826-070300_VMNCSURF_after.png,Yes,Yes,Yes,NA,NA,NA,http://p5zlgintc01:16020/PayDirect/Merchant/Edit/4443,35EDM-SURFC-VMNC1-W
PTNJ1520,UNCH,1,250826-070304_PTNJ1520_after.png,Yes,Yes,Yes,NA,NA,NA,http://p5zlgintc01:16020/PayDirect/Merchant/Edit/4444,35EDM-MANNJ-PTNJ1-W
PUNJ1520,UNCH,1,250826-070839_PUNJ1520_after.png,Yes,Yes,Yes,NA,NA,NA,http://p5zlgintc01:16020/PayDirect/Merchant/Edit/4445,35EDM-MANNJ-PUNJ1-W
PCNJ1520,UNCH,1,250826-070844_PCNJ1520_after.png,Yes,Yes,Yes,NA,NA,NA,http://p5zlgintc01:16020/PayDirect/Merchant/Edit/4446,35EDM-MANNJ-PCNJ1-W
VTNJ1520,Done,1,250826-070848_VTNJ1520_after.png,Yes,Yes,Yes,NA,NA,NA,http://p5zlgintc01:16020/PayDirect/Merchant/Edit/4447,35EDM-MANNJ-VTNJ1-W
VUNJ1520,Done,1,250826-070852_VUNJ1520_after.png,Yes,Yes,Yes,NA,NA,NA,http://p5zlgintc01:16020/PayDirect/Merchant/Edit/4448,35EDM-MANNJ-VUNJ1-W
VMNJ1520,Done,1,250826-070857_VMNJ1520_after.png,Yes,Yes,Yes,NA,NA,NA,http://p5zlgintc01:16020/PayDirect/Merchant/Edit/4449,35EDM-MANNJ-VMNJ1-W
PTNJ1916,UNCH,1,250826-070901_PTNJ1916_after.png,Yes,Yes,Yes,NA,NA,NA,http://p5zlgintc01:16020/PayDirect/Merchant/Edit/4450,35EDM-BOONJ-PTNJ1-W
PUNJ1916,UNCH,1,250826-070905_PUNJ1916_after.png,Yes,Yes,Yes,NA,NA,NA,http://p5zlgintc01:16020/PayDirect/Merchant/Edit/4451,35EDM-BOONJ-PUNJ1-W
PTVAEMPO,UNCH,1,250826-070909_PTVAEMPO_after.png,Yes,Yes,Yes,NA,NA,NA,http://p5zlgintc01:16020/PayDirect/Merchant/Edit/4452,35EDM-COEVA-PTVA1-W
PUVAEMPO,UNCH,1,250826-070913_PUVAEMPO_after.png,Yes,Yes,Yes,NA,NA,NA,http://p5zlgintc01:16020/PayDirect/Merchant/Edit/4453,35EDM-COEVA-ECUTL-W
PAVAEMPO,UNCH,1,250826-070917_PAVAEMPO_after.png,Yes,Yes,Yes,NA,NA,NA,http://p5zlgintc01:16020/PayDirect/Merchant/Edit/4454,35EDM-COEVA-PAVA1-W
PCVAEMPO,UNCH,1,250826-070921_PCVAEMPO_after.png,Yes,Yes,Yes,NA,NA,NA,http://p5zlgintc01:16020/PayDirect/Merchant/Edit/4455,35EDM-COEVA-PCVA1-W
PUNYCHET,UNCH,1,250826-070926_PUNYCHET_after.png,Yes,Yes,Yes,NA,NA,NA,http://p5zlgintc01:16020/PayDirect/Merchant/Edit/4456,35EDM-CHENY-PUNY1-W
VUNYCHET,Done,1,250826-070930_VUNYCHET_after.png,Yes,Yes,Yes,NA,NA,NA,http://p5zlgintc01:16020/PayDirect/Merchant/Edit/4457,35EDM-CHENY-VUNY1-W
VMNYCHET,Done,1,250826-070935_VMNYCHET_after.png,Yes,Yes,Yes,NA,NA,NA,http://p5zlgintc01:16020/PayDirect/Merchant/Edit/4458,35EDM-CHENY-VMNY1-W
PDMOROLL,UNCH,1,250826-070939_PDMOROLL_after.png,Yes,Yes,Yes,NA,NA,NA,http://p5zlgintc01:16020/PayDirect/Merchant/Edit/4461,35EDM-ROLMO-PDMO1-W
VDMOROLL,Done,1,250826-070943_VDMOROLL_after.png,Yes,Yes,Yes,NA,NA,NA,http://p5zlgintc01:16020/PayDirect/Merchant/Edit/4462,35EDM-ROLMO-VDMO1-W
PUNYROYA,UNCH,1,250826-070947_PUNYROYA_after.png,Yes,Yes,Yes,NA,NA,NA,http://p5zlgintc01:16020/PayDirect/Merchant/Edit/4463,35EDM-ROYNY-PUNY1-W
PUNJ1011,UNCH,1,250826-070951_PUNJ1011_after.png,Yes,Yes,Yes,NA,NA,NA,http://p5zlgintc01:16020/PayDirect/Merchant/Edit/4464,35EDM-FRBNJ-PUNJ1-W
PTNJ1011,UNCH,1,250826-070955_PTNJ1011_after.png,Yes,Yes,Yes,NA,NA,NA,http://p5zlgintc01:16020/PayDirect/Merchant/Edit/4465,35EDM-FRBNJ-PTNJ1-W
PTPABFCI,UNCH,1,250826-071000_PTPABFCI_after.png,Yes,Yes,Yes,NA,NA,NA,http://p5zlgintc01:16020/PayDirect/Merchant/Edit/4466,35EDM-BEAPA-PTPA1-W
PAPABFCI,UNCH,1,250826-071005_PAPABFCI_after.png,Yes,Yes,Yes,NA,NA,NA,http://p5zlgintc01:16020/PayDirect/Merchant/Edit/4467,35EDM-BEAPA-PAPA1-W
PAWVMORG,UNCH,1,250826-071009_PAWVMORG_after.png,Yes,Yes,Yes,NA,NA,NA,http://p5zlgintc01:16020/PayDirect/Merchant/Edit/4468,35EDM-MORWV-PAWV1-W
VAWVMORG,Done,1,250826-071013_VAWVMORG_after.png,Yes,Yes,Yes,NA,NA,NA,http://p5zlgintc01:16020/PayDirect/Merchant/Edit/4469,35EDM-MORWV-VAWV1-W
VMWVMORG,Done,1,250826-071017_VMWVMORG_after.png,Yes,Yes,Yes,NA,NA,NA,http://p5zlgintc01:16020/PayDirect/Merchant/Edit/4470,35EDM-MORWV-VMWV1-W
PBNJ0217,UNCH,1,250826-071021_PBNJ0217_after.png,Yes,Yes,Yes,NA,NA,NA,http://p5zlgintc01:16020/PayDirect/Merchant/Edit/4471,35EDM-FAIRL-PBNJ1-W
PCNJ0217,UNCH,1,250826-071025_PCNJ0217_after.png,Yes,Yes,Yes,NA,NA,NA,http://p5zlgintc01:16020/PayDirect/Merchant/Edit/4472,35EDM-FAIRL-PCNJ1-W
PDNJ0217,UNCH,1,250826-071029_PDNJ0217_after.png,Yes,Yes,Yes,NA,NA,NA,http://p5zlgintc01:16020/PayDirect/Merchant/Edit/4473,35EDM-FAIRL-PDNJ1-W
PENJ0217,UNCH,1,250826-071034_PENJ0217_after.png,Yes,Yes,Yes,NA,NA,NA,http://p5zlgintc01:16020/PayDirect/Merchant/Edit/4474,35EDM-FAIRL-PENJ1-W
PHNJ0217,UNCH,1,250826-071038_PHNJ0217_after.png,Yes,Yes,Yes,NA,NA,NA,http://p5zlgintc01:16020/PayDirect/Merchant/Edit/4475,35EDM-FAIRL-PHNJ1-W
PJNJ0217,UNCH,1,250826-071042_PJNJ0217_after.png,Yes,Yes,Yes,NA,NA,NA,http://p5zlgintc01:16020/PayDirect/Merchant/Edit/4476,35EDM-FAIRL-PJNJ1-W
PLNJ0217,UNCH,1,250826-071046_PLNJ0217_after.png,Yes,Yes,Yes,NA,NA,NA,http://p5zlgintc01:16020/PayDirect/Merchant/Edit/4477,35EDM-FAIRL-PLNJ1-W
PONJ0217,UNCH,1,Step1_ImportSites_20260825_070709.png,Error,Yes,Yes,NA,NA,NA,http://p5zlgintc01:16020/PayDirect/Merchant/Edit/4478,35EDM-FAIRL-PONJ1-W
PPNJ0217,UNCH,1,250826-071122_PPNJ0217_after.png,Yes,Yes,Yes,NA,NA,NA,http://p5zlgintc01:16020/PayDirect/Merchant/Edit/4479,35EDM-FAIRL-PPNJ1-W
VBNJ0217,Done,1,250826-071126_VBNJ0217_after.png,Yes,Yes,Yes,NA,NA,NA,http://p5zlgintc01:16020/PayDirect/Merchant/Edit/4480,35EDM-FAIRL-VBNJ1-W
VDNJ0217,Done,1,Step1_ImportSites_20260825_070709.png,Error,Yes,Yes,NA,NA,NA,http://p5zlgintc01:16020/PayDirect/Merchant/Edit/4481,35EDM-FAIRL-VDNJ1-W
VENJ0217,Done,1,250826-071201_VENJ0217_after.png,Yes,Yes,Yes,NA,NA,NA,http://p5zlgintc01:16020/PayDirect/Merchant/Edit/4482,35EDM-FAIRL-VENJ1-W
VHNJ0217,Done,1,250826-071205_VHNJ0217_after.png,Yes,Yes,Yes,NA,NA,NA,http://p5zlgintc01:16020/PayDirect/Merchant/Edit/4483,35EDM-FAIRL-VHNJ1-W
VJNJ0217,Done,1,250826-071209_VJNJ0217_after.png,Yes,Yes,Yes,NA,NA,NA,http://p5zlgintc01:16020/PayDirect/Merchant/Edit/4484,35EDM-FAIRL-VJNJ1-W
VLNJ0217,Done,1,250826-071213_VLNJ0217_after.png,Yes,Yes,Yes,NA,NA,NA,http://p5zlgintc01:16020/PayDirect/Merchant/Edit/4485,35EDM-FAIRL-VLNJ1-W
VMNJ0217,Done,1,250826-071217_VMNJ0217_after.png,Yes,Yes,Yes,NA,NA,NA,http://p5zlgintc01:16020/PayDirect/Merchant/Edit/4486,35EDM-FAIRL-VMNJ1-W
VONJ0217,Done,1,250826-071221_VONJ0217_after.png,Yes,Yes,Yes,NA,NA,NA,http://p5zlgintc01:16020/PayDirect/Merchant/Edit/4487,35EDM-FAIRL-VONJ1-W
VPNJ0217,Done,1,250826-071225_VPNJ0217_after.png,Yes,Yes,Yes,NA,NA,NA,http://p5zlgintc01:16020/PayDirect/Merchant/Edit/4488,35EDM-FAIRL-VPNJ1-W
VTNJ1105,Done,1,250826-071229_VTNJ1105_after.png,Yes,Yes,Yes,NA,NA,NA,http://p5zlgintc01:16020/PayDirect/Merchant/Edit/4489,35EDM-HOPNJ-VTNJ1-W
VUNJ1105,Done,1,250826-071233_VUNJ1105_after.png,Yes,Yes,Yes,NA,NA,NA,http://p5zlgintc01:16020/PayDirect/Merchant/Edit/4490,35EDM-HOPNJ-VUNJ1-W
VTNJ1904,Done,1,250826-071237_VTNJ1904_after.png,Yes,Yes,Yes,NA,NA,NA,http://p5zlgintc01:16020/PayDirect/Merchant/Edit/4491,35EDM-BYRAM-VTNJ1-W
VUNJ1904,Done,1,250826-071241_VUNJ1904_after.png,Yes,Yes,Yes,NA,NA,NA,http://p5zlgintc01:16020/PayDirect/Merchant/Edit/4492,35EDM-BYRAM-VUNJ1-W
VMNJ1904,Done,1,250826-071246_VMNJ1904_after.png,Yes,Yes,Yes,NA,NA,NA,http://p5zlgintc01:16020/PayDirect/Merchant/Edit/4493,35EDM-BYRAM-VMNJ1-W
PUMDCHRT,UNCH,1,250826-071250_PUMDCHRT_after.png,Yes,Yes,Yes,NA,NA,NA,http://p5zlgintc01:16020/PayDirect/Merchant/Edit/4495,35EDM-CHAMD-PUMD1-W
PUGACLEV,UNCH,1,250826-071254_PUGACLEV_after.png,Yes,Yes,Yes,NA,NA,NA,http://p5zlgintc01:16020/PayDirect/Merchant/Edit/4496,35EDM-CLEGA-NTXAF-W
PAGACLEV,UNCH,1,250826-071258_PAGACLEV_after.png,Yes,Yes,Yes,NA,NA,NA,http://p5zlgintc01:16020/PayDirect/Merchant/Edit/4497,35EDM-CLEGA-PAGA1-W
PANJ0330,UNCH,1,250826-071822_PANJ0330_after.png,Yes,Yes,Yes,NA,NA,NA,http://p5zlgintc01:16020/PayDirect/Merchant/Edit/4498,35EDM-RIVSD-PANJ1-W
PUNYSCRN,UNCH,1,250826-071827_PUNYSCRN_after.png,Yes,Yes,Yes,NA,NA,NA,http://p5zlgintc01:16020/PayDirect/Merchant/Edit/4499,35EDM-SCHNY-PUNY1-W
PADECHSW,UNCH,1,250826-071831_PADECHSW_after.png,Yes,Yes,Yes,NA,NA,NA,http://p5zlgintc01:16020/PayDirect/Merchant/Edit/4501,35EDM-CHESW-PADE1-W
PTKYPIDS,UNCH,1,250826-071836_PTKYPIDS_after.png,Yes,Yes,Yes,NA,NA,NA,http://p5zlgintc01:16020/PayDirect/Merchant/Edit/4502,35EDM-PIDKY-PTKY1-W
PCKYPIDS,UNCH,1,250826-071840_PCKYPIDS_after.png,Yes,Yes,Yes,NA,NA,NA,http://p5zlgintc01:16020/PayDirect/Merchant/Edit/4503,35EDM-PIDKY-PCKY1-W
VTKYPIDS,Done,1,250826-071844_VTKYPIDS_after.png,Yes,Yes,Yes,NA,NA,NA,http://p5zlgintc01:16020/PayDirect/Merchant/Edit/4504,35EDM-PIDKY-VTKY1-W
VMKYPIDS,Done,1,250826-071848_VMKYPIDS_after.png,Yes,Yes,Yes,NA,NA,NA,http://p5zlgintc01:16020/PayDirect/Merchant/Edit/4505,35EDM-PIDKY-VMKY1-W
VFVACARR,Done,1,250826-071852_VFVACARR_after.png,Yes,Yes,Yes,NA,NA,NA,http://p5zlgintc01:16020/PayDirect/Merchant/Edit/4506,35EDM-CARCO-VFVA1-W
PUNJ0902,UNCH,1,250826-071856_PUNJ0902_after.png,Yes,Yes,Yes,NA,NA,NA,http://p5zlgintc01:16020/PayDirect/Merchant/Edit/4507,35EDM-BENNJ-PUNJ1-W
PTNJ0902,UNCH,1,250826-071900_PTNJ0902_after.png,Yes,Yes,Yes,NA,NA,NA,http://p5zlgintc01:16020/PayDirect/Merchant/Edit/4508,35EDM-BENNJ-PTNJ1-W
PUNCWALL,UNCH,1,250826-071904_PUNCWALL_after.png,Yes,Yes,Yes,NA,NA,NA,http://p5zlgintc01:16020/PayDirect/Merchant/Edit/4510,35EDM-WALLA-PUNC1-W
PUNYSEFA,UNCH,1,250826-071908_PUNYSEFA_after.png,Yes,Yes,Yes,NA,NA,NA,http://p5zlgintc01:16020/PayDirect/Merchant/Edit/4516,35EDM-TSFNY-PUNY1-W
PANYSEFA,UNCH,1,250826-071912_PANYSEFA_after.png,Yes,Yes,Yes,NA,NA,NA,http://p5zlgintc01:16020/PayDirect/Merchant/Edit/4517,35EDM-TSFNY-PANY1-W
PWNYSCRN,UNCH,1,250826-071916_PWNYSCRN_after.png,Yes,Yes,Yes,NA,NA,NA,http://p5zlgintc01:16020/PayDirect/Merchant/Edit/4519,35EDM-SCHNY-PWNY1-W
VUNJHMUA,Done,1,250826-071920_VUNJHMUA_after.png,Yes,Yes,Yes,NA,NA,NA,http://p5zlgintc01:16020/PayDirect/Merchant/Edit/4520,35EDM-HCKTT-VUNJ1-W
VMNJHMUA,Done,1,250826-071925_VMNJHMUA_after.png,Yes,Yes,Yes,NA,NA,NA,http://p5zlgintc01:16020/PayDirect/Merchant/Edit/4521,35EDM-HCKTT-VMNJ1-W
PTNJ1409,UNCH,1,250826-071929_PTNJ1409_after.png,Yes,Yes,Yes,NA,NA,NA,http://p5zlgintc01:16020/PayDirect/Merchant/Edit/4522,35EDM-TODNJ-PTNJ1-W
PUNJ1409,UNCH,1,250826-071933_PUNJ1409_after.png,Yes,Yes,Yes,NA,NA,NA,http://p5zlgintc01:16020/PayDirect/Merchant/Edit/4523,35EDM-TODNJ-PUNJ1-W
PWNJ1409,UNCH,1,250826-071937_PWNJ1409_after.png,Yes,Yes,Yes,NA,NA,NA,http://p5zlgintc01:16020/PayDirect/Merchant/Edit/4524,35EDM-TODNJ-PWNJ1-W
VTNJ1409,Done,1,250826-071941_VTNJ1409_after.png,Yes,Yes,Yes,NA,NA,NA,http://p5zlgintc01:16020/PayDirect/Merchant/Edit/4525,35EDM-TODNJ-VTNJ1-W
VUNJ1409,Done,1,250826-071945_VUNJ1409_after.png,Yes,Yes,Yes,NA,NA,NA,http://p5zlgintc01:16020/PayDirect/Merchant/Edit/4526,35EDM-TODNJ-VUNJ1-W
VWNJ1409,Done,1,250826-071949_VWNJ1409_after.png,Yes,Yes,Yes,NA,NA,NA,http://p5zlgintc01:16020/PayDirect/Merchant/Edit/4527,35EDM-TODNJ-VWNJ1-W
VMNJ1409,Done,1,250826-071953_VMNJ1409_after.png,Yes,Yes,Yes,NA,NA,NA,http://p5zlgintc01:16020/PayDirect/Merchant/Edit/4528,35EDM-TODNJ-VMNJ1-W
PTNJ2120,UNCH,1,250826-071957_PTNJ2120_after.png,Yes,Yes,Yes,NA,NA,NA,http://p5zlgintc01:16020/PayDirect/Merchant/Edit/4529,35EDM-POHNJ-PTNJ1-W
PUNJ2120,UNCH,1,250826-072001_PUNJ2120_after.png,Yes,Yes,Yes,NA,NA,NA,http://p5zlgintc01:16020/PayDirect/Merchant/Edit/4530,35EDM-POHNJ-PUNJ1-W
PUNYLKLZ,UNCH,1,250826-072006_PUNYLKLZ_after.png,Yes,Yes,Yes,NA,NA,NA,http://p5zlgintc01:16020/PayDirect/Merchant/Edit/4531,35EDM-LAKLU-PUNY1-W
VUNYLKLZ,Done,1,250826-072010_VUNYLKLZ_after.png,Yes,Yes,Yes,NA,NA,NA,http://p5zlgintc01:16020/PayDirect/Merchant/Edit/4532,35EDM-LAKLU-VUNY1-W
VMNYLKLZ,Done,1,250826-072014_VMNYLKLZ_after.png,Yes,Yes,Yes,NA,NA,NA,http://p5zlgintc01:16020/PayDirect/Merchant/Edit/4533,35EDM-LAKLU-VMNY1-W
PUGADARI,UNCH,1,250826-072018_PUGADARI_after.png,Yes,Yes,Yes,NA,NA,NA,http://p5zlgintc01:16020/PayDirect/Merchant/Edit/4534,35EDM-CODGA-PUGA1-W
PAGADARI,UNCH,1,250826-072023_PAGADARI_after.png,Yes,Yes,Yes,NA,NA,NA,http://p5zlgintc01:16020/PayDirect/Merchant/Edit/4535,35EDM-CODGA-PAGA1-W
PCGADARI,UNCH,1,250826-072027_PCGADARI_after.png,Yes,Yes,Yes,NA,NA,NA,http://p5zlgintc01:16020/PayDirect/Merchant/Edit/4536,35EDM-CODGA-PCGA1-W
PUNJ2006,UNCH,1,250826-072031_PUNJ2006_after.png,Yes,Yes,Yes,NA,NA,NA,http://p5zlgintc01:16020/PayDirect/Merchant/Edit/4537,35EDM-GARWD-PUNJ1-W
PTNJ0262,UNCH,1,250826-072035_PTNJ0262_after.png,Yes,Yes,Yes,NA,NA,NA,http://p5zlgintc01:16020/PayDirect/Merchant/Edit/4539,35EDM-BOTNJ-PTNJ1-W
VTNJ0262,Done,1,250826-072039_VTNJ0262_after.png,Yes,Yes,Yes,NA,NA,NA,http://p5zlgintc01:16020/PayDirect/Merchant/Edit/4540,35EDM-BOTNJ-VTNJ1-W
VMNJ0262,Done,1,250826-072043_VMNJ0262_after.png,Yes,Yes,Yes,NA,NA,NA,http://p5zlgintc01:16020/PayDirect/Merchant/Edit/4541,35EDM-BOTNJ-VMNJ1-W
PUNJ1408,UNCH,1,250826-072047_PUNJ1408_after.png,Yes,Yes,Yes,NA,NA,NA,http://p5zlgintc01:16020/PayDirect/Merchant/Edit/4543,35EDM-TODVJ-PUNJ1-W
PTNJ1408,UNCH,1,250826-072052_PTNJ1408_after.png,Yes,Yes,Yes,NA,NA,NA,http://p5zlgintc01:16020/PayDirect/Merchant/Edit/4544,35EDM-TODVJ-PTNJ1-W
PUALECAG,UNCH,1,250826-072057_PUALECAG_after.png,Yes,Yes,Yes,NA,NA,NA,http://p5zlgintc01:16020/PayDirect/Merchant/Edit/4545,35EDM-ECGAL-PUAL1-W
VUNJEPSA,Done,1,250826-072101_VUNJEPSA_after.png,Yes,Yes,Yes,NA,NA,NA,http://p5zlgintc01:16020/PayDirect/Merchant/Edit/4547,35EDM-EDWSA-VUNJ1-W
PAWVWEST,UNCH,1,250826-072106_PAWVWEST_after.png,Yes,Yes,Yes,NA,NA,NA,http://p5zlgintc01:16020/PayDirect/Merchant/Edit/4549,35EDM-COWWV-PAWV1-W
VAWVWEST,Done,1,250826-072110_VAWVWEST_after.png,Yes,Yes,Yes,NA,NA,NA,http://p5zlgintc01:16020/PayDirect/Merchant/Edit/4550,35EDM-COWWV-VAWV1-W
VMWVWEST,Done,1,250826-072114_VMWVWEST_after.png,Yes,Yes,Yes,NA,NA,NA,http://p5zlgintc01:16020/PayDirect/Merchant/Edit/4551,35EDM-COWWV-VMWV1-W
PTVAGRNV,UNCH,1,250826-072118_PTVAGRNV_after.png,Yes,Yes,Yes,NA,NA,NA,http://p5zlgintc01:16020/PayDirect/Merchant/Edit/4552,35EDM-COGVA-PTVA1-W
PUVAGRNV,UNCH,1,250826-072122_PUVAGRNV_after.png,Yes,Yes,Yes,NA,NA,NA,http://p5zlgintc01:16020/PayDirect/Merchant/Edit/4553,35EDM-COGVA-PUVA1-W
PAVAGRNV,UNCH,1,250826-072127_PAVAGRNV_after.png,Yes,Yes,Yes,NA,NA,NA,http://p5zlgintc01:16020/PayDirect/Merchant/Edit/4554,35EDM-COGVA-PAVA1-W
VTNYWAVL,Done,1,250826-072131_VTNYWAVL_after.png,Yes,Yes,Yes,NA,NA,NA,http://p5zlgintc01:16020/PayDirect/Merchant/Edit/4555,35EDM-VWSHV-VTNY1-W
VUNYWAVL,Done,1,250826-072135_VUNYWAVL_after.png,Yes,Yes,Yes,NA,NA,NA,http://p5zlgintc01:16020/PayDirect/Merchant/Edit/4556,35EDM-VWSHV-VUNY1-W
VMNYWAVL,Done,1,250826-072139_VMNYWAVL_after.png,Yes,Yes,Yes,NA,NA,NA,http://p5zlgintc01:16020/PayDirect/Merchant/Edit/4557,35EDM-VWSHV-VMNY1-W
PUNYDMTN,UNCH,1,250826-072143_PUNYDMTN_after.png,Yes,Yes,Yes,NA,NA,NA,http://p5zlgintc01:16020/PayDirect/Merchant/Edit/4558,35EDM-TODNY-PUNY1-W
PAFLETON,UNCH,1,250826-072147_PAFLETON_after.png,Yes,Yes,Yes,NA,NA,NA,http://p5zlgintc01:16020/PayDirect/Merchant/Edit/4561,35EDM-EATWN-PAFL1-W
PCFLETON,UNCH,1,250826-072833_PCFLETON_after.png,Yes,Yes,Yes,NA,NA,NA,http://p5zlgintc01:16020/PayDirect/Merchant/Edit/4562,35EDM-EATWN-PCFL1-W
VAFLETON,Done,1,250826-072837_VAFLETON_after.png,Yes,Yes,Yes,NA,NA,NA,http://p5zlgintc01:16020/PayDirect/Merchant/Edit/4563,35EDM-EATWN-VAFL1-W
PANJ0261,UNCH,1,250826-072841_PANJ0261_after.png,Yes,Yes,Yes,NA,NA,NA,http://p5zlgintc01:16020/PayDirect/Merchant/Edit/4566,35EDM-TNFLY-PANJ1-W
PCNJ0720,UNCH,1,250826-072845_PCNJ0720_after.png,Yes,Yes,Yes,NA,NA,NA,http://p5zlgintc01:16020/PayDirect/Merchant/Edit/4569,35EDM-TOVTX-PCNJ1-W
VALADSPP,Done,1,250826-072852_VALADSPP_after.png,Yes,Yes,Yes,NA,NA,NA,http://p5zlgintc01:16020/PayDirect/Merchant/Edit/4571,35EDM-DSOTO-VALA1-W
VMLADSPP,Done,1,250826-072856_VMLADSPP_after.png,Yes,Yes,Yes,NA,NA,NA,http://p5zlgintc01:16020/PayDirect/Merchant/Edit/4572,35EDM-DSOTO-VMLA1-W
PCNJ1209,UNCH,1,250826-072900_PCNJ1209_after.png,Yes,Yes,Yes,NA,NA,NA,http://p5zlgintc01:16020/PayDirect/Merchant/Edit/4573,35EDM-METUC-PCNJ1-W
PANJ0217,UNCH,1,250826-072904_PANJ0217_after.png,Yes,Yes,Yes,NA,NA,NA,http://p5zlgintc01:16020/PayDirect/Merchant/Edit/4574,35EDM-FAIRL-PANJ1-W
VANJ0217,Done,1,250826-072908_VANJ0217_after.png,Yes,Yes,Yes,NA,NA,NA,http://p5zlgintc01:16020/PayDirect/Merchant/Edit/4575,35EDM-FAIRL-VANJ1-W
PUWVPETE,UNCH,1,250826-072912_PUWVPETE_after.png,Yes,Yes,Yes,NA,NA,NA,http://p5zlgintc01:16020/PayDirect/Merchant/Edit/4576,35EDM-PETWV-PUWV1-W
PAWVPETE,UNCH,1,250826-072916_PAWVPETE_after.png,Yes,Yes,Yes,NA,NA,NA,http://p5zlgintc01:16020/PayDirect/Merchant/Edit/4577,35EDM-PETWV-PAWV1-W
VUWVPETE,Done,1,250826-072920_VUWVPETE_after.png,Yes,Yes,Yes,NA,NA,NA,http://p5zlgintc01:16020/PayDirect/Merchant/Edit/4578,35EDM-PETWV-VUWV1-W
VAWVPETE,Done,1,250826-072925_VAWVPETE_after.png,Yes,Yes,Yes,NA,NA,NA,http://p5zlgintc01:16020/PayDirect/Merchant/Edit/4579,35EDM-PETWV-VAWV1-W
VMWVPETE,Done,1,250826-072929_VMWVPETE_after.png,Yes,Yes,Yes,NA,NA,NA,http://p5zlgintc01:16020/PayDirect/Merchant/Edit/4580,35EDM-PETWV-VMWV1-W
PUTXUJWA,UNCH,1,250826-072933_PUTXUJWA_after.png,Yes,Yes,Yes,NA,NA,NA,http://p5zlgintc01:16020/PayDirect/Merchant/Edit/4583,35EDM-UJCWA-PUTX1-W
PTNJ1335,UNCH,1,250826-072938_PTNJ1335_after.png,Yes,Yes,Yes,NA,NA,NA,http://p5zlgintc01:16020/PayDirect/Merchant/Edit/4584,35EDM-NEPNJ-PTNJ1-W
PUNJ1335,UNCH,1,250826-072942_PUNJ1335_after.png,Yes,Yes,Yes,NA,NA,NA,http://p5zlgintc01:16020/PayDirect/Merchant/Edit/4585,35EDM-NEPNJ-PUNJ1-W
PTDEFELT,UNCH,1,250826-072946_PTDEFELT_after.png,Yes,Yes,Yes,NA,NA,NA,http://p5zlgintc01:16020/PayDirect/Merchant/Edit/4586,35EDM-FELDE-PTDE1-W
PUDEFELT,UNCH,1,250826-072950_PUDEFELT_after.png,Yes,Yes,Yes,NA,NA,NA,http://p5zlgintc01:16020/PayDirect/Merchant/Edit/4587,35EDM-FELDE-PUDE1-W
VAGATREN,Done,1,250826-072954_VAGATREN_after.png,Yes,Yes,Yes,NA,NA,NA,http://p5zlgintc01:16020/PayDirect/Merchant/Edit/4588,35EDM-TRNTG-VAGA1-W
VTGATREN,Done,1,250826-072959_VTGATREN_after.png,Yes,Yes,Yes,NA,NA,NA,http://p5zlgintc01:16020/PayDirect/Merchant/Edit/4589,35EDM-TRNTG-VTGA1-W
VMGATREN,Done,1,250826-073003_VMGATREN_after.png,Yes,Yes,Yes,NA,NA,NA,http://p5zlgintc01:16020/PayDirect/Merchant/Edit/4590,35EDM-TRNTG-VMGA1-W
PAFLBONI,UNCH,1,250826-073007_PAFLBONI_after.png,Yes,Yes,Yes,NA,NA,NA,http://p5zlgintc01:16020/PayDirect/Merchant/Edit/4591,35EDM-COBFL-PAFL1-W
PUFLBONI,UNCH,1,250826-073011_PUFLBONI_after.png,Yes,Yes,Yes,NA,NA,NA,http://p5zlgintc01:16020/PayDirect/Merchant/Edit/4592,35EDM-COBFL-PUFL1-W
PUTXEMCS,UNCH,1,250826-073016_PUTXEMCS_after.png,Yes,Yes,Yes,NA,NA,NA,http://p5zlgintc01:16020/PayDirect/Merchant/Edit/4593,35EDM-EMCST-PUTX1-W
VUTXEMCS,Done,1,250826-073020_VUTXEMCS_after.png,Yes,Yes,Yes,NA,NA,NA,http://p5zlgintc01:16020/PayDirect/Merchant/Edit/4594,35EDM-EMCST-VUTX1-W
VMTXEMCS,Done,1,250826-073025_VMTXEMCS_after.png,Yes,Yes,Yes,NA,NA,NA,http://p5zlgintc01:16020/PayDirect/Merchant/Edit/4595,35EDM-EMCST-VMTX1-W
PUGAMEUC,UNCH,1,250826-073029_PUGAMEUC_after.png,Yes,Yes,Yes,NA,NA,NA,http://p5zlgintc01:16020/PayDirect/Merchant/Edit/4596,35EDM-MSEGA-PUGA1-W
VMPAUCCT,Done,1,250826-073034_VMPAUCCT_after.png,Yes,Yes,Yes,NA,NA,NA,http://p5zlgintc01:16020/PayDirect/Merchant/Edit/4600,35EDM-UCHPA-VMPA1-W
PTNJ2115,UNCH,1,250826-073038_PTNJ2115_after.png,Yes,Yes,Yes,NA,NA,NA,http://p5zlgintc01:16020/PayDirect/Merchant/Edit/4602,35EDM-LOPNJ-PTNJ1-W
PUNJ2115,UNCH,1,250826-073042_PUNJ2115_after.png,Yes,Yes,Yes,NA,NA,NA,http://p5zlgintc01:16020/PayDirect/Merchant/Edit/4603,35EDM-LOPNJ-PUNJ1-W
VTNJ1335,Done,1,250826-073047_VTNJ1335_after.png,Yes,Yes,Yes,NA,NA,NA,http://p5zlgintc01:16020/PayDirect/Merchant/Edit/4604,35EDM-NEPNJ-VTNJ1-W
VUNJ1335,Done,1,250826-073051_VUNJ1335_after.png,Yes,Yes,Yes,NA,NA,NA,http://p5zlgintc01:16020/PayDirect/Merchant/Edit/4605,35EDM-NEPNJ-VUNJ1-W
VMNJ1335,Done,1,250826-073055_VMNJ1335_after.png,Yes,Yes,Yes,NA,NA,NA,http://p5zlgintc01:16020/PayDirect/Merchant/Edit/4606,35EDM-NEPNJ-VMNJ1-W
PUGASCRE,UNCH,1,250826-073100_PUGASCRE_after.png,Yes,Yes,Yes,NA,NA,NA,http://p5zlgintc01:16020/PayDirect/Merchant/Edit/4607,35EDM-COSSG-PUGA1-W
PANYGOSH,UNCH,1,250826-073105_PANYGOSH_after.png,Yes,Yes,Yes,NA,NA,NA,http://p5zlgintc01:16020/PayDirect/Merchant/Edit/4608,35EDM-VGOSH-PANY1-W
VANYGOSH,Done,1,250826-073109_VANYGOSH_after.png,Yes,Yes,Yes,NA,NA,NA,http://p5zlgintc01:16020/PayDirect/Merchant/Edit/4609,35EDM-VGOSH-VANY1-W
PTNYSCVL,UNCH,1,250826-073113_PTNYSCVL_after.png,Yes,Yes,Yes,NA,NA,NA,http://p5zlgintc01:16020/PayDirect/Merchant/Edit/4610,35EDM-VSCNY-PTNY1-W
PUINMART,UNCH,1,250826-073117_PUINMART_after.png,Yes,Yes,Yes,NA,NA,NA,http://p5zlgintc01:16020/PayDirect/Merchant/Edit/4611,35EDM-MARIN-PUIN1-W
PAINMART,UNCH,1,250826-073121_PAINMART_after.png,Yes,Yes,Yes,NA,NA,NA,http://p5zlgintc01:16020/PayDirect/Merchant/Edit/4612,35EDM-MARIN-PAIN1-W
PSINMART,UNCH,1,250826-073125_PSINMART_after.png,Yes,Yes,Yes,NA,NA,NA,http://p5zlgintc01:16020/PayDirect/Merchant/Edit/4613,35EDM-MARIN-PSIN1-W
PGINMART,UNCH,1,250826-073129_PGINMART_after.png,Yes,Yes,Yes,NA,NA,NA,http://p5zlgintc01:16020/PayDirect/Merchant/Edit/4614,35EDM-MARIN-PGIN1-W
PVINMART,UNCH,1,250826-073133_PVINMART_after.png,Yes,Yes,Yes,NA,NA,NA,http://p5zlgintc01:16020/PayDirect/Merchant/Edit/4615,35EDM-MARIN-PVIN1-W
PUGAHOGN,UNCH,1,250826-073137_PUGAHOGN_after.png,Yes,Yes,Yes,NA,NA,NA,http://p5zlgintc01:16020/PayDirect/Merchant/Edit/4617,35EDM-HOGGA-PUGA1-W
PAGAHOGN,UNCH,1,250826-073142_PAGAHOGN_after.png,Yes,Yes,Yes,NA,NA,NA,http://p5zlgintc01:16020/PayDirect/Merchant/Edit/4618,35EDM-HOGGA-PAGA1-W
VUGAHOGN,Done,1,250826-073146_VUGAHOGN_after.png,Yes,Yes,Yes,NA,NA,NA,http://p5zlgintc01:16020/PayDirect/Merchant/Edit/4619,35EDM-HOGGA-VUGA1-W
VAGAHOGN,Done,1,250826-073150_VAGAHOGN_after.png,Yes,Yes,Yes,NA,NA,NA,http://p5zlgintc01:16020/PayDirect/Merchant/Edit/4620,35EDM-HOGGA-VAGA1-W
VMGAHOGN,Done,1,250826-073154_VMGAHOGN_after.png,Yes,Yes,Yes,NA,NA,NA,http://p5zlgintc01:16020/PayDirect/Merchant/Edit/4621,35EDM-HOGGA-VMGA1-W
PUWVCTUB,UNCH,1,250826-073158_PUWVCTUB_after.png,Yes,Yes,Yes,NA,NA,NA,http://p5zlgintc01:16020/PayDirect/Merchant/Edit/4623,35EDM-CTUBC-PUWV1-W
PUNYMONV,UNCH,1,250826-073202_PUNYMONV_after.png,Yes,Yes,Yes,NA,NA,NA,http://p5zlgintc01:16020/PayDirect/Merchant/Edit/4624,35EDM-VOMNY-PUNY1-W
PUFLCHCY,UNCH,1,250826-073753_PUFLCHCY_after.png,Yes,Yes,Yes,NA,NA,NA,http://p5zlgintc01:16020/PayDirect/Merchant/Edit/4625,35EDM-CENFL-PUFL1-W
PTNJ0221,UNCH,1,250826-073758_PTNJ0221_after.png,Yes,Yes,Yes,NA,NA,NA,http://p5zlgintc01:16020/PayDirect/Merchant/Edit/4626,35EDM-GARNJ-PTNJ1-W
PUNJ0221,UNCH,1,250826-073802_PUNJ0221_after.png,Yes,Yes,Yes,NA,NA,NA,http://p5zlgintc01:16020/PayDirect/Merchant/Edit/4627,35EDM-GARNJ-PUNJ1-W
PUMOMILA,UNCH,1,250826-073806_PUMOMILA_after.png,Yes,Yes,Yes,NA,NA,NA,http://p5zlgintc01:16020/PayDirect/Merchant/Edit/4628,35EDM-MILMO-PUMO1-W
PCMOMILA,UNCH,1,250826-073811_PCMOMILA_after.png,Yes,Yes,Yes,NA,NA,NA,http://p5zlgintc01:16020/PayDirect/Merchant/Edit/4629,35EDM-MILMO-PCMO1-W
PAMDCHRT,UNCH,1,250826-073815_PAMDCHRT_after.png,Yes,Yes,Yes,NA,NA,NA,http://p5zlgintc01:16020/PayDirect/Merchant/Edit/4631,35EDM-CHAMD-PAMD1-W
VTNJ0507,Done,1,250826-073819_VTNJ0507_after.png,Yes,Yes,Yes,NA,NA,NA,http://p5zlgintc01:16020/PayDirect/Merchant/Edit/4634,35EDM-CNWUT-VTNJ1-W
VANJ0507,Done,1,250826-073824_VANJ0507_after.png,Yes,Yes,Yes,NA,NA,NA,http://p5zlgintc01:16020/PayDirect/Merchant/Edit/4635,35EDM-CNWUT-VANJ1-W
VMNJ0507,Done,1,250826-073828_VMNJ0507_after.png,Yes,Yes,Yes,NA,NA,NA,http://p5zlgintc01:16020/PayDirect/Merchant/Edit/4636,35EDM-CNWUT-VMNJ1-W
PTNYFRVL,UNCH,1,250826-073833_PTNYFRVL_after.png,Yes,Yes,Yes,NA,NA,NA,http://p5zlgintc01:16020/PayDirect/Merchant/Edit/4637,35EDM-FRANY-PTNY1-W
PUNYFRVL,UNCH,1,250826-073837_PUNYFRVL_after.png,Yes,Yes,Yes,NA,NA,NA,http://p5zlgintc01:16020/PayDirect/Merchant/Edit/4638,35EDM-FRANY-PUNY1-W
VTNYFRVL,Done,1,250826-073841_VTNYFRVL_after.png,Yes,Yes,Yes,NA,NA,NA,http://p5zlgintc01:16020/PayDirect/Merchant/Edit/4639,35EDM-FRANY-VTNY1-W
VUNYFRVL,Done,1,250826-073845_VUNYFRVL_after.png,Yes,Yes,Yes,NA,NA,NA,http://p5zlgintc01:16020/PayDirect/Merchant/Edit/4640,35EDM-FRANY-VUNY1-W
PTNJ1333,UNCH,1,250826-073849_PTNJ1333_after.png,Yes,Yes,Yes,NA,NA,NA,http://p5zlgintc01:16020/PayDirect/Merchant/Edit/4641,35EDM-MILNY-PTNJ1-W
PTNJ0715,UNCH,1,250826-073854_PTNJ0715_after.png,Yes,Yes,Yes,NA,NA,NA,http://p5zlgintc01:16020/PayDirect/Merchant/Edit/4644,35EDM-CALDN-PTNJ1-W
PTNYLAHO,UNCH,1,250826-073858_PTNYLAHO_after.png,Yes,Yes,Yes,NA,NA,NA,http://p5zlgintc01:16020/PayDirect/Merchant/Edit/4645,35EDM-LAHNY-PTNY1-W
VATXKEMP,Done,1,250826-073902_VATXKEMP_after.png,Yes,Yes,Yes,NA,NA,NA,http://p5zlgintc01:16020/PayDirect/Merchant/Edit/4647,35EDM-KEMTX-VATX1-W
PUMDWSTR,UNCH,1,250826-073907_PUMDWSTR_after.png,Yes,Yes,Yes,NA,NA,NA,http://p5zlgintc01:16020/PayDirect/Merchant/Edit/4648,35EDM-TOWMD-PUMD1-W
VUMDWSTR,Done,1,250826-073911_VUMDWSTR_after.png,Yes,Yes,Yes,NA,NA,NA,http://p5zlgintc01:16020/PayDirect/Merchant/Edit/4649,35EDM-TOWMD-VUMD1-W
PWNJ1415,UNCH,1,250826-073915_PWNJ1415_after.png,Yes,Yes,Yes,NA,NA,NA,http://p5zlgintc01:16020/PayDirect/Merchant/Edit/4651,35EDM-KIUTL-PWNJ1-W
PUPASNDY,UNCH,1,250826-073919_PUPASNDY_after.png,Yes,Yes,Yes,NA,NA,NA,http://p5zlgintc01:16020/PayDirect/Merchant/Edit/4652,35EDM-SNDPA-PUPA1-W
VUPASNDY,Done,1,250826-073923_VUPASNDY_after.png,Yes,Yes,Yes,NA,NA,NA,http://p5zlgintc01:16020/PayDirect/Merchant/Edit/4653,35EDM-SNDPA-VUPA1-W
PTSCCHPN,UNCH,1,250826-073928_PTSCCHPN_after.png,Yes,Yes,Yes,NA,NA,NA,http://p5zlgintc01:16020/PayDirect/Merchant/Edit/4655,35EDM-CHASC-PTSC1-W
PASCCHPN,UNCH,1,250826-073933_PASCCHPN_after.png,Yes,Yes,Yes,NA,NA,NA,http://p5zlgintc01:16020/PayDirect/Merchant/Edit/4656,35EDM-CHASC-PASC1-W
VTSCCHPN,Done,1,250826-073937_VTSCCHPN_after.png,Yes,Yes,Yes,NA,NA,NA,http://p5zlgintc01:16020/PayDirect/Merchant/Edit/4657,35EDM-CHASC-VTSC1-W
VASCCHPN,Done,1,250826-073941_VASCCHPN_after.png,Yes,Yes,Yes,NA,NA,NA,http://p5zlgintc01:16020/PayDirect/Merchant/Edit/4658,35EDM-CHASC-VASC1-W
PUNJLAND,UNCH,1,250826-073945_PUNJLAND_after.png,Yes,Yes,Yes,NA,NA,NA,http://p5zlgintc01:16020/PayDirect/Merchant/Edit/4659,35EDM-LANNJ-PUNJ1-W
PUMDDORC,UNCH,1,250826-073951_PUMDDORC_after.png,Yes,Yes,Yes,NA,NA,NA,http://p5zlgintc01:16020/PayDirect/Merchant/Edit/4660,35EDM-DORCH-PUMD1-W
VUMDDORC,Done,1,250826-073955_VUMDDORC_after.png,Yes,Yes,Yes,NA,NA,NA,http://p5zlgintc01:16020/PayDirect/Merchant/Edit/4661,35EDM-DORCH-VUMD1-W
PATXKEMP,UNCH,1,250826-074000_PATXKEMP_after.png,Yes,Yes,Yes,NA,NA,NA,http://p5zlgintc01:16020/PayDirect/Merchant/Edit/4665,35EDM-KEMTX-PATX1-W
PTNYEWIL,UNCH,1,250826-074005_PTNYEWIL_after.png,Yes,Yes,Yes,NA,NA,NA,http://p5zlgintc01:16020/PayDirect/Merchant/Edit/4668,35EDM-EWVNY-PTNY1-W
PUNYEWIL,UNCH,1,250826-074009_PUNYEWIL_after.png,Yes,Yes,Yes,NA,NA,NA,http://p5zlgintc01:16020/PayDirect/Merchant/Edit/4669,35EDM-EWVNY-PUNY1-W
PANYEWIL,UNCH,1,250826-074013_PANYEWIL_after.png,Yes,Yes,Yes,NA,NA,NA,http://p5zlgintc01:16020/PayDirect/Merchant/Edit/4670,35EDM-EWVNY-PANY1-W
PUWVPPSD,UNCH,1,250826-074017_PUWVPPSD_after.png,Yes,Yes,Yes,NA,NA,NA,http://p5zlgintc01:16020/PayDirect/Merchant/Edit/4671,35EDM-PUTWV-PUWV1-W
PTNYITHA,UNCH,1,250826-074022_PTNYITHA_after.png,Yes,Yes,Yes,NA,NA,NA,http://p5zlgintc01:16020/PayDirect/Merchant/Edit/4672,35EDM-ITHNY-PTNY1-W
PTNJ2016,UNCH,1,250826-074026_PTNJ2016_after.png,Yes,Yes,Yes,NA,NA,NA,http://p5zlgintc01:16020/PayDirect/Merchant/Edit/4674,35EDM-TSPNJ-PTNJ1-W
PUNJ2016,UNCH,1,250826-074030_PUNJ2016_after.png,Yes,Yes,Yes,NA,NA,NA,http://p5zlgintc01:16020/PayDirect/Merchant/Edit/4675,35EDM-TSPNJ-PUNJ1-W
PUGAHCWA,UNCH,1,250826-074034_PUGAHCWA_after.png,Yes,Yes,Yes,NA,NA,NA,http://p5zlgintc01:16020/PayDirect/Merchant/Edit/4676,35EDM-HCWGA-PUGA1-W
VUGAHCWA,Done,1,250826-074039_VUGAHCWA_after.png,Yes,Yes,Yes,NA,NA,NA,http://p5zlgintc01:16020/PayDirect/Merchant/Edit/4677,35EDM-HCWGA-VUGA1-W
VMGAHCWA,Done,1,250826-074043_VMGAHCWA_after.png,Yes,Yes,Yes,NA,NA,NA,http://p5zlgintc01:16020/PayDirect/Merchant/Edit/4678,35EDM-HCWGA-VMGA1-W
PUPAMAWA,UNCH,1,250826-074047_PUPAMAWA_after.png,Yes,Yes,Yes,NA,NA,NA,http://p5zlgintc01:16020/PayDirect/Merchant/Edit/4685,35EDM-MAWPA-PUPA1-W
PAKSLEOC,UNCH,1,250826-074051_PAKSLEOC_after.png,Yes,Yes,Yes,NA,NA,NA,http://p5zlgintc01:16020/PayDirect/Merchant/Edit/4694,35EDM-COLKS-PAKS1-W
PUKSLEOC,UNCH,1,250826-074056_PUKSLEOC_after.png,Yes,Yes,Yes,NA,NA,NA,http://p5zlgintc01:16020/PayDirect/Merchant/Edit/4695,35EDM-COLKS-PUKS1-W
PUIADURA,UNCH,1,250826-074100_PUIADURA_after.png,Yes,Yes,Yes,NA,NA,NA,http://p5zlgintc01:16020/PayDirect/Merchant/Edit/4697,35EDM-DMPIA-PUIA1-W
PEIADURA,UNCH,1,250826-074105_PEIADURA_after.png,Yes,Yes,Yes,NA,NA,NA,http://p5zlgintc01:16020/PayDirect/Merchant/Edit/4698,35EDM-DMPIA-PEIA1-W
PUGACAVE,UNCH,1,250826-074109_PUGACAVE_after.png,Yes,Yes,Yes,NA,NA,NA,http://p5zlgintc01:16020/PayDirect/Merchant/Edit/4699,35EDM-CAVGA-PUGA1-W
PCGACAVE,UNCH,1,250826-074113_PCGACAVE_after.png,Yes,Yes,Yes,NA,NA,NA,http://p5zlgintc01:16020/PayDirect/Merchant/Edit/4700,35EDM-CAVGA-PCGA1-W
PAGACAVE,UNCH,1,250826-074118_PAGACAVE_after.png,Yes,Yes,Yes,NA,NA,NA,http://p5zlgintc01:16020/PayDirect/Merchant/Edit/4701,35EDM-CAVGA-PAGA1-W
PUIAGUTN,UNCH,1,250826-074122_PUIAGUTN_after.png,Yes,Yes,Yes,NA,NA,NA,http://p5zlgintc01:16020/PayDirect/Merchant/Edit/4705,35EDM-COGIA-PUIA1-W
PAPANSEW,UNCH,1,250826-074127_PAPANSEW_after.png,Yes,Yes,Yes,NA,NA,NA,http://p5zlgintc01:16020/PayDirect/Merchant/Edit/4706,35EDM-NSTPA-PAPA1-W
VAPANSEW,Done,1,250826-074852_VAPANSEW_after.png,Yes,Yes,Yes,NA,NA,NA,http://p5zlgintc01:16020/PayDirect/Merchant/Edit/4708,35EDM-NSTPA-VAPA1-W
PUMDHAMP,UNCH,1,250826-074856_PUMDHAMP_after.png,Yes,Yes,Yes,NA,NA,NA,http://p5zlgintc01:16020/PayDirect/Merchant/Edit/4709,35EDM-TOHMD-PUMD1-W
VMMDHAMP,Done,1,250826-074900_VMMDHAMP_after.png,Yes,Yes,Yes,NA,NA,NA,http://p5zlgintc01:16020/PayDirect/Merchant/Edit/4710,35EDM-TOHMD-VMMD1-W
VUMDHAMP,Done,1,250826-074905_VUMDHAMP_after.png,Yes,Yes,Yes,NA,NA,NA,http://p5zlgintc01:16020/PayDirect/Merchant/Edit/4711,35EDM-TOHMD-VUMD1-W
PUIACLAR,UNCH,1,250826-074909_PUIACLAR_after.png,Yes,Yes,Yes,NA,NA,NA,http://p5zlgintc01:16020/PayDirect/Merchant/Edit/4712,35EDM-CLAIA-PUIA1-W
PWNJ1335,UNCH,1,250826-074913_PWNJ1335_after.png,Yes,Yes,Yes,NA,NA,NA,http://p5zlgintc01:16020/PayDirect/Merchant/Edit/4713,35EDM-NEPNJ-PWNJ1-W
VWNJ1335,Done,1,250826-074917_VWNJ1335_after.png,Yes,Yes,Yes,NA,NA,NA,http://p5zlgintc01:16020/PayDirect/Merchant/Edit/4714,35EDM-NEPNJ-VWNJ1-W
PCGAJSPR,UNCH,1,250826-074921_PCGAJSPR_after.png,Yes,Yes,Yes,NA,NA,NA,http://p5zlgintc01:16020/PayDirect/Merchant/Edit/4715,35EDM-JPCGA-PCGA1-W
PLGAJSPR,UNCH,1,250826-074927_PLGAJSPR_after.png,Yes,Yes,Yes,NA,NA,NA,http://p5zlgintc01:16020/PayDirect/Merchant/Edit/4716,35EDM-JPCGA-PLGA1-W
VEGAJSPR,Done,1,250826-074931_VEGAJSPR_after.png,Yes,Yes,Yes,NA,NA,NA,http://p5zlgintc01:16020/PayDirect/Merchant/Edit/4717,35EDM-JPCGA-VEGA1-W
VMGAJSPR,Done,1,250826-074935_VMGAJSPR_after.png,Yes,Yes,Yes,NA,NA,NA,http://p5zlgintc01:16020/PayDirect/Merchant/Edit/4718,35EDM-JPCGA-VMGA1-W
PTNJ1439,UNCH,1,250826-074940_PTNJ1439_after.png,Yes,Yes,Yes,NA,NA,NA,http://p5zlgintc01:16020/PayDirect/Merchant/Edit/4721,35EDM-BOWNJ-PTNJ1-W
PUNJ1439,UNCH,1,250826-074944_PUNJ1439_after.png,Yes,Yes,Yes,NA,NA,NA,http://p5zlgintc01:16020/PayDirect/Merchant/Edit/4722,35EDM-BOWNJ-PUNJ1-W
PSNJ1439,UNCH,1,250826-074948_PSNJ1439_after.png,Yes,Yes,Yes,NA,NA,NA,http://p5zlgintc01:16020/PayDirect/Merchant/Edit/4723,35EDM-BOWNJ-PSNJ1-W
PAGAWICO,UNCH,1,250826-074952_PAGAWICO_after.png,Yes,Yes,Yes,NA,NA,NA,http://p5zlgintc01:16020/PayDirect/Merchant/Edit/4725,35EDM-WILGA-PAGA1-W
VAGAWICO,Done,1,250826-074956_VAGAWICO_after.png,Yes,Yes,Yes,NA,NA,NA,http://p5zlgintc01:16020/PayDirect/Merchant/Edit/4726,35EDM-WILGA-VAGA1-W
PUMOVAND,UNCH,1,250826-075001_PUMOVAND_after.png,Yes,Yes,Yes,NA,NA,NA,http://p5zlgintc01:16020/PayDirect/Merchant/Edit/4727,35EDM-COVMO-PUMO1-W
VUMOVAND,Done,1,250826-075005_VUMOVAND_after.png,Yes,Yes,Yes,NA,NA,NA,http://p5zlgintc01:16020/PayDirect/Merchant/Edit/4728,35EDM-COVMO-VUMO1-W
VMMOVAND,Done,1,250826-075009_VMMOVAND_after.png,Yes,Yes,Yes,NA,NA,NA,http://p5zlgintc01:16020/PayDirect/Merchant/Edit/4729,35EDM-COVMO-VMMO1-W
PAVACFRG,UNCH,1,250826-075014_PAVACFRG_after.png,Yes,Yes,Yes,NA,NA,NA,http://p5zlgintc01:16020/PayDirect/Merchant/Edit/4730,35EDM-TCFVA-PAVA1-W
PTVACFRG,UNCH,1,250826-075018_PTVACFRG_after.png,Yes,Yes,Yes,NA,NA,NA,http://p5zlgintc01:16020/PayDirect/Merchant/Edit/4731,35EDM-TCFVA-PTVA1-W
PUVACFRG,UNCH,1,250826-075022_PUVACFRG_after.png,Yes,Yes,Yes,NA,NA,NA,http://p5zlgintc01:16020/PayDirect/Merchant/Edit/4732,35EDM-TCFVA-PUVA1-W
VAVACFRG,Done,1,250826-075027_VAVACFRG_after.png,Yes,Yes,Yes,NA,NA,NA,http://p5zlgintc01:16020/PayDirect/Merchant/Edit/4733,35EDM-TCFVA-VAVA1-W
VTVACFRG,Done,1,250826-075031_VTVACFRG_after.png,Yes,Yes,Yes,NA,NA,NA,http://p5zlgintc01:16020/PayDirect/Merchant/Edit/4734,35EDM-TCFVA-VTVA1-W
VUVACFRG,Done,1,250826-075036_VUVACFRG_after.png,Yes,Yes,Yes,NA,NA,NA,http://p5zlgintc01:16020/PayDirect/Merchant/Edit/4735,35EDM-TCFVA-VUVA1-W
VMVACFRG,Done,1,250826-075040_VMVACFRG_after.png,Yes,Yes,Yes,NA,NA,NA,http://p5zlgintc01:16020/PayDirect/Merchant/Edit/4736,35EDM-TCFVA-VMVA1-W
PTDEFRED,UNCH,1,250826-075044_PTDEFRED_after.png,Yes,Yes,Yes,NA,NA,NA,http://p5zlgintc01:16020/PayDirect/Merchant/Edit/4737,35EDM-TOFDE-PTDE1-W
PUDEFRED,UNCH,1,250826-075049_PUDEFRED_after.png,Yes,Yes,Yes,NA,NA,NA,http://p5zlgintc01:16020/PayDirect/Merchant/Edit/4738,35EDM-TOFDE-PUDE1-W
PTNJ0314,UNCH,1,250826-075053_PTNJ0314_after.png,Yes,Yes,Yes,NA,NA,NA,http://p5zlgintc01:16020/PayDirect/Merchant/Edit/4739,35EDM-BOFNJ-PTNJ1-W
PUNJ0314,UNCH,1,250826-075057_PUNJ0314_after.png,Yes,Yes,Yes,NA,NA,NA,http://p5zlgintc01:16020/PayDirect/Merchant/Edit/4740,35EDM-BOFNJ-PUNJ1-W
PTNYNPOR,UNCH,1,250826-075102_PTNYNPOR_after.png,Yes,Yes,Yes,NA,NA,NA,http://p5zlgintc01:16020/PayDirect/Merchant/Edit/4741,35EDM-NEWNY-PTNY1-W
PTTNBAXT,UNCH,1,250826-075106_PTTNBAXT_after.png,Yes,Yes,Yes,NA,NA,NA,http://p5zlgintc01:16020/PayDirect/Merchant/Edit/4746,35EDM-BAXTN-PTTN1-W
PUTNBAXT,UNCH,1,250826-075110_PUTNBAXT_after.png,Yes,Yes,Yes,NA,NA,NA,http://p5zlgintc01:16020/PayDirect/Merchant/Edit/4747,35EDM-BAXTN-PUTN1-W
PCTNBAXT,UNCH,1,250826-075114_PCTNBAXT_after.png,Yes,Yes,Yes,NA,NA,NA,http://p5zlgintc01:16020/PayDirect/Merchant/Edit/4748,35EDM-BAXTN-PCTN1-W
VTTNBAXT,Done,1,250826-075118_VTTNBAXT_after.png,Yes,Yes,Yes,NA,NA,NA,http://p5zlgintc01:16020/PayDirect/Merchant/Edit/4749,35EDM-BAXTN-VTTN1-W
VUTNBAXT,Done,1,250826-075123_VUTNBAXT_after.png,Yes,Yes,Yes,NA,NA,NA,http://p5zlgintc01:16020/PayDirect/Merchant/Edit/4750,35EDM-BAXTN-VUTN1-W
VMTNBAXT,Done,1,250826-075127_VMTNBAXT_after.png,Yes,Yes,Yes,NA,NA,NA,http://p5zlgintc01:16020/PayDirect/Merchant/Edit/4751,35EDM-BAXTN-VMTN1-W
PUIAODEB,UNCH,1,250826-075131_PUIAODEB_after.png,Yes,Yes,Yes,NA,NA,NA,http://p5zlgintc01:16020/PayDirect/Merchant/Edit/4752,35EDM-CODIA-PUIA1-W
PUIAMCLD,UNCH,1,250826-075135_PUIAMCLD_after.png,Yes,Yes,Yes,NA,NA,NA,http://p5zlgintc01:16020/PayDirect/Merchant/Edit/4753,35EDM-COMIA-PUIA1-W
PANJ0107,UNCH,1,250826-075139_PANJ0107_after.png,Yes,Yes,Yes,NA,NA,NA,http://p5zlgintc01:16020/PayDirect/Merchant/Edit/4754,35EDM-EGGCT-PANJ1-W
PCNJ0107,UNCH,1,250826-075143_PCNJ0107_after.png,Yes,Yes,Yes,NA,NA,NA,http://p5zlgintc01:16020/PayDirect/Merchant/Edit/4755,35EDM-EGGCT-PCNJ1-W
VANJ0107,Done,1,250826-075148_VANJ0107_after.png,Yes,Yes,Yes,NA,NA,NA,http://p5zlgintc01:16020/PayDirect/Merchant/Edit/4756,35EDM-EGGCT-VANJ1-W
VMNJ0107,Done,1,250826-075152_VMNJ0107_after.png,Yes,Yes,Yes,NA,NA,NA,http://p5zlgintc01:16020/PayDirect/Merchant/Edit/4757,35EDM-EGGCT-VMNJ1-W
PUIAELKH,UNCH,1,250826-075156_PUIAELKH_after.png,Yes,Yes,Yes,NA,NA,NA,http://p5zlgintc01:16020/PayDirect/Merchant/Edit/4758,35EDM-COEIA-PUIA1-W
PUSCSGWD,UNCH,1,250826-075201_PUSCSGWD_after.png,Yes,Yes,Yes,NA,NA,NA,http://p5zlgintc01:16020/PayDirect/Merchant/Edit/4759,35EDM-SGTSC-PUSC1-W
PASCSTGT,UNCH,1,250826-075206_PASCSTGT_after.png,Yes,Yes,Yes,NA,NA,NA,http://p5zlgintc01:16020/PayDirect/Merchant/Edit/4760,35EDM-SGTSC-PASC1-W
VUSCSGWD,Done,1,250826-075210_VUSCSGWD_after.png,Yes,Yes,Yes,NA,NA,NA,http://p5zlgintc01:16020/PayDirect/Merchant/Edit/4761,35EDM-SGTSC-VUSC1-W
VASCSTGT,Done,1,250826-075214_VASCSTGT_after.png,Yes,Yes,Yes,NA,NA,NA,http://p5zlgintc01:16020/PayDirect/Merchant/Edit/4762,35EDM-SGTSC-VASC1-W
VMSCSTGT,Done,1,250826-075218_VMSCSTGT_after.png,Yes,Yes,Yes,NA,NA,NA,http://p5zlgintc01:16020/PayDirect/Merchant/Edit/4763,35EDM-SGTSC-VMSC1-W
PUKSGRBC,UNCH,1,250826-075223_PUKSGRBC_after.png,Yes,Yes,Yes,NA,NA,NA,http://p5zlgintc01:16020/PayDirect/Merchant/Edit/4764,35EDM-GBCKS-PUKS1-W
PUIAOAKC,UNCH,1,250826-075825_PUIAOAKC_after.png,Yes,Yes,Yes,NA,NA,NA,http://p5zlgintc01:16020/PayDirect/Merchant/Edit/4765,35EDM-OAKIA-PUIA1-W
VUIAOAKC,Done,1,250826-075829_VUIAOAKC_after.png,Yes,Yes,Yes,NA,NA,NA,http://p5zlgintc01:16020/PayDirect/Merchant/Edit/4766,35EDM-OAKIA-VUIA1-W
VMIAOAKC,Done,1,250826-075833_VMIAOAKC_after.png,Yes,Yes,Yes,NA,NA,NA,http://p5zlgintc01:16020/PayDirect/Merchant/Edit/4767,35EDM-OAKIA-VMIA1-W
PTNJ0245,UNCH,1,250826-075837_PTNJ0245_after.png,Yes,Yes,Yes,NA,NA,NA,http://p5zlgintc01:16020/PayDirect/Merchant/Edit/4768,35EDM-PPBNJ-PTNJ1-W
PUNJ1021,UNCH,1,250826-075841_PUNJ1021_after.png,Yes,Yes,Yes,NA,NA,NA,http://p5zlgintc01:16020/PayDirect/Merchant/Edit/4770,35EDM-RARNJ-PUNJ1-W
PUPAFARR,UNCH,1,250826-075846_PUPAFARR_after.png,Yes,Yes,Yes,NA,NA,NA,http://p5zlgintc01:16020/PayDirect/Merchant/Edit/4771,35EDM-COFPA-PUPA1-W
VMPAFARR,Done,1,250826-075850_VMPAFARR_after.png,Yes,Yes,Yes,NA,NA,NA,http://p5zlgintc01:16020/PayDirect/Merchant/Edit/4772,35EDM-COFPA-VMPA1-W
VUPAFARR,Done,1,250826-075855_VUPAFARR_after.png,Yes,Yes,Yes,NA,NA,NA,http://p5zlgintc01:16020/PayDirect/Merchant/Edit/4773,35EDM-COFPA-VUPA1-W
PUIAERHC,UNCH,1,250826-075859_PUIAERHC_after.png,Yes,Yes,Yes,NA,NA,NA,http://p5zlgintc01:16020/PayDirect/Merchant/Edit/4774,35EDM-ERHIA-PUIA1-W
PATXSSCY,UNCH,1,250826-075903_PATXSSCY_after.png,Yes,Yes,Yes,NA,NA,NA,http://p5zlgintc01:16020/PayDirect/Merchant/Edit/4775,35EDM-TSSTX-PATX1-W
PANHENFI,UNCH,1,250826-075908_PANHENFI_after.png,Yes,Yes,Yes,NA,NA,NA,http://p5zlgintc01:16020/PayDirect/Merchant/Edit/4776,35EDM-TOENH-PANH1-W
PCDEOCVW,UNCH,1,250826-075912_PCDEOCVW_after.png,Yes,Yes,Yes,NA,NA,NA,http://p5zlgintc01:16020/PayDirect/Merchant/Edit/4777,35EDM-OVIEW-PCDE1-W
PUTXSSCY,UNCH,1,250826-075916_PUTXSSCY_after.png,Yes,Yes,Yes,NA,NA,NA,http://p5zlgintc01:16020/PayDirect/Merchant/Edit/4778,35EDM-TSSTX-PUTX1-W
PCTXSSCY,UNCH,1,250826-075921_PCTXSSCY_after.png,Yes,Yes,Yes,NA,NA,NA,http://p5zlgintc01:16020/PayDirect/Merchant/Edit/4779,35EDM-TSSTX-PCTX1-W
PUVACCUS,UNCH,1,250826-075925_PUVACCUS_after.png,Yes,Yes,Yes,NA,NA,NA,http://p5zlgintc01:16020/PayDirect/Merchant/Edit/4781,35EDM-CCUSA-PUVA1-W
PAVAMANA,UNCH,1,250826-075929_PAVAMANA_after.png,Yes,Yes,Yes,NA,NA,NA,http://p5zlgintc01:16020/PayDirect/Merchant/Edit/4782,35EDM-CMPVA-PAVA1-W
PUVAMANA,UNCH,1,250826-075933_PUVAMANA_after.png,Yes,Yes,Yes,NA,NA,NA,http://p5zlgintc01:16020/PayDirect/Merchant/Edit/4783,35EDM-CMPVA-PUVA1-W
PCVAMANA,UNCH,1,250826-075937_PCVAMANA_after.png,Yes,Yes,Yes,NA,NA,NA,http://p5zlgintc01:16020/PayDirect/Merchant/Edit/4784,35EDM-CMPVA-PCVA1-W
PAMOLARC,UNCH,1,250826-075942_PAMOLARC_after.png,Yes,Yes,Yes,NA,NA,NA,http://p5zlgintc01:16020/PayDirect/Merchant/Edit/4787,35EDM-COLMO-PAMO1-W
PUMOLARC,UNCH,1,250826-075946_PUMOLARC_after.png,Yes,Yes,Yes,NA,NA,NA,http://p5zlgintc01:16020/PayDirect/Merchant/Edit/4788,35EDM-COLMO-PUMO1-W
PCMOLARC,UNCH,1,250826-075951_PCMOLARC_after.png,Yes,Yes,Yes,NA,NA,NA,http://p5zlgintc01:16020/PayDirect/Merchant/Edit/4789,35EDM-COLMO-PCMO1-W
PUNYRVRH,UNCH,1,250826-075955_PUNYRVRH_after.png,Yes,Yes,Yes,NA,NA,NA,http://p5zlgintc01:16020/PayDirect/Merchant/Edit/4791,35EDM-TORNY-PUNY1-W
PAIAINDT,UNCH,1,250826-075959_PAIAINDT_after.png,Yes,Yes,Yes,NA,NA,NA,http://p5zlgintc01:16020/PayDirect/Merchant/Edit/4792,35EDM-INCIA-PAIA1-W
PCIAINDT,UNCH,1,250826-080004_PCIAINDT_after.png,Yes,Yes,Yes,NA,NA,NA,http://p5zlgintc01:16020/PayDirect/Merchant/Edit/4793,35EDM-INCIA-PCIA1-W
PUIAPLTH,UNCH,1,250826-080008_PUIAPLTH_after.png,Yes,Yes,Yes,NA,NA,NA,http://p5zlgintc01:16020/PayDirect/Merchant/Edit/4795,35EDM-PLYIA-PUIA1-W
VUNYDMTN,Done,1,250826-080012_VUNYDMTN_after.png,Yes,Yes,Yes,NA,NA,NA,http://p5zlgintc01:16020/PayDirect/Merchant/Edit/4797,35EDM-TODNY-VUNY1-W
VMNYDMTN,Done,1,250826-080016_VMNYDMTN_after.png,Yes,Yes,Yes,NA,NA,NA,http://p5zlgintc01:16020/PayDirect/Merchant/Edit/4798,35EDM-TODNY-VMNY1-W
PUWVPARS,UNCH,1,250826-080021_PUWVPARS_after.png,Yes,Yes,Yes,NA,NA,NA,http://p5zlgintc01:16020/PayDirect/Merchant/Edit/4800,35EDM-PARWV-PUWV1-W
PUNYBING,UNCH,1,250826-080025_PUNYBING_after.png,Yes,Yes,Yes,NA,NA,NA,http://p5zlgintc01:16020/PayDirect/Merchant/Edit/4802,35EDM-TOBNY-PUNY1-W
PAKYCALV,UNCH,1,250826-080029_PAKYCALV_after.png,Yes,Yes,Yes,NA,NA,NA,http://p5zlgintc01:16020/PayDirect/Merchant/Edit/4803,35EDM-COCKY-PAKY1-W
PTKYCALV,UNCH,1,250826-080033_PTKYCALV_after.png,Yes,Yes,Yes,NA,NA,NA,http://p5zlgintc01:16020/PayDirect/Merchant/Edit/4804,35EDM-COCKY-PTKY1-W
PUKYCALS,UNCH,1,250826-080037_PUKYCALS_after.png,Yes,Yes,Yes,NA,NA,NA,http://p5zlgintc01:16020/PayDirect/Merchant/Edit/4805,35EDM-COCKY-PUKY1-W
PCKYCALV,UNCH,1,250826-080042_PCKYCALV_after.png,Yes,Yes,Yes,NA,NA,NA,http://p5zlgintc01:16020/PayDirect/Merchant/Edit/4806,35EDM-COCKY-PCKY1-W
PUNEMILF,UNCH,1,250826-080047_PUNEMILF_after.png,Yes,Yes,Yes,NA,NA,NA,http://p5zlgintc01:16020/PayDirect/Merchant/Edit/4809,35EDM-MILNE-PUNE1-W
VUNEMILF,Done,1,250826-080052_VUNEMILF_after.png,Yes,Yes,Yes,NA,NA,NA,http://p5zlgintc01:16020/PayDirect/Merchant/Edit/4810,35EDM-MILNE-VUNE1-W
VMNEMILF,Done,1,Step1_ImportSites_20260825_075647.png,Error,Yes,Yes,NA,NA,NA,http://p5zlgintc01:16020/PayDirect/Merchant/Edit/4811,35EDM-MILNE-VMNE1-W
PTNJ1217,UNCH,1,250826-080127_PTNJ1217_after.png,Yes,Yes,Yes,NA,NA,NA,http://p5zlgintc01:16020/PayDirect/Merchant/Edit/4812,35EDM-PISNJ-PTNJ1-W
PUNJ1217,UNCH,1,250826-080131_PUNJ1217_after.png,Yes,Yes,Yes,NA,NA,NA,http://p5zlgintc01:16020/PayDirect/Merchant/Edit/4813,35EDM-PISNJ-PUNJ1-W
PUIAELKA,UNCH,1,250826-080136_PUIAELKA_after.png,Yes,Yes,Yes,NA,NA,NA,http://p5zlgintc01:16020/PayDirect/Merchant/Edit/4814,35EDM-ELKIA-PUIA1-W
VUIAELKA,Done,1,250826-080140_VUIAELKA_after.png,Yes,Yes,Yes,NA,NA,NA,http://p5zlgintc01:16020/PayDirect/Merchant/Edit/4815,35EDM-ELKIA-VUIA1-W
PAVAGLAX,UNCH,1,250826-080144_PAVAGLAX_after.png,Yes,Yes,Yes,NA,NA,NA,http://p5zlgintc01:16020/PayDirect/Merchant/Edit/4816,35EDM-GALVA-PAVA1-W
PUIAWAYL,UNCH,1,Step1_ImportSites_20260825_075647.png,Error,Yes,Yes,NA,NA,NA,http://p5zlgintc01:16020/PayDirect/Merchant/Edit/4817,35EDM-WAYIA-PUIA1-W
PUGAASHB,UNCH,1,250826-080219_PUGAASHB_after.png,Yes,Yes,Yes,NA,NA,NA,http://p5zlgintc01:16020/PayDirect/Merchant/Edit/4818,35EDM-ASHGA-PUGA1-W
PANJCTFD,UNCH,1,250826-080225_PANJCTFD_after.png,Yes,Yes,Yes,NA,NA,NA,http://p5zlgintc01:16020/PayDirect/Merchant/Edit/4820,35EDM-CFDNJ-PANJ1-W
PUIADUNK,UNCH,1,250826-080229_PUIADUNK_after.png,Yes,Yes,Yes,NA,NA,NA,http://p5zlgintc01:16020/PayDirect/Merchant/Edit/4821,35EDM-DUNIA-PUIA1-W
PCNYGARD,UNCH,1,250826-080234_PCNYGARD_after.png,Yes,Yes,Yes,NA,NA,NA,http://p5zlgintc01:16020/PayDirect/Merchant/Edit/4822,35EDM-TOGNY-PCNY1-W
PANYGARD,UNCH,1,250826-080238_PANYGARD_after.png,Yes,Yes,Yes,NA,NA,NA,http://p5zlgintc01:16020/PayDirect/Merchant/Edit/4823,35EDM-TOGNY-PANY1-W
PTVADUBL,UNCH,1,250826-080243_PTVADUBL_after.png,Yes,Yes,Yes,NA,NA,NA,http://p5zlgintc01:16020/PayDirect/Merchant/Edit/4824,35EDM-TODVA-PTVA1-W
PUVADUBL,UNCH,1,250826-080247_PUVADUBL_after.png,Yes,Yes,Yes,NA,NA,NA,http://p5zlgintc01:16020/PayDirect/Merchant/Edit/4825,35EDM-TODVA-PUVA1-W
PAGAESMN,UNCH,1,250826-080251_PAGAESMN_after.png,Yes,Yes,Yes,NA,NA,NA,http://p5zlgintc01:16020/PayDirect/Merchant/Edit/4826,35EDM-COEGA-PAGA1-W
PUGAESMN,UNCH,1,250826-081022_PUGAESMN_after.png,Yes,Yes,Yes,NA,NA,NA,http://p5zlgintc01:16020/PayDirect/Merchant/Edit/4827,35EDM-COEGA-PUGA1-W
PTGAESMN,UNCH,1,250826-081027_PTGAESMN_after.png,Yes,Yes,Yes,NA,NA,NA,http://p5zlgintc01:16020/PayDirect/Merchant/Edit/4828,35EDM-COEGA-PTGA1-W
PANJ1514,UNCH,1,250826-081031_PANJ1514_after.png,Yes,Yes,Yes,NA,NA,NA,http://p5zlgintc01:16020/PayDirect/Merchant/Edit/4830,35EDM-LAKEH-PANJ1-W
VANJ1514,Done,1,250826-081035_VANJ1514_after.png,Yes,Yes,Yes,NA,NA,NA,http://p5zlgintc01:16020/PayDirect/Merchant/Edit/4831,35EDM-LAKEH-VANJ1-W
PUIADIKE,UNCH,1,250826-081039_PUIADIKE_after.png,Yes,Yes,Yes,NA,NA,NA,http://p5zlgintc01:16020/PayDirect/Merchant/Edit/4833,35EDM-DIKIA-PUIA1-W
PAIADIKE,UNCH,1,250826-081044_PAIADIKE_after.png,Yes,Yes,Yes,NA,NA,NA,http://p5zlgintc01:16020/PayDirect/Merchant/Edit/4834,35EDM-DIKIA-PAIA1-W
PUGATYTY,UNCH,1,Step1_ImportSites_20260825_080814.png,Error,Yes,Yes,NA,NA,NA,http://p5zlgintc01:16020/PayDirect/Merchant/Edit/4835,35EDM-TYTGA-PUGA1-W
PANJ1506,UNCH,1,250826-081119_PANJ1506_after.png,Yes,Yes,Yes,NA,NA,NA,http://p5zlgintc01:16020/PayDirect/Merchant/Edit/4836,35EDM-BRKLY-PANJ1-W
VANJ1506,Done,1,250826-081123_VANJ1506_after.png,Yes,Yes,Yes,NA,NA,NA,http://p5zlgintc01:16020/PayDirect/Merchant/Edit/4837,35EDM-BRKLY-VANJ1-W
PAFLMNLA,UNCH,1,250826-081127_PAFLMNLA_after.png,Yes,Yes,Yes,NA,NA,NA,http://p5zlgintc01:16020/PayDirect/Merchant/Edit/4840,35EDM-MINFL-PAFL1-W
PTDE135,UNCH,1,250826-081131_PTDE135_after.png,Yes,Yes,Yes,NA,NA,NA,http://p5zlgintc01:16020/PayDirect/Merchant/Edit/4842,35EDM-GEODE-PTDE1-W
PUDE135,UNCH,1,250826-081135_PUDE135_after.png,Yes,Yes,Yes,NA,NA,NA,http://p5zlgintc01:16020/PayDirect/Merchant/Edit/4843,35EDM-GEODE-PUDE1-W
PADE135,UNCH,1,250826-081140_PADE135_after.png,Yes,Yes,Yes,NA,NA,NA,http://p5zlgintc01:16020/PayDirect/Merchant/Edit/4844,35EDM-GEODE-PADE1-W
VTNJ0107,Done,1,250826-081144_VTNJ0107_after.png,Yes,Yes,Yes,NA,NA,NA,http://p5zlgintc01:16020/PayDirect/Merchant/Edit/4845,35EDM-EGGCT-VTNJ1-W
VUNJ0107,Done,1,250826-081148_VUNJ0107_after.png,Yes,Yes,Yes,NA,NA,NA,http://p5zlgintc01:16020/PayDirect/Merchant/Edit/4846,35EDM-EGGCT-VUNJ1-W
PATXSAFE,UNCH,1,250826-081152_PATXSAFE_after.png,Yes,Yes,Yes,NA,NA,NA,http://p5zlgintc01:16020/PayDirect/Merchant/Edit/4847,35EDM-COSTX-PATX1-W
PUFLMNLA,UNCH,1,250826-081157_PUFLMNLA_after.png,Yes,Yes,Yes,NA,NA,NA,http://p5zlgintc01:16020/PayDirect/Merchant/Edit/4852,35EDM-MINFL-PUFL1-W
PSNJ1313,UNCH,1,250826-081201_PSNJ1313_after.png,Yes,Yes,Yes,NA,NA,NA,http://p5zlgintc01:16020/PayDirect/Merchant/Edit/4855,35EDM-ENGTW-PSNJ1-W
PWPASNDY,UNCH,1,250826-081205_PWPASNDY_after.png,Yes,Yes,Yes,NA,NA,NA,http://p5zlgintc01:16020/PayDirect/Merchant/Edit/4858,35EDM-SNDPA-PWPA1-W
PQNJ1912,UNCH,1,250826-081209_PQNJ1912_after.png,Yes,Yes,Yes,NA,NA,NA,http://p5zlgintc01:16020/PayDirect/Merchant/Edit/4859,35EDM-HPTNJ-PQNJ1-W
PBNJ1912,UNCH,1,250826-081214_PBNJ1912_after.png,Yes,Yes,Yes,NA,NA,NA,http://p5zlgintc01:16020/PayDirect/Merchant/Edit/4860,35EDM-HPTNJ-PBNJ1-W
PDNJ1912,UNCH,1,250826-081218_PDNJ1912_after.png,Yes,Yes,Yes,NA,NA,NA,http://p5zlgintc01:16020/PayDirect/Merchant/Edit/4861,35EDM-HPTNJ-PDNJ1-W
PVNJ1912,UNCH,1,250826-081224_PVNJ1912_after.png,Yes,Yes,Yes,NA,NA,NA,http://p5zlgintc01:16020/PayDirect/Merchant/Edit/4862,35EDM-HPTNJ-PVNJ1-W
PINJ1912,UNCH,1,250826-081228_PINJ1912_after.png,Yes,Yes,Yes,NA,NA,NA,http://p5zlgintc01:16020/PayDirect/Merchant/Edit/4863,35EDM-HPTNJ-PINJ1-W
PLNJ1912,UNCH,1,250826-081233_PLNJ1912_after.png,Yes,Yes,Yes,NA,NA,NA,http://p5zlgintc01:16020/PayDirect/Merchant/Edit/4864,35EDM-HPTNJ-PLNJ1-W
PXNJ1912,UNCH,1,250826-081237_PXNJ1912_after.png,Yes,Yes,Yes,NA,NA,NA,http://p5zlgintc01:16020/PayDirect/Merchant/Edit/4865,35EDM-HPTNJ-PXNJ1-W
PTNCWHIT,UNCH,1,250826-081242_PTNCWHIT_after.png,Yes,Yes,Yes,NA,NA,NA,http://p5zlgintc01:16020/PayDirect/Merchant/Edit/4866,35EDM-WHITE-PTNC1-W
VTNCWHIT,Done,1,250826-081248_VTNCWHIT_after.png,Yes,Yes,Yes,NA,NA,NA,http://p5zlgintc01:16020/PayDirect/Merchant/Edit/4867,35EDM-WHITE-VTNC1-W
PVPACAVB,UNCH,1,250826-081252_PVPACAVB_after.png,Yes,Yes,Yes,NA,NA,NA,http://p5zlgintc01:16020/PayDirect/Merchant/Edit/4870,35EDM-CARVA-PVPA1-W
PWPACAVB,UNCH,1,250826-081258_PWPACAVB_after.png,Yes,Yes,Yes,NA,NA,NA,http://p5zlgintc01:16020/PayDirect/Merchant/Edit/4871,35EDM-CARVA-PWPA1-W
VWPACAVB,Done,1,250826-081302_VWPACAVB_after.png,Yes,Yes,Yes,NA,NA,NA,http://p5zlgintc01:16020/PayDirect/Merchant/Edit/4873,35EDM-CARVA-VWPA1-W
VCPACAVB,Done,1,Step1_ImportSites_20260825_080814.png,Error,Yes,Yes,NA,NA,NA,http://p5zlgintc01:16020/PayDirect/Merchant/Edit/4874,35EDM-CARVA-VCPA1-W
PUNJ0205,UNCH,1,250826-081338_PUNJ0205_after.png,Yes,Yes,Yes,NA,NA,NA,http://p5zlgintc01:16020/PayDirect/Merchant/Edit/4875,35EDM-CARLS-PUNJ1-W
VUNJ0205,Done,1,250826-081342_VUNJ0205_after.png,Yes,Yes,Yes,NA,NA,NA,http://p5zlgintc01:16020/PayDirect/Merchant/Edit/4876,35EDM-CARLS-VUNJ1-W
VMNJ0205,Done,1,250826-081346_VMNJ0205_after.png,Yes,Yes,Yes,NA,NA,NA,http://p5zlgintc01:16020/PayDirect/Merchant/Edit/4877,35EDM-CARLS-VMNJ1-W
VTNJ0307,Done,1,250826-081350_VTNJ0307_after.png,Yes,Yes,Yes,NA,NA,NA,http://p5zlgintc01:16020/PayDirect/Merchant/Edit/4878,35EDM-CHEST-VTNJ1-W
VUNJ0307,Done,1,250826-081354_VUNJ0307_after.png,Yes,Yes,Yes,NA,NA,NA,http://p5zlgintc01:16020/PayDirect/Merchant/Edit/4879,35EDM-CHEST-VUNJ1-W
VMNJ0307,Done,1,250826-081359_VMNJ0307_after.png,Yes,Yes,Yes,NA,NA,NA,http://p5zlgintc01:16020/PayDirect/Merchant/Edit/4880,35EDM-CHEST-VMNJ1-W
PUIAGARN,UNCH,1,250826-081403_PUIAGARN_after.png,Yes,Yes,Yes,NA,NA,NA,http://p5zlgintc01:16020/PayDirect/Merchant/Edit/4882,35EDM-GARIA-PUIA1-W
VUIAGARN,Done,1,250826-081408_VUIAGARN_after.png,Yes,Yes,Yes,NA,NA,NA,http://p5zlgintc01:16020/PayDirect/Merchant/Edit/4883,35EDM-GARIA-VUIA1-W
PAMEKENC,UNCH,1,250826-081412_PAMEKENC_after.png,Yes,Yes,Yes,NA,NA,NA,http://p5zlgintc01:16020/PayDirect/Merchant/Edit/4884,35EDM-KBCME-PAME1-W
PUIAFOST,UNCH,1,250826-081416_PUIAFOST_after.png,Yes,Yes,Yes,NA,NA,NA,http://p5zlgintc01:16020/PayDirect/Merchant/Edit/4885,35EDM-FORIA-PUIA1-W
VMIAFOST,Done,1,250826-081421_VMIAFOST_after.png,Yes,Yes,Yes,NA,NA,NA,http://p5zlgintc01:16020/PayDirect/Merchant/Edit/4886,35EDM-FORIA-VMIA1-W
VUIAFOST,Done,1,250826-081425_VUIAFOST_after.png,Yes,Yes,Yes,NA,NA,NA,http://p5zlgintc01:16020/PayDirect/Merchant/Edit/4887,35EDM-FORIA-VUIA1-W
PTNYSGFV,UNCH,1,250826-081429_PTNYSGFV_after.png,Yes,Yes,Yes,NA,NA,NA,http://p5zlgintc01:16020/PayDirect/Merchant/Edit/4889,35EDM-VILNY-PTNY1-W
PUNYSGFV,UNCH,1,Step1_ImportSites_20260825_080814.png,Error,Yes,Yes,NA,NA,NA,http://p5zlgintc01:16020/PayDirect/Merchant/Edit/4890,35EDM-VILNY-PUNY1-W
PAIADRNT,UNCH,1,250826-081504_PAIADRNT_after.png,Yes,Yes,Yes,NA,NA,NA,http://p5zlgintc01:16020/PayDirect/Merchant/Edit/4891,35EDM-DURIA-PAIA1-W
PUIADRNT,UNCH,1,250826-081508_PUIADRNT_after.png,Yes,Yes,Yes,NA,NA,NA,http://p5zlgintc01:16020/PayDirect/Merchant/Edit/4892,35EDM-DURIA-PUIA1-W
PCIAOSGE,UNCH,1,250826-081513_PCIAOSGE_after.png,Yes,Yes,Yes,NA,NA,NA,http://p5zlgintc01:16020/PayDirect/Merchant/Edit/4893,35EDM-OSAIA-PCIA1-W
VMIAOSGE,Done,1,250826-081517_VMIAOSGE_after.png,Yes,Yes,Yes,NA,NA,NA,http://p5zlgintc01:16020/PayDirect/Merchant/Edit/4894,35EDM-OSAIA-VMIA1-W
PUPASPSA,UNCH,1,250826-082309_PUPASPSA_after.png,Yes,Yes,Yes,NA,NA,NA,http://p5zlgintc01:16020/PayDirect/Merchant/Edit/4895,35EDM-STOPA-SPUTL-W
PSNJ0715,UNCH,1,250826-082313_PSNJ0715_after.png,Yes,Yes,Yes,NA,NA,NA,http://p5zlgintc01:16020/PayDirect/Merchant/Edit/4897,35EDM-CALDN-SEWWB-W
PTNJ1901,UNCH,1,250826-082317_PTNJ1901_after.png,Yes,Yes,Yes,NA,NA,NA,http://p5zlgintc01:16020/PayDirect/Merchant/Edit/4898,35EDM-ANDNJ-PTNJ1-W
PUNJ1901,UNCH,1,250826-082323_PUNJ1901_after.png,Yes,Yes,Yes,NA,NA,NA,http://p5zlgintc01:16020/PayDirect/Merchant/Edit/4900,35EDM-ANDNJ-PUNJ1-W
PUKSGALE,UNCH,1,250826-082327_PUKSGALE_after.png,Yes,Yes,Yes,NA,NA,NA,http://p5zlgintc01:16020/PayDirect/Merchant/Edit/4901,35EDM-GALKS-PUKS1-W
PANJ0425,UNCH,1,250826-082332_PANJ0425_after.png,Yes,Yes,Yes,NA,NA,NA,http://p5zlgintc01:16020/PayDirect/Merchant/Edit/4905,35EDM-MTEPA-PANJ1-W
VANJ0425,Done,1,250826-082336_VANJ0425_after.png,Yes,Yes,Yes,NA,NA,NA,http://p5zlgintc01:16020/PayDirect/Merchant/Edit/4906,35EDM-MTEPA-VANJ1-W
PZNJ0217,UNCH,1,250826-082341_PZNJ0217_after.png,Yes,Yes,Yes,NA,NA,NA,http://p5zlgintc01:16020/PayDirect/Merchant/Edit/4908,35EDM-FAIRL-PZNJ1-W
VZNJ0217,Done,1,250826-082345_VZNJ0217_after.png,Yes,Yes,Yes,NA,NA,NA,http://p5zlgintc01:16020/PayDirect/Merchant/Edit/4909,35EDM-FAIRL-VZNJ1-W
PDNJ1342,UNCH,1,250826-082349_PDNJ1342_after.png,Yes,Yes,Yes,NA,NA,NA,http://p5zlgintc01:16020/PayDirect/Merchant/Edit/4910,35EDM-SBBUT-PDNJ1-W
PUTXETUD,UNCH,1,250826-082354_PUTXETUD_after.png,Yes,Yes,Yes,NA,NA,NA,http://p5zlgintc01:16020/PayDirect/Merchant/Edit/4912,35EDM-ETMUD-PUTX1-W
VUTXETUD,Done,1,250826-082358_VUTXETUD_after.png,Yes,Yes,Yes,NA,NA,NA,http://p5zlgintc01:16020/PayDirect/Merchant/Edit/4913,35EDM-ETMUD-VUTX1-W
VMTXETUD,Done,1,250826-082403_VMTXETUD_after.png,Yes,Yes,Yes,NA,NA,NA,http://p5zlgintc01:16020/PayDirect/Merchant/Edit/4914,35EDM-ETMUD-VMTX1-W
PTNJ1008,UNCH,1,250826-082408_PTNJ1008_after.png,Yes,Yes,Yes,NA,NA,NA,http://p5zlgintc01:16020/PayDirect/Merchant/Edit/4915,35EDM-AMWNJ-PTNJ1-W
VUVAMANA,Done,1,250826-082412_VUVAMANA_after.png,Yes,Yes,Yes,NA,NA,NA,http://p5zlgintc01:16020/PayDirect/Merchant/Edit/4916,35EDM-CMPVA-VTNTP-W
VAVAMANA,Done,1,250826-082417_VAVAMANA_after.png,Yes,Yes,Yes,NA,NA,NA,http://p5zlgintc01:16020/PayDirect/Merchant/Edit/4917,35EDM-CMPVA-VTARP-W
VMVAMANA,Done,1,250826-082421_VMVAMANA_after.png,Yes,Yes,Yes,NA,NA,NA,http://p5zlgintc01:16020/PayDirect/Merchant/Edit/4918,35EDM-CMPVA-MSVTP-W
PANJ0701,UNCH,1,250826-082425_PANJ0701_after.png,Yes,Yes,Yes,NA,NA,NA,http://p5zlgintc01:16020/PayDirect/Merchant/Edit/4919,35EDM-BELTX-PANJ1-W
PCNJ0807,UNCH,1,250826-082430_PCNJ0807_after.png,Yes,Yes,Yes,NA,NA,NA,http://p5zlgintc01:16020/PayDirect/Merchant/Edit/4920,35EDM-GRNTX-PCNJ1-W
PUWVMORG,UNCH,1,250826-082434_PUWVMORG_after.png,Yes,Yes,Yes,NA,NA,NA,http://p5zlgintc01:16020/PayDirect/Merchant/Edit/4921,35EDM-MORWV-PUWV1-W
VUWVMORG,Done,1,250826-082438_VUWVMORG_after.png,Yes,Yes,Yes,NA,NA,NA,http://p5zlgintc01:16020/PayDirect/Merchant/Edit/4922,35EDM-MORWV-VUWV1-W
PEIAGUTN,UNCH,1,250826-082443_PEIAGUTN_after.png,Yes,Yes,Yes,NA,NA,NA,http://p5zlgintc01:16020/PayDirect/Merchant/Edit/4925,35EDM-COGIA-PEIA1-W
PAFLNRFD,UNCH,1,250826-082447_PAFLNRFD_after.png,Yes,Yes,Yes,NA,NA,NA,http://p5zlgintc01:16020/PayDirect/Merchant/Edit/4926,35EDM-NORFL-PAFL1-W
PAWVSTAR,UNCH,1,250826-082451_PAWVSTAR_after.png,Yes,Yes,Yes,NA,NA,NA,http://p5zlgintc01:16020/PayDirect/Merchant/Edit/4930,35EDM-STARC-PAWV1-W
VAWVSTAR,Done,1,250826-082455_VAWVSTAR_after.png,Yes,Yes,Yes,NA,NA,NA,http://p5zlgintc01:16020/PayDirect/Merchant/Edit/4931,35EDM-STARC-VAWV1-W
VSFLWBST,Done,1,250826-082500_VSFLWBST_after.png,Yes,Yes,Yes,NA,NA,NA,http://p5zlgintc01:16020/PayDirect/Merchant/Edit/4932,35EDM-WEBST-VSFL1-W
VWFLWBST,Done,1,250826-082504_VWFLWBST_after.png,Yes,Yes,Yes,NA,NA,NA,http://p5zlgintc01:16020/PayDirect/Merchant/Edit/4933,35EDM-WEBST-VWFL1-W
PATXSWSC,UNCH,1,250826-082509_PATXSWSC_after.png,Yes,Yes,Yes,NA,NA,NA,http://p5zlgintc01:16020/PayDirect/Merchant/Edit/4934,35EDM-SHARY-PATX1-W
PUTXSWSC,UNCH,1,250826-082513_PUTXSWSC_after.png,Yes,Yes,Yes,NA,NA,NA,http://p5zlgintc01:16020/PayDirect/Merchant/Edit/4935,35EDM-SHARY-PUTX1-W
PSNJ1021,UNCH,1,250826-082517_PSNJ1021_after.png,Yes,Yes,Yes,NA,NA,NA,http://p5zlgintc01:16020/PayDirect/Merchant/Edit/4936,35EDM-RARNJ-PSNJ1-W
PCFLGBOC,UNCH,1,250826-082522_PCFLGBOC_after.png,Yes,Yes,Yes,NA,NA,NA,http://p5zlgintc01:16020/PayDirect/Merchant/Edit/4937,35EDM-GILFL-PCFL1-W
PALAWINN,UNCH,1,250826-082526_PALAWINN_after.png,Yes,Yes,Yes,NA,NA,NA,http://p5zlgintc01:16020/PayDirect/Merchant/Edit/4938,35EDM-WINLA-PALA1-W
PULAWINN,UNCH,1,250826-082530_PULAWINN_after.png,Yes,Yes,Yes,NA,NA,NA,http://p5zlgintc01:16020/PayDirect/Merchant/Edit/4939,35EDM-WINLA-PULA1-W
PANYLNDV,UNCH,1,250826-082534_PANYLNDV_after.png,Yes,Yes,Yes,NA,NA,NA,http://p5zlgintc01:16020/PayDirect/Merchant/Edit/4940,35EDM-LINNY-PANY1-W
PTNYLNDV,UNCH,1,250826-082539_PTNYLNDV_after.png,Yes,Yes,Yes,NA,NA,NA,http://p5zlgintc01:16020/PayDirect/Merchant/Edit/4941,35EDM-LINNY-PTNY1-W
PAPAFARR,UNCH,1,250826-082543_PAPAFARR_after.png,Yes,Yes,Yes,NA,NA,NA,http://p5zlgintc01:16020/PayDirect/Merchant/Edit/4942,35EDM-COFPA-PAPA1-W
VAPAFARR,Done,1,250826-082547_VAPAFARR_after.png,Yes,Yes,Yes,NA,NA,NA,http://p5zlgintc01:16020/PayDirect/Merchant/Edit/4943,35EDM-COFPA-VAPA1-W
VAGALAVO,Done,1,250826-082552_VAGALAVO_after.png,Yes,Yes,Yes,NA,NA,NA,http://p5zlgintc01:16020/PayDirect/Merchant/Edit/4944,35EDM-LAVON-VAGA1-W
PAGALAVO,UNCH,1,250826-082556_PAGALAVO_after.png,Yes,Yes,Yes,NA,NA,NA,http://p5zlgintc01:16020/PayDirect/Merchant/Edit/4945,35EDM-LAVON-PAGA1-W
PPNJ1313,UNCH,1,250826-082600_PPNJ1313_after.png,Yes,Yes,Yes,NA,NA,NA,http://p5zlgintc01:16020/PayDirect/Merchant/Edit/4946,35EDM-ENGTW-PPNJ1-W
PTNJ1432,UNCH,1,250826-082604_PTNJ1432_after.png,Yes,Yes,Yes,NA,NA,NA,http://p5zlgintc01:16020/PayDirect/Merchant/Edit/4947,35EDM-RANNJ-PTNJ1-W
PUNJ1432,UNCH,1,250826-082609_PUNJ1432_after.png,Yes,Yes,Yes,NA,NA,NA,http://p5zlgintc01:16020/PayDirect/Merchant/Edit/4948,35EDM-RANNJ-PUNJ1-W
VTNJ1432,Done,1,250826-082613_VTNJ1432_after.png,Yes,Yes,Yes,NA,NA,NA,http://p5zlgintc01:16020/PayDirect/Merchant/Edit/4949,35EDM-RANNJ-VTNJ1-W
VUNJ1432,Done,1,250826-082617_VUNJ1432_after.png,Yes,Yes,Yes,NA,NA,NA,http://p5zlgintc01:16020/PayDirect/Merchant/Edit/4950,35EDM-RANNJ-VUNJ1-W
VMNJ1432,Done,1,250826-082622_VMNJ1432_after.png,Yes,Yes,Yes,NA,NA,NA,http://p5zlgintc01:16020/PayDirect/Merchant/Edit/4951,35EDM-RANNJ-VMNJ1-W
PCNJ0703,UNCH,1,250826-082626_PCNJ0703_after.png,Yes,Yes,Yes,NA,NA,NA,http://p5zlgintc01:16020/PayDirect/Merchant/Edit/4952,35EDM-CALDW-PCNJ1-W
PAGASPRI,UNCH,1,250826-082630_PAGASPRI_after.png,Yes,Yes,Yes,NA,NA,NA,http://p5zlgintc01:16020/PayDirect/Merchant/Edit/4953,35EDM-SPRIN-PAGA1-W
VAGASPRI,Done,1,250826-082634_VAGASPRI_after.png,Yes,Yes,Yes,NA,NA,NA,http://p5zlgintc01:16020/PayDirect/Merchant/Edit/4954,35EDM-SPRIN-VAGA1-W
PTGALAVO,UNCH,1,250826-082639_PTGALAVO_after.png,Yes,Yes,Yes,NA,NA,NA,http://p5zlgintc01:16020/PayDirect/Merchant/Edit/4955,35EDM-LAVON-PTGA1-W
VTGALAVO,Done,1,250826-082643_VTGALAVO_after.png,Yes,Yes,Yes,NA,NA,NA,http://p5zlgintc01:16020/PayDirect/Merchant/Edit/4956,35EDM-LAVON-VTGA1-W
PATNMOSH,UNCH,1,250826-083325_PATNMOSH_after.png,Yes,Yes,Yes,NA,NA,NA,http://p5zlgintc01:16020/PayDirect/Merchant/Edit/4957,35EDM-MOSHT-PATN1-W
VATNMOSH,Done,1,250826-083329_VATNMOSH_after.png,Yes,Yes,Yes,NA,NA,NA,http://p5zlgintc01:16020/PayDirect/Merchant/Edit/4958,35EDM-MOSHT-VATN1-W
PCNJ0802,UNCH,1,250826-083334_PCNJ0802_after.png,Yes,Yes,Yes,NA,NA,NA,http://p5zlgintc01:16020/PayDirect/Merchant/Edit/4959,35EDM-DTFRD-PCNJ1-W
PTNJ0218,UNCH,1,250826-083338_PTNJ0218_after.png,Yes,Yes,Yes,NA,NA,NA,http://p5zlgintc01:16020/PayDirect/Merchant/Edit/4960,35EDM-FAINJ-PTNJ1-W
PUNJ0218,UNCH,1,250826-083342_PUNJ0218_after.png,Yes,Yes,Yes,NA,NA,NA,http://p5zlgintc01:16020/PayDirect/Merchant/Edit/4961,35EDM-FAINJ-PUNJ1-W
VTDEFRED,Done,1,250826-083346_VTDEFRED_after.png,Yes,Yes,Yes,NA,NA,NA,http://p5zlgintc01:16020/PayDirect/Merchant/Edit/4962,35EDM-TOFDE-VTDE1-W
VUDEFRED,Done,1,250826-083351_VUDEFRED_after.png,Yes,Yes,Yes,NA,NA,NA,http://p5zlgintc01:16020/PayDirect/Merchant/Edit/4963,35EDM-TOFDE-VUDE1-W
VMDEFRED,Done,1,250826-083355_VMDEFRED_after.png,Yes,Yes,Yes,NA,NA,NA,http://p5zlgintc01:16020/PayDirect/Merchant/Edit/4964,35EDM-TOFDE-VMDE1-W
PGNJ1419,UNCH,1,250826-083359_PGNJ1419_after.png,Yes,Yes,Yes,NA,NA,NA,http://p5zlgintc01:16020/PayDirect/Merchant/Edit/4966,35EDM-MENDH-PGNJ1-W
PUIACLER,UNCH,1,250826-083404_PUIACLER_after.png,Yes,Yes,Yes,NA,NA,NA,http://p5zlgintc01:16020/PayDirect/Merchant/Edit/4967,35EDM-CLEIA-PUIA1-W
VMIACLER,Done,1,250826-083408_VMIACLER_after.png,Yes,Yes,Yes,NA,NA,NA,http://p5zlgintc01:16020/PayDirect/Merchant/Edit/4968,35EDM-CLEIA-VMIA1-W
VUIACLER,Done,1,250826-083412_VUIACLER_after.png,Yes,Yes,Yes,NA,NA,NA,http://p5zlgintc01:16020/PayDirect/Merchant/Edit/4969,35EDM-CLEIA-VUIA1-W
PCNJ1906,UNCH,1,250826-083416_PCNJ1906_after.png,Yes,Yes,Yes,NA,NA,NA,http://p5zlgintc01:16020/PayDirect/Merchant/Edit/4970,35EDM-CFRSU-PCNJ1-W
PUIAVANM,UNCH,1,250826-083421_PUIAVANM_after.png,Yes,Yes,Yes,NA,NA,NA,http://p5zlgintc01:16020/PayDirect/Merchant/Edit/4971,35EDM-VANIA-PUIA1-W
PGNJ0807,UNCH,1,250826-083425_PGNJ0807_after.png,Yes,Yes,Yes,NA,NA,NA,http://p5zlgintc01:16020/PayDirect/Merchant/Edit/4972,35EDM-GRNTX-PGNJ1-W
VMMOMILA,Done,1,250826-083429_VMMOMILA_after.png,Yes,Yes,Yes,NA,NA,NA,http://p5zlgintc01:16020/PayDirect/Merchant/Edit/4973,35EDM-MILMO-VMMO1-W
VUMOMILA,Done,1,250826-083433_VUMOMILA_after.png,Yes,Yes,Yes,NA,NA,NA,http://p5zlgintc01:16020/PayDirect/Merchant/Edit/4974,35EDM-MILMO-VUMO1-W
VMNJ0902,Done,1,250826-083438_VMNJ0902_after.png,Yes,Yes,Yes,NA,NA,NA,http://p5zlgintc01:16020/PayDirect/Merchant/Edit/4975,35EDM-BENNJ-VMNJ1-W
VUNJ0902,Done,1,250826-083442_VUNJ0902_after.png,Yes,Yes,Yes,NA,NA,NA,http://p5zlgintc01:16020/PayDirect/Merchant/Edit/4976,35EDM-BENNJ-VUNJ1-W
VTNJ0902,Done,1,250826-083446_VTNJ0902_after.png,Yes,Yes,Yes,NA,NA,NA,http://p5zlgintc01:16020/PayDirect/Merchant/Edit/4977,35EDM-BENNJ-VTNJ1-W
VMIAELKH,Done,1,250826-083451_VMIAELKH_after.png,Yes,Yes,Yes,NA,NA,NA,http://p5zlgintc01:16020/PayDirect/Merchant/Edit/4978,35EDM-COEIA-VMIA1-W
VUIAELKH,Done,1,250826-083455_VUIAELKH_after.png,Yes,Yes,Yes,NA,NA,NA,http://p5zlgintc01:16020/PayDirect/Merchant/Edit/4979,35EDM-COEIA-VUIA1-W
PANJ0709,UNCH,1,250826-083459_PANJ0709_after.png,Yes,Yes,Yes,NA,NA,NA,http://p5zlgintc01:16020/PayDirect/Merchant/Edit/4980,35EDM-IRVTP-PANJ1-W
PTNJ0804,UNCH,1,250826-083503_PTNJ0804_after.png,Yes,Yes,Yes,NA,NA,NA,http://p5zlgintc01:16020/PayDirect/Merchant/Edit/4981,35EDM-ELKNJ-PTNJ1-W
PCGAWREN,UNCH,1,250826-083508_PCGAWREN_after.png,Yes,Yes,Yes,NA,NA,NA,http://p5zlgintc01:16020/PayDirect/Merchant/Edit/4982,35EDM-WREGA-PCGA1-W
PUNJFTSA,UNCH,1,250826-083512_PUNJFTSA_after.png,Yes,Yes,Yes,NA,NA,NA,http://p5zlgintc01:16020/PayDirect/Merchant/Edit/4985,35EDM-FRANJ-PUNJ1-W
PTNJ0336,UNCH,1,250826-083516_PTNJ0336_after.png,Yes,Yes,Yes,NA,NA,NA,http://p5zlgintc01:16020/PayDirect/Merchant/Edit/4986,35EDM-WASNJ-PTNJ1-W
PBNJ0412,UNCH,1,250826-083522_PBNJ0412_after.png,Yes,Yes,Yes,NA,NA,NA,http://p5zlgintc01:16020/PayDirect/Merchant/Edit/4987,35EDM-CWOOD-PBNJ1-W
VBNJ0412,Done,1,250826-083526_VBNJ0412_after.png,Yes,Yes,Yes,NA,NA,NA,http://p5zlgintc01:16020/PayDirect/Merchant/Edit/4988,35EDM-CWOOD-VBNJ1-W
VFGAHAWK,Done,1,250826-083532_VFGAHAWK_after.png,Yes,Yes,Yes,NA,NA,NA,http://p5zlgintc01:16020/PayDirect/Merchant/Edit/4991,35EDM-HAWKI-VFGA1-W
PUNJ0506,UNCH,1,250826-083536_PUNJ0506_after.png,Yes,Yes,Yes,NA,NA,NA,http://p5zlgintc01:16020/PayDirect/Merchant/Edit/4993,35EDM-MIDNJ-PUNJ1-W
PTNJ0506,UNCH,1,250826-083541_PTNJ0506_after.png,Yes,Yes,Yes,NA,NA,NA,http://p5zlgintc01:16020/PayDirect/Merchant/Edit/4994,35EDM-MIDNJ-PTNJ1-W
VZGAHAWK,Done,1,250826-083545_VZGAHAWK_after.png,Yes,Yes,Yes,NA,NA,NA,http://p5zlgintc01:16020/PayDirect/Merchant/Edit/4995,35EDM-HAWKI-VZGA1-W
PUNJ1523,UNCH,1,250826-083549_PUNJ1523_after.png,Yes,Yes,Yes,NA,NA,NA,http://p5zlgintc01:16020/PayDirect/Merchant/Edit/4998,35EDM-PINNJ-PUNJ1-W
PWNJ1523,UNCH,1,250826-083553_PWNJ1523_after.png,Yes,Yes,Yes,NA,NA,NA,http://p5zlgintc01:16020/PayDirect/Merchant/Edit/4999,35EDM-PINNJ-PWNJ1-W
PTNJ1523,UNCH,1,250826-083558_PTNJ1523_after.png,Yes,Yes,Yes,NA,NA,NA,http://p5zlgintc01:16020/PayDirect/Merchant/Edit/5000,35EDM-PINNJ-PTNJ1-W
PCIAOAKC,UNCH,1,250826-083602_PCIAOAKC_after.png,Yes,Yes,Yes,NA,NA,NA,http://p5zlgintc01:16020/PayDirect/Merchant/Edit/5001,35EDM-OAKIA-PCIA1-W
PUIALELA,UNCH,1,250826-083606_PUIALELA_after.png,Yes,Yes,Yes,NA,NA,NA,http://p5zlgintc01:16020/PayDirect/Merchant/Edit/5002,35EDM-LELIA-PUIA1-W
PAFLBELE,UNCH,1,250826-083611_PAFLBELE_after.png,Yes,Yes,Yes,NA,NA,NA,http://p5zlgintc01:16020/PayDirect/Merchant/Edit/5004,35EDM-BELFL-PAFL1-W
PUNYJERU,UNCH,1,250826-083615_PUNYJERU_after.png,Yes,Yes,Yes,NA,NA,NA,http://p5zlgintc01:16020/PayDirect/Merchant/Edit/5005,35EDM-JERNY-PUNY1-W
PWNJWDSA,UNCH,1,250826-083619_PWNJWDSA_after.png,Yes,Yes,Yes,NA,NA,NA,http://p5zlgintc01:16020/PayDirect/Merchant/Edit/5006,35EDM-WTWNS-PWNJ1-W
PWPAMAWA,UNCH,1,250826-083623_PWPAMAWA_after.png,Yes,Yes,Yes,NA,NA,NA,http://p5zlgintc01:16020/PayDirect/Merchant/Edit/5007,35EDM-MAWPA-PWPA1-W
PAIAOKOB,UNCH,1,250826-083628_PAIAOKOB_after.png,Yes,Yes,Yes,NA,NA,NA,http://p5zlgintc01:16020/PayDirect/Merchant/Edit/5008,35EDM-OKOIA-PAIA1-W
VUIAOKOB,Done,1,250826-083633_VUIAOKOB_after.png,Yes,Yes,Yes,NA,NA,NA,http://p5zlgintc01:16020/PayDirect/Merchant/Edit/5009,35EDM-OKOIA-VUIA1-W
VAIAOKOB,Done,1,250826-083637_VAIAOKOB_after.png,Yes,Yes,Yes,NA,NA,NA,http://p5zlgintc01:16020/PayDirect/Merchant/Edit/5010,35EDM-OKOIA-VAIA1-W
VMIAOKOB,Done,1,250826-083642_VMIAOKOB_after.png,Yes,Yes,Yes,NA,NA,NA,http://p5zlgintc01:16020/PayDirect/Merchant/Edit/5011,35EDM-OKOIA-VMIA1-W
VUIACLAR,Done,1,250826-083646_VUIACLAR_after.png,Yes,Yes,Yes,NA,NA,NA,http://p5zlgintc01:16020/PayDirect/Merchant/Edit/5015,35EDM-CLAIA-VUIA1-W
PURIWOON,UNCH,1,250826-083650_PURIWOON_after.png,Yes,Yes,Yes,NA,NA,NA,http://p5zlgintc01:16020/PayDirect/Merchant/Edit/5030,35EDM-WOORI-PURI1-W
PWRIWOON,UNCH,1,250826-083655_PWRIWOON_after.png,Yes,Yes,Yes,NA,NA,NA,http://p5zlgintc01:16020/PayDirect/Merchant/Edit/5031,35EDM-WOORI-PWRI1-W
PUIAIDAG,UNCH,1,250826-083659_PUIAIDAG_after.png,Yes,Yes,Yes,NA,NA,NA,http://p5zlgintc01:16020/PayDirect/Merchant/Edit/5033,35EDM-IDAIA-PUIA1-W
VMIAIDAG,Done,1,250826-084449_VMIAIDAG_after.png,Yes,Yes,Yes,NA,NA,NA,http://p5zlgintc01:16020/PayDirect/Merchant/Edit/5034,35EDM-IDAIA-VMIA1-W
VUIAIDAG,Done,1,250826-084454_VUIAIDAG_after.png,Yes,Yes,Yes,NA,NA,NA,http://p5zlgintc01:16020/PayDirect/Merchant/Edit/5035,35EDM-IDAIA-VUIA1-W
PUTXNHNT,UNCH,1,250826-084458_PUTXNHNT_after.png,Yes,Yes,Yes,NA,NA,NA,http://p5zlgintc01:16020/PayDirect/Merchant/Edit/5036,35EDM-NORTX-PUTX1-W
VMTXNHNT,Done,1,250826-084503_VMTXNHNT_after.png,Yes,Yes,Yes,NA,NA,NA,http://p5zlgintc01:16020/PayDirect/Merchant/Edit/5038,35EDM-NORTX-VMTX1-W
VUTXNHNT,Done,1,250826-084508_VUTXNHNT_after.png,Yes,Yes,Yes,NA,NA,NA,http://p5zlgintc01:16020/PayDirect/Merchant/Edit/5039,35EDM-NORTX-VUTX1-W
PANJ0821,UNCH,1,250826-084512_PANJ0821_after.png,Yes,Yes,Yes,NA,NA,NA,http://p5zlgintc01:16020/PayDirect/Merchant/Edit/5042,35EDM-WESTV-PANJ1-W
PUNYFORE,UNCH,1,250826-084517_PUNYFORE_after.png,Yes,Yes,Yes,NA,NA,NA,http://p5zlgintc01:16020/PayDirect/Merchant/Edit/5044,35EDM-FORNY-PUNY1-W
PCNEMILF,UNCH,1,250826-084522_PCNEMILF_after.png,Yes,Yes,Yes,NA,NA,NA,http://p5zlgintc01:16020/PayDirect/Merchant/Edit/5045,35EDM-MILNE-PCNE1-W
PAVACAMC,UNCH,1,250826-084526_PAVACAMC_after.png,Yes,Yes,Yes,NA,NA,NA,http://p5zlgintc01:16020/PayDirect/Merchant/Edit/5047,35EDM-CAMVA-PAVA1-W
PTVACAMC,UNCH,1,250826-084531_PTVACAMC_after.png,Yes,Yes,Yes,NA,NA,NA,http://p5zlgintc01:16020/PayDirect/Merchant/Edit/5048,35EDM-CAMVA-PTVA1-W
PCVACAMC,UNCH,1,250826-084535_PCVACAMC_after.png,Yes,Yes,Yes,NA,NA,NA,http://p5zlgintc01:16020/PayDirect/Merchant/Edit/5049,35EDM-CAMVA-PCVA1-W
VAVACAMC,Done,1,250826-084540_VAVACAMC_after.png,Yes,Yes,Yes,NA,NA,NA,http://p5zlgintc01:16020/PayDirect/Merchant/Edit/5050,35EDM-CAMVA-VAVA1-W
VMVACAMC,Done,1,250826-084545_VMVACAMC_after.png,Yes,Yes,Yes,NA,NA,NA,http://p5zlgintc01:16020/PayDirect/Merchant/Edit/5051,35EDM-CAMVA-VMVA1-W
VTVACAMC,Done,1,250826-084549_VTVACAMC_after.png,Yes,Yes,Yes,NA,NA,NA,http://p5zlgintc01:16020/PayDirect/Merchant/Edit/5052,35EDM-CAMVA-VTVA1-W
PDNJ0720,UNCH,1,250826-084553_PDNJ0720_after.png,Yes,Yes,Yes,NA,NA,NA,http://p5zlgintc01:16020/PayDirect/Merchant/Edit/5053,35EDM-TOVTX-PDNJ1-W
PUNJ0912,UNCH,1,250826-084558_PUNJ0912_after.png,Yes,Yes,Yes,NA,NA,NA,http://p5zlgintc01:16020/PayDirect/Merchant/Edit/5054,35EDM-WENNJ-PUNJ1-W
PAGAFRAN,UNCH,1,250826-084602_PAGAFRAN_after.png,Yes,Yes,Yes,NA,NA,NA,http://p5zlgintc01:16020/PayDirect/Merchant/Edit/5055,35EDM-FRACO-PAGA1-W
PCGAFRAN,UNCH,1,250826-084608_PCGAFRAN_after.png,Yes,Yes,Yes,NA,NA,NA,http://p5zlgintc01:16020/PayDirect/Merchant/Edit/5056,35EDM-FRACO-PCGA1-W
PAMDSMZO,UNCH,1,250826-084612_PAMDSMZO_after.png,Yes,Yes,Yes,NA,NA,NA,http://p5zlgintc01:16020/PayDirect/Merchant/Edit/5059,35EDM-SOMCO-PAMD1-W
VAMDSMZO,Done,1,250826-084617_VAMDSMZO_after.png,Yes,Yes,Yes,NA,NA,NA,http://p5zlgintc01:16020/PayDirect/Merchant/Edit/5060,35EDM-SOMCO-VAMD1-W
PADE22,UNCH,1,250826-084621_PADE22_after.png,Yes,Yes,Yes,NA,NA,NA,http://p5zlgintc01:16020/PayDirect/Merchant/Edit/5070,35EDM-DELDE-PADE1-W
PTDE22,UNCH,1,250826-084626_PTDE22_after.png,Yes,Yes,Yes,NA,NA,NA,http://p5zlgintc01:16020/PayDirect/Merchant/Edit/5071,35EDM-DELDE-PTDE1-W
PCDE22,UNCH,1,250826-084630_PCDE22_after.png,Yes,Yes,Yes,NA,NA,NA,http://p5zlgintc01:16020/PayDirect/Merchant/Edit/5072,35EDM-DELDE-PCDE1-W
VADE22,Done,1,Step1_ImportSites_20260825_084238.png,Error,Yes,Yes,NA,NA,NA,http://p5zlgintc01:16020/PayDirect/Merchant/Edit/5073,35EDM-DELDE-VADE1-W
VMDE22,Done,1,Step1_ImportSites_20260825_084238.png,Error,Yes,Yes,NA,NA,NA,http://p5zlgintc01:16020/PayDirect/Merchant/Edit/5074,35EDM-DELDE-VMDE1-W
VTDE22,Done,1,250826-084736_VTDE22_after.png,Yes,Yes,Yes,NA,NA,NA,http://p5zlgintc01:16020/PayDirect/Merchant/Edit/5075,35EDM-DELDE-VTDE1-W
PKNJ0266,UNCH,1,250826-084740_PKNJ0266_after.png,Yes,Yes,Yes,NA,NA,NA,http://p5zlgintc01:16020/PayDirect/Merchant/Edit/5076,35EDM-WABER-PKNJ1-W
PDNJ0266,UNCH,1,250826-084745_PDNJ0266_after.png,Yes,Yes,Yes,NA,NA,NA,http://p5zlgintc01:16020/PayDirect/Merchant/Edit/5077,35EDM-WABER-PDNJ1-W
PCNJ0266,UNCH,1,250826-084749_PCNJ0266_after.png,Yes,Yes,Yes,NA,NA,NA,http://p5zlgintc01:16020/PayDirect/Merchant/Edit/5078,35EDM-WABER-PCNJ1-W
PANYWAVL,UNCH,1,250826-084754_PANYWAVL_after.png,Yes,Yes,Yes,NA,NA,NA,http://p5zlgintc01:16020/PayDirect/Merchant/Edit/5079,35EDM-VWSHV-PANY1-W
VANYWAVL,Done,1,250826-084758_VANYWAVL_after.png,Yes,Yes,Yes,NA,NA,NA,http://p5zlgintc01:16020/PayDirect/Merchant/Edit/5080,35EDM-VWSHV-VANY1-W
PUNJ0707,UNCH,1,250826-084803_PUNJ0707_after.png,Yes,Yes,Yes,NA,NA,NA,http://p5zlgintc01:16020/PayDirect/Merchant/Edit/5081,35EDM-FARNJ-PUNJ1-W
PTNJ0707,UNCH,1,250826-084808_PTNJ0707_after.png,Yes,Yes,Yes,NA,NA,NA,http://p5zlgintc01:16020/PayDirect/Merchant/Edit/5082,35EDM-FARNJ-PTNJ1-W
PPNJ1524,UNCH,1,250826-084812_PPNJ1524_after.png,Yes,Yes,Yes,NA,NA,NA,http://p5zlgintc01:16020/PayDirect/Merchant/Edit/5083,35EDM-PLUMS-PPNJ1-W
PTGAWREN,UNCH,1,250826-084816_PTGAWREN_after.png,Yes,Yes,Yes,NA,NA,NA,http://p5zlgintc01:16020/PayDirect/Merchant/Edit/5084,35EDM-WREGA-PTGA1-W
VSGAWREN,Done,1,250826-084821_VSGAWREN_after.png,Yes,Yes,Yes,NA,NA,NA,http://p5zlgintc01:16020/PayDirect/Merchant/Edit/5085,35EDM-WREGA-VSGA1-W
PTNJ1615,UNCH,1,250826-084825_PTNJ1615_after.png,Yes,Yes,Yes,NA,NA,NA,http://p5zlgintc01:16020/PayDirect/Merchant/Edit/5086,35EDM-WEMNJ-PTNJ1-W
PDNJ1505,UNCH,1,250826-084829_PDNJ1505_after.png,Yes,Yes,Yes,NA,NA,NA,http://p5zlgintc01:16020/PayDirect/Merchant/Edit/5089,35EDM-BEAWO-PDNJ1-W
PPNJ1505,UNCH,1,250826-084834_PPNJ1505_after.png,Yes,Yes,Yes,NA,NA,NA,http://p5zlgintc01:16020/PayDirect/Merchant/Edit/5090,35EDM-BEAWO-PPNJ1-W
PZNJ1505,UNCH,1,250826-084838_PZNJ1505_after.png,Yes,Yes,Yes,NA,NA,NA,http://p5zlgintc01:16020/PayDirect/Merchant/Edit/5091,35EDM-BEAWO-PZNJ1-W
PCNJ1505,UNCH,1,250826-084842_PCNJ1505_after.png,Yes,Yes,Yes,NA,NA,NA,http://p5zlgintc01:16020/PayDirect/Merchant/Edit/5092,35EDM-BEAWO-PCNJ1-W
PVNJ1505,UNCH,1,250826-084847_PVNJ1505_after.png,Yes,Yes,Yes,NA,NA,NA,http://p5zlgintc01:16020/PayDirect/Merchant/Edit/5093,35EDM-BEAWO-PVNJ1-W
PUKSHUGO,UNCH,1,250826-084851_PUKSHUGO_after.png,Yes,Yes,Yes,NA,NA,NA,http://p5zlgintc01:16020/PayDirect/Merchant/Edit/5094,35EDM-HUGKS-PUKS1-W
PCKSHUGO,UNCH,1,250826-084855_PCKSHUGO_after.png,Yes,Yes,Yes,NA,NA,NA,http://p5zlgintc01:16020/PayDirect/Merchant/Edit/5096,35EDM-HUGKS-PCKS1-W
PUNJ0301,UNCH,1,250826-084900_PUNJ0301_after.png,Yes,Yes,Yes,NA,NA,NA,http://p5zlgintc01:16020/PayDirect/Merchant/Edit/5097,35EDM-BASSR-PUNJ1-W
PUKSLCCK,UNCH,1,250826-084904_PUKSLCCK_after.png,Yes,Yes,Yes,NA,NA,NA,http://p5zlgintc01:16020/PayDirect/Merchant/Edit/5099,35EDM-LACKS-PUKS1-W
PCKSLCCK,UNCH,1,250826-084909_PCKSLCCK_after.png,Yes,Yes,Yes,NA,NA,NA,http://p5zlgintc01:16020/PayDirect/Merchant/Edit/5100,35EDM-LACKS-PCKS1-W
PUPATOWA,UNCH,1,250826-084913_PUPATOWA_after.png,Yes,Yes,Yes,NA,NA,NA,http://p5zlgintc01:16020/PayDirect/Merchant/Edit/5101,35EDM-TOWPA-TUTLT-W
PUNYCHAT,UNCH,1,250826-084918_PUNYCHAT_after.png,Yes,Yes,Yes,NA,NA,NA,http://p5zlgintc01:16020/PayDirect/Merchant/Edit/5108,35EDM-CHANY-PUNY1-W
PCNYCHAT,UNCH,1,250826-084923_PCNYCHAT_after.png,Yes,Yes,Yes,NA,NA,NA,http://p5zlgintc01:16020/PayDirect/Merchant/Edit/5109,35EDM-CHANY-PCNY1-W
PUPABRAD,UNCH,1,250826-085613_PUPABRAD_after.png,Yes,Yes,Yes,NA,NA,NA,http://p5zlgintc01:16020/PayDirect/Merchant/Edit/5110,35EDM-BRADF-PUPA1-W
PUNYWSTL,UNCH,1,250826-085618_PUNYWSTL_after.png,Yes,Yes,Yes,NA,NA,NA,http://p5zlgintc01:16020/PayDirect/Merchant/Edit/5112,35EDM-WESNY-PUNY1-W
VAKSOWCY,Done,1,250826-085624_VAKSOWCY_after.png,Yes,Yes,Yes,NA,NA,NA,http://p5zlgintc01:16020/PayDirect/Merchant/Edit/5113,35EDM-COOKS-VAKS1-W
VUKSOWCY,Done,1,250826-085629_VUKSOWCY_after.png,Yes,Yes,Yes,NA,NA,NA,http://p5zlgintc01:16020/PayDirect/Merchant/Edit/5114,35EDM-COOKS-VUKS1-W
PCMDDORC,UNCH,1,250826-085634_PCMDDORC_after.png,Yes,Yes,Yes,NA,NA,NA,http://p5zlgintc01:16020/PayDirect/Merchant/Edit/5115,35EDM-DORCH-PCMD1-W
PBNJ1342,UNCH,1,250826-085638_PBNJ1342_after.png,Yes,Yes,Yes,NA,NA,NA,http://p5zlgintc01:16020/PayDirect/Merchant/Edit/5116,35EDM-SBBUT-PBNJ1-W
PAGAMONR,UNCH,1,250826-085644_PAGAMONR_after.png,Yes,Yes,Yes,NA,NA,NA,http://p5zlgintc01:16020/PayDirect/Merchant/Edit/5117,35EDM-MONCO-PAGA1-W
PTNYPLAN,UNCH,1,250826-085650_PTNYPLAN_after.png,Yes,Yes,Yes,NA,NA,NA,http://p5zlgintc01:16020/PayDirect/Merchant/Edit/5120,35EDM-PLANY-PTNY1-W
PUNYPLAN,UNCH,1,250826-085655_PUNYPLAN_after.png,Yes,Yes,Yes,NA,NA,NA,http://p5zlgintc01:16020/PayDirect/Merchant/Edit/5121,35EDM-PLANY-PUNY1-W
PANYPLAN,UNCH,1,250826-085702_PANYPLAN_after.png,Yes,Yes,Yes,NA,NA,NA,http://p5zlgintc01:16020/PayDirect/Merchant/Edit/5122,35EDM-PLANY-PANY1-W
PAMDHAMP,UNCH,1,250826-085707_PAMDHAMP_after.png,Yes,Yes,Yes,NA,NA,NA,http://p5zlgintc01:16020/PayDirect/Merchant/Edit/5126,35EDM-TOHMD-PAMD1-W
PUNYCPWA,UNCH,1,250826-085712_PUNYCPWA_after.png,Yes,Yes,Yes,NA,NA,NA,http://p5zlgintc01:16020/PayDirect/Merchant/Edit/5127,35EDM-CLINY-PUNY1-W
PUKSHILL,UNCH,1,250826-085718_PUKSHILL_after.png,Yes,Yes,Yes,NA,NA,NA,http://p5zlgintc01:16020/PayDirect/Merchant/Edit/5128,35EDM-HILKS-PUKS1-W
PUSCBIWD,UNCH,1,250826-085724_PUSCBIWD_after.png,Yes,Yes,Yes,NA,NA,NA,http://p5zlgintc01:16020/PayDirect/Merchant/Edit/5131,35EDM-BEESC-PUSC1-W
PUIABMLD,UNCH,1,250826-085729_PUIABMLD_after.png,Yes,Yes,Yes,NA,NA,NA,http://p5zlgintc01:16020/PayDirect/Merchant/Edit/5135,35EDM-BELIA-PUIA1-W
PCIABMLD,UNCH,1,250826-085733_PCIABMLD_after.png,Yes,Yes,Yes,NA,NA,NA,http://p5zlgintc01:16020/PayDirect/Merchant/Edit/5136,35EDM-BELIA-PCIA1-W
VMIABMLD,Done,1,250826-085739_VMIABMLD_after.png,Yes,Yes,Yes,NA,NA,NA,http://p5zlgintc01:16020/PayDirect/Merchant/Edit/5137,35EDM-BELIA-VMIA1-W
VUIABMLD,Done,1,250826-085745_VUIABMLD_after.png,Yes,Yes,Yes,NA,NA,NA,http://p5zlgintc01:16020/PayDirect/Merchant/Edit/5138,35EDM-BELIA-VUIA1-W
PTNJ0722,UNCH,1,250826-085750_PTNJ0722_after.png,Yes,Yes,Yes,NA,NA,NA,http://p5zlgintc01:16020/PayDirect/Merchant/Edit/5139,35EDM-WOTNJ-PTNJ1-W
PAMOSCTT,UNCH,1,250826-085755_PAMOSCTT_after.png,Yes,Yes,Yes,NA,NA,NA,http://p5zlgintc01:16020/PayDirect/Merchant/Edit/5140,35EDM-SCOMO-PAMO1-W
PUNJ0722,UNCH,1,250826-085801_PUNJ0722_after.png,Yes,Yes,Yes,NA,NA,NA,http://p5zlgintc01:16020/PayDirect/Merchant/Edit/5141,35EDM-WOTNJ-PUNJ1-W
PUMOSCTT,UNCH,1,250826-085806_PUMOSCTT_after.png,Yes,Yes,Yes,NA,NA,NA,http://p5zlgintc01:16020/PayDirect/Merchant/Edit/5142,35EDM-SCOMO-PUMO1-W
VAMOSCTT,Done,1,250826-085811_VAMOSCTT_after.png,Yes,Yes,Yes,NA,NA,NA,http://p5zlgintc01:16020/PayDirect/Merchant/Edit/5143,35EDM-SCOMO-VAMO1-W
VMMOSCTT,Done,1,250826-085816_VMMOSCTT_after.png,Yes,Yes,Yes,NA,NA,NA,http://p5zlgintc01:16020/PayDirect/Merchant/Edit/5144,35EDM-SCOMO-VMMO1-W
VUMOSCTT,Done,1,250826-085822_VUMOSCTT_after.png,Yes,Yes,Yes,NA,NA,NA,http://p5zlgintc01:16020/PayDirect/Merchant/Edit/5145,35EDM-SCOMO-VUMO1-W
PCVACCUS,UNCH,1,250826-085827_PCVACCUS_after.png,Yes,Yes,Yes,NA,NA,NA,http://p5zlgintc01:16020/PayDirect/Merchant/Edit/5146,35EDM-CCUSA-PCVA1-W
PUNJWTNA,UNCH,1,250826-085832_PUNJWTNA_after.png,Yes,Yes,Yes,NA,NA,NA,http://p5zlgintc01:16020/PayDirect/Merchant/Edit/5147,35EDM-WRINJ-PUNJ1-W
PUCTWWSA,UNCH,1,250826-085836_PUCTWWSA_after.png,Yes,Yes,Yes,NA,NA,NA,http://p5zlgintc01:16020/PayDirect/Merchant/Edit/5148,35EDM-WATCT-PUCT1-W
PUNYMECC,UNCH,1,250826-085841_PUNYMECC_after.png,Yes,Yes,Yes,NA,NA,NA,http://p5zlgintc01:16020/PayDirect/Merchant/Edit/5149,35EDM-MECNY-PUNY1-W
PTNYMECC,UNCH,1,250826-085845_PTNYMECC_after.png,Yes,Yes,Yes,NA,NA,NA,http://p5zlgintc01:16020/PayDirect/Merchant/Edit/5150,35EDM-MECNY-PTNY1-W
VMNYMECC,Done,1,250826-085850_VMNYMECC_after.png,Yes,Yes,Yes,NA,NA,NA,http://p5zlgintc01:16020/PayDirect/Merchant/Edit/5151,35EDM-MECNY-VMNY1-W
VUNYMECC,Done,1,250826-085855_VUNYMECC_after.png,Yes,Yes,Yes,NA,NA,NA,http://p5zlgintc01:16020/PayDirect/Merchant/Edit/5152,35EDM-MECNY-VUNY1-W
VTNYMECC,Done,1,250826-085859_VTNYMECC_after.png,Yes,Yes,Yes,NA,NA,NA,http://p5zlgintc01:16020/PayDirect/Merchant/Edit/5153,35EDM-MECNY-VTNY1-W
PANJ0813,UNCH,1,250826-085903_PANJ0813_after.png,Yes,Yes,Yes,NA,NA,NA,http://p5zlgintc01:16020/PayDirect/Merchant/Edit/5154,35EDM-NWFLD-PANJ1-W
PFTXMAVE,UNCH,1,250826-085908_PFTXMAVE_after.png,Yes,Yes,Yes,NA,NA,NA,http://p5zlgintc01:16020/PayDirect/Merchant/Edit/5155,35EDM-MAVTX-PFTX1-W
PJTXMAVE,UNCH,1,250826-085912_PJTXMAVE_after.png,Yes,Yes,Yes,NA,NA,NA,http://p5zlgintc01:16020/PayDirect/Merchant/Edit/5156,35EDM-MAVTX-PJTX1-W
PLTXMAVE,UNCH,1,250826-085916_PLTXMAVE_after.png,Yes,Yes,Yes,NA,NA,NA,http://p5zlgintc01:16020/PayDirect/Merchant/Edit/5157,35EDM-MAVTX-PLTX1-W
PCTXMAVE,UNCH,1,250826-085921_PCTXMAVE_after.png,Yes,Yes,Yes,NA,NA,NA,http://p5zlgintc01:16020/PayDirect/Merchant/Edit/5158,35EDM-MAVTX-PCTX1-W
PUTXMAVE,UNCH,1,250826-085925_PUTXMAVE_after.png,Yes,Yes,Yes,NA,NA,NA,http://p5zlgintc01:16020/PayDirect/Merchant/Edit/5159,35EDM-MAVTX-PUTX1-W
PWTXMAVE,UNCH,1,250826-085930_PWTXMAVE_after.png,Yes,Yes,Yes,NA,NA,NA,http://p5zlgintc01:16020/PayDirect/Merchant/Edit/5160,35EDM-MAVTX-PWTX1-W
PCDE21,UNCH,1,250826-085934_PCDE21_after.png,Yes,Yes,Yes,NA,NA,NA,http://p5zlgintc01:16020/PayDirect/Merchant/Edit/5163,35EDM-NEWCD-PCDE1-W
PUGAWSHN,UNCH,1,250826-085939_PUGAWSHN_after.png,Yes,Yes,Yes,NA,NA,NA,http://p5zlgintc01:16020/PayDirect/Merchant/Edit/5169,35EDM-WASGA-PUGA1-W
VBFLLABL,Done,1,250826-085944_VBFLLABL_after.png,Yes,Yes,Yes,NA,NA,NA,http://p5zlgintc01:16020/PayDirect/Merchant/Edit/5170,35EDM-LABEL-VBFL1-W
VDFLLABL,Done,1,250826-085948_VDFLLABL_after.png,Yes,Yes,Yes,NA,NA,NA,http://p5zlgintc01:16020/PayDirect/Merchant/Edit/5171,35EDM-LABEL-VDFL1-W
PTNJ1915,UNCH,1,250826-085952_PTNJ1915_after.png,Yes,Yes,Yes,NA,NA,NA,http://p5zlgintc01:16020/PayDirect/Merchant/Edit/5172,35EDM-NEWNJ-PTNJ1-W
PUNJ1915,UNCH,1,250826-085957_PUNJ1915_after.png,Yes,Yes,Yes,NA,NA,NA,http://p5zlgintc01:16020/PayDirect/Merchant/Edit/5173,35EDM-NEWNJ-PUNJ1-W
PTNJ1911,UNCH,1,250826-090001_PTNJ1911_after.png,Yes,Yes,Yes,NA,NA,NA,http://p5zlgintc01:16020/PayDirect/Merchant/Edit/5174,35EDM-HARDY-PTNJ1-W
PUPAALBN,UNCH,1,250826-090005_PUPAALBN_after.png,Yes,Yes,Yes,NA,NA,NA,http://p5zlgintc01:16020/PayDirect/Merchant/Edit/5176,35EDM-ALBPA-UPAA1-W
PWPAALBN,UNCH,1,250826-090010_PWPAALBN_after.png,Yes,Yes,Yes,NA,NA,NA,http://p5zlgintc01:16020/PayDirect/Merchant/Edit/5177,35EDM-ALBPA-WPAA1-W
PTNYMANO,UNCH,1,250826-090014_PTNYMANO_after.png,Yes,Yes,Yes,NA,NA,NA,http://p5zlgintc01:16020/PayDirect/Merchant/Edit/5178,35EDM-MANNY-PTNY1-W
VMNYMANO,Done,1,250826-090602_VMNYMANO_after.png,Yes,Yes,Yes,NA,NA,NA,http://p5zlgintc01:16020/PayDirect/Merchant/Edit/5179,35EDM-MANNY-VMNY1-W
VTNYMANO,Done,1,250826-090606_VTNYMANO_after.png,Yes,Yes,Yes,NA,NA,NA,http://p5zlgintc01:16020/PayDirect/Merchant/Edit/5180,35EDM-MANNY-VTNY1-W
PTNCCLYD,UNCH,1,250826-090611_PTNCCLYD_after.png,Yes,Yes,Yes,NA,NA,NA,http://p5zlgintc01:16020/PayDirect/Merchant/Edit/5181,35EDM-CLYNC-PTNC1-W
PUNCCLYD,UNCH,1,250826-090615_PUNCCLYD_after.png,Yes,Yes,Yes,NA,NA,NA,http://p5zlgintc01:16020/PayDirect/Merchant/Edit/5182,35EDM-CLYNC-PUNC1-W
PATXMAVE,UNCH,1,250826-090620_PATXMAVE_after.png,Yes,Yes,Yes,NA,NA,NA,http://p5zlgintc01:16020/PayDirect/Merchant/Edit/5183,35EDM-MAVTX-PATX1-W
PCNJ0511,UNCH,1,250826-090624_PCNJ0511_after.png,Yes,Yes,Yes,NA,NA,NA,http://p5zlgintc01:16020/PayDirect/Merchant/Edit/5186,35EDM-UPPER-PCNJ1-W
PNNJ2121,UNCH,1,250826-090628_PNNJ2121_after.png,Yes,Yes,Yes,NA,NA,NA,http://p5zlgintc01:16020/PayDirect/Merchant/Edit/5187,35EDM-BORWA-PNNJ1-W
PCNJ2121,UNCH,1,250826-090633_PCNJ2121_after.png,Yes,Yes,Yes,NA,NA,NA,http://p5zlgintc01:16020/PayDirect/Merchant/Edit/5188,35EDM-BORWA-PCNJ1-W
PONJ2121,UNCH,1,250826-090637_PONJ2121_after.png,Yes,Yes,Yes,NA,NA,NA,http://p5zlgintc01:16020/PayDirect/Merchant/Edit/5189,35EDM-BORWA-PONJ1-W
PUIAPLEA,UNCH,1,250826-090642_PUIAPLEA_after.png,Yes,Yes,Yes,NA,NA,NA,http://p5zlgintc01:16020/PayDirect/Merchant/Edit/5190,35EDM-PLEIA-PUIA1-W
PUWVRCPS,UNCH,1,250826-090646_PUWVRCPS_after.png,Yes,Yes,Yes,NA,NA,NA,http://p5zlgintc01:16020/PayDirect/Merchant/Edit/5191,35EDM-RALWV-PUWV1-W
PPVAGLAX,UNCH,1,250826-090650_PPVAGLAX_after.png,Yes,Yes,Yes,NA,NA,NA,http://p5zlgintc01:16020/PayDirect/Merchant/Edit/5192,35EDM-GALVA-PPVA1-W
PCPAALBN,UNCH,1,250826-090655_PCPAALBN_after.png,Yes,Yes,Yes,NA,NA,NA,http://p5zlgintc01:16020/PayDirect/Merchant/Edit/5193,35EDM-ALBPA-PGPA1-W
PGPAALBN,UNCH,1,250826-090659_PGPAALBN_after.png,Yes,Yes,Yes,NA,NA,NA,http://p5zlgintc01:16020/PayDirect/Merchant/Edit/5194,35EDM-ALBPA-PCPA1-W
PUWVCOMA,UNCH,1,250826-090704_PUWVCOMA_after.png,Yes,Yes,Yes,NA,NA,NA,http://p5zlgintc01:16020/PayDirect/Merchant/Edit/5195,35EDM-CRAWV-PUWV1-W
VUWVCOMA,Done,1,250826-090708_VUWVCOMA_after.png,Yes,Yes,Yes,NA,NA,NA,http://p5zlgintc01:16020/PayDirect/Merchant/Edit/5196,35EDM-CRAWV-VUWV1-W
PUIAGILB,UNCH,1,250826-090713_PUIAGILB_after.png,Yes,Yes,Yes,NA,NA,NA,http://p5zlgintc01:16020/PayDirect/Merchant/Edit/5197,35EDM-GILIA-PUIA1-W
PUGARCWS,UNCH,1,250826-090717_PUGARCWS_after.png,Yes,Yes,Yes,NA,NA,NA,http://p5zlgintc01:16020/PayDirect/Merchant/Edit/5198,35EDM-RABGA-PUGA1-W
PAGAASTL,UNCH,1,250826-090721_PAGAASTL_after.png,Yes,Yes,Yes,NA,NA,NA,http://p5zlgintc01:16020/PayDirect/Merchant/Edit/5199,35EDM-AUSNT-PAGA1-W
PTNYWHTE,UNCH,1,250826-090726_PTNYWHTE_after.png,Yes,Yes,Yes,NA,NA,NA,http://p5zlgintc01:16020/PayDirect/Merchant/Edit/5225,35EDM-WHINY-PTNY1-W
VMIAPLEA,Done,1,250826-090730_VMIAPLEA_after.png,Yes,Yes,Yes,NA,NA,NA,http://p5zlgintc01:16020/PayDirect/Merchant/Edit/5269,35EDM-PLEIA-VMIA1-W
VUIAPLEA,Done,1,250826-090735_VUIAPLEA_after.png,Yes,Yes,Yes,NA,NA,NA,http://p5zlgintc01:16020/PayDirect/Merchant/Edit/5270,35EDM-PLEIA-VUIA1-W
PANJLMUA,UNCH,1,250826-090739_PANJLMUA_after.png,Yes,Yes,Yes,NA,NA,NA,http://p5zlgintc01:16020/PayDirect/Merchant/Edit/5272,35EDM-LOGNJ-PANJ1-W
PUNJLMUA,UNCH,1,250826-090744_PUNJLMUA_after.png,Yes,Yes,Yes,NA,NA,NA,http://p5zlgintc01:16020/PayDirect/Merchant/Edit/5273,35EDM-LOGNJ-PUNJ1-W
PCIAGARN,UNCH,1,250826-090748_PCIAGARN_after.png,Yes,Yes,Yes,NA,NA,NA,http://p5zlgintc01:16020/PayDirect/Merchant/Edit/5274,35EDM-GARIA-PAIA1-W
VAIAGARN,Done,1,250826-090752_VAIAGARN_after.png,Yes,Yes,Yes,NA,NA,NA,http://p5zlgintc01:16020/PayDirect/Merchant/Edit/5275,35EDM-GARIA-VAIA1-W
VMIAGARN,Done,1,250826-090757_VMIAGARN_after.png,Yes,Yes,Yes,NA,NA,NA,http://p5zlgintc01:16020/PayDirect/Merchant/Edit/5276,35EDM-GARIA-VMIA1-W
PANJ1225,UNCH,1,250826-090801_PANJ1225_after.png,Yes,Yes,Yes,NA,NA,NA,http://p5zlgintc01:16020/PayDirect/Merchant/Edit/5277,35EDM-WOODB-PANJ1-W
PUIAELGI,UNCH,1,250826-090806_PUIAELGI_after.png,Yes,Yes,Yes,NA,NA,NA,http://p5zlgintc01:16020/PayDirect/Merchant/Edit/5278,35EDM-ELGIA-PUIA1-W
PUKYPWWC,UNCH,1,250826-090810_PUKYPWWC_after.png,Yes,Yes,Yes,NA,NA,NA,http://p5zlgintc01:16020/PayDirect/Merchant/Edit/5279,35EDM-PRIKY-PUKY1-W
PAWVANST,UNCH,1,250826-090815_PAWVANST_after.png,Yes,Yes,Yes,NA,NA,NA,http://p5zlgintc01:16020/PayDirect/Merchant/Edit/5280,35EDM-ANSWV-PAWV1-W
PUWVANST,UNCH,1,250826-090819_PUWVANST_after.png,Yes,Yes,Yes,NA,NA,NA,http://p5zlgintc01:16020/PayDirect/Merchant/Edit/5281,35EDM-ANSWV-PUWV1-W
PUNJHTMA,UNCH,1,250826-090823_PUNJHTMA_after.png,Yes,Yes,Yes,NA,NA,NA,http://p5zlgintc01:16020/PayDirect/Merchant/Edit/5282,35EDM-HARTO-PUNJ1-W
PUIANLON,UNCH,1,250826-090828_PUIANLON_after.png,Yes,Yes,Yes,NA,NA,NA,http://p5zlgintc01:16020/PayDirect/Merchant/Edit/5284,35EDM-NEWIA-PUIA1-W
PAPAELAM,UNCH,1,250826-090832_PAPAELAM_after.png,Yes,Yes,Yes,NA,NA,NA,http://p5zlgintc01:16020/PayDirect/Merchant/Edit/5285,35EDM-EASPA-PAPA1-W
PCPAELAM,UNCH,1,250826-090837_PCPAELAM_after.png,Yes,Yes,Yes,NA,NA,NA,http://p5zlgintc01:16020/PayDirect/Merchant/Edit/5286,35EDM-EASPA-PCPA1-W
PUPAELAM,UNCH,1,250826-090842_PUPAELAM_after.png,Yes,Yes,Yes,NA,NA,NA,http://p5zlgintc01:16020/PayDirect/Merchant/Edit/5287,35EDM-EASPA-PUPA1-W
PTNJ1812,UNCH,1,250826-090846_PTNJ1812_after.png,Yes,Yes,Yes,NA,NA,NA,http://p5zlgintc01:16020/PayDirect/Merchant/Edit/5288,35EDM-MILNJ-PTNJ1-W
