SITE_NAME,Swipe_Checkbox?,Imported count,Screenshot name,LOGO Replaced,CSS saved,Redirect done,Undo Swipe,Undo CSS,Undo Redirect,PD_Site_URL,Merchant Code
PUNJ2003,UNCH,1,240826-211221_PUNJ2003_after.png,Yes,Yes,Yes,NA,NA,NA,http://p5zlgintc01:16020/PayDirect/Merchant/Edit/575,35EDM-CRANG-CRUTL-W
PTNJ2003,UNCH,1,240826-211225_PTNJ2003_after.png,Yes,Yes,Yes,NA,NA,NA,http://p5zlgintc01:16020/PayDirect/Merchant/Edit/577,35EDM-CRANF-CRTAX-W
PUPABUCK,UNCH,1,240826-211229_PUPABUCK_after.png,Yes,Yes,Yes,NA,NA,NA,http://p5zlgintc01:16020/PayDirect/Merchant/Edit/578,35EDM-BUCKI-BUUTL-W
PTNJ0315,UNCH,1,240826-211233_PTNJ0315_after.png,Yes,Yes,Yes,NA,NA,NA,http://p5zlgintc01:16020/PayDirect/Merchant/Edit/579,35EDM-FLORE-FLTAX-W
PUNJ0315,UNCH,1,240826-211238_PUNJ0315_after.png,Yes,Yes,Yes,NA,NA,NA,http://p5zlgintc01:16020/PayDirect/Merchant/Edit/580,35EDM-FLORF-FLUTL-W
PUNJ2012,UNCH,1,240826-211242_PUNJ2012_after.png,Yes,Yes,Yes,NA,NA,NA,http://p5zlgintc01:16020/PayDirect/Merchant/Edit/581,35EDM-PLANF-PLUTL-W
PTNJ0436,UNCH,1,240826-211246_PTNJ0436_after.png,Yes,Yes,Yes,NA,NA,NA,http://p5zlgintc01:16020/PayDirect/Merchant/Edit/582,35EDM-WINSL-WITAX-W
PUNJ0436,UNCH,1,240826-211251_PUNJ0436_after.png,Yes,Yes,Yes,NA,NA,NA,http://p5zlgintc01:16020/PayDirect/Merchant/Edit/583,35EDM-WINSM-WIUTL-W
PTNJ1350,UNCH,1,240826-211255_PTNJ1350_after.png,Yes,Yes,Yes,NA,NA,NA,http://p5zlgintc01:16020/PayDirect/Merchant/Edit/584,35EDM-UNION-UNTAX-W
PUNJ1350,UNCH,1,240826-211259_PUNJ1350_after.png,Yes,Yes,Yes,NA,NA,NA,http://p5zlgintc01:16020/PayDirect/Merchant/Edit/585,35EDM-UNIOO-UNUTL-W
PTNC600,UNCH,1,240826-211303_PTNC600_after.png,Yes,Yes,Yes,NA,NA,NA,http://p5zlgintc01:16020/PayDirect/Merchant/Edit/586,35EDM-INDIA-INTAX-W
PTNJ1312,UNCH,1,240826-211307_PTNJ1312_after.png,Yes,Yes,Yes,NA,NA,NA,http://p5zlgintc01:16020/PayDirect/Merchant/Edit/587,35EDM-EATON-EATAX-W
PUNJPHUA,UNCH,1,240826-211312_PUNJPHUA_after.png,Yes,Yes,Yes,NA,NA,NA,http://p5zlgintc01:16020/PayDirect/Merchant/Edit/588,35EDM-PINEI-PIUTL-W
PTNJ0122,UNCH,1,240826-211316_PTNJ0122_after.png,Yes,Yes,Yes,NA,NA,NA,http://p5zlgintc01:16020/PayDirect/Merchant/Edit/589,35EDM-VENTN-VETAX-W
PUNJ0122,UNCH,1,240826-211320_PUNJ0122_after.png,Yes,Yes,Yes,NA,NA,NA,http://p5zlgintc01:16020/PayDirect/Merchant/Edit/590,35EDM-VENTO-VEUTL-W
PTNJ1301,UNCH,1,240826-211324_PTNJ1301_after.png,Yes,Yes,Yes,NA,NA,NA,http://p5zlgintc01:16020/PayDirect/Merchant/Edit/591,35EDM-ABERD-ABTAX-W
PUNJ1301,UNCH,1,240826-211328_PUNJ1301_after.png,Yes,Yes,Yes,NA,NA,NA,http://p5zlgintc01:16020/PayDirect/Merchant/Edit/592,35EDM-ABERE-ABUTL-W
PTNJ0512,UNCH,1,240826-211333_PTNJ0512_after.png,Yes,Yes,Yes,NA,NA,NA,http://p5zlgintc01:16020/PayDirect/Merchant/Edit/593,35EDM-WESTC-WETAX-W
PUNJ0512,UNCH,1,240826-211337_PUNJ0512_after.png,Yes,Yes,Yes,NA,NA,NA,http://p5zlgintc01:16020/PayDirect/Merchant/Edit/594,35EDM-WESTD-WEUTL-W
PTNJ1805,UNCH,1,240826-211341_PTNJ1805_after.png,Yes,Yes,Yes,NA,NA,NA,http://p5zlgintc01:16020/PayDirect/Merchant/Edit/595,35EDM-BRANC-BRTAX-W
PUNJ1805,UNCH,1,240826-211345_PUNJ1805_after.png,Yes,Yes,Yes,NA,NA,NA,http://p5zlgintc01:16020/PayDirect/Merchant/Edit/596,35EDM-BRAND-BRUTL-W
PTVAKILM,UNCH,1,240826-211350_PTVAKILM_after.png,Yes,Yes,Yes,NA,NA,NA,http://p5zlgintc01:16020/PayDirect/Merchant/Edit/597,35EDM-KILMA-KITAX-W
PUVAKILM,UNCH,1,240826-211354_PUVAKILM_after.png,Yes,Yes,Yes,NA,NA,NA,http://p5zlgintc01:16020/PayDirect/Merchant/Edit/598,35EDM-KILMB-KIUTL-W
PTNJ1613,UNCH,1,240826-211358_PTNJ1613_after.png,Yes,Yes,Yes,NA,NA,NA,http://p5zlgintc01:16020/PayDirect/Merchant/Edit/601,35EDM-WANAQ-WATAX-W
PUNJ1613,UNCH,1,240826-211403_PUNJ1613_after.png,Yes,Yes,Yes,NA,NA,NA,http://p5zlgintc01:16020/PayDirect/Merchant/Edit/602,35EDM-WANAR-WAUTL-W
PTNJ0305,UNCH,1,240826-211407_PTNJ0305_after.png,Yes,Yes,Yes,NA,NA,NA,http://p5zlgintc01:16020/PayDirect/Merchant/Edit/603,35EDM-BURLI-BUTAX-W
PUNJ0305,UNCH,1,240826-211411_PUNJ0305_after.png,Yes,Yes,Yes,NA,NA,NA,http://p5zlgintc01:16020/PayDirect/Merchant/Edit/604,35EDM-BURLJ-BUUTL-W
PTNJ0119,UNCH,1,240826-211415_PTNJ0119_after.png,Yes,Yes,Yes,NA,NA,NA,http://p5zlgintc01:16020/PayDirect/Merchant/Edit/605,35EDM-PLEAS-PLTAX-W
PUNJ0119,UNCH,1,240826-211419_PUNJ0119_after.png,Yes,Yes,Yes,NA,NA,NA,http://p5zlgintc01:16020/PayDirect/Merchant/Edit/606,35EDM-PLEAT-PLUTL-W
PUPAPOTT,UNCH,1,240826-211424_PUPAPOTT_after.png,Yes,Yes,Yes,NA,NA,NA,http://p5zlgintc01:16020/PayDirect/Merchant/Edit/608,35EDM-POTTS-POUTL-W
PTDE25,UNCH,1,240826-211428_PTDE25_after.png,Yes,Yes,Yes,NA,NA,NA,http://p5zlgintc01:16020/PayDirect/Merchant/Edit/609,35EDM-TOSND-TOTAX-W
PTNJ0820,UNCH,1,240826-211433_PTNJ0820_after.png,Yes,Yes,Yes,NA,NA,NA,http://p5zlgintc01:16020/PayDirect/Merchant/Edit/610,35EDM-WDEPT-WDTAX-W
PUNJ0820,UNCH,1,240826-211437_PUNJ0820_after.png,Yes,Yes,Yes,NA,NA,NA,http://p5zlgintc01:16020/PayDirect/Merchant/Edit/611,35EDM-WDEPU-WDUTL-W
PTNJ1221,UNCH,1,240826-211442_PTNJ1221_after.png,Yes,Yes,Yes,NA,NA,NA,http://p5zlgintc01:16020/PayDirect/Merchant/Edit/612,35EDM-SBRUN-SBTAX-W
PUNJ1221,UNCH,1,240826-211446_PUNJ1221_after.png,Yes,Yes,Yes,NA,NA,NA,http://p5zlgintc01:16020/PayDirect/Merchant/Edit/613,35EDM-SBRUO-SBUTL-W
PTNJ1510,UNCH,1,240826-211450_PTNJ1510_after.png,Yes,Yes,Yes,NA,NA,NA,http://p5zlgintc01:16020/PayDirect/Merchant/Edit/614,35EDM-HARVY-HATAX-W
PUNJ1510,UNCH,1,240826-211454_PUNJ1510_after.png,Yes,Yes,Yes,NA,NA,NA,http://p5zlgintc01:16020/PayDirect/Merchant/Edit/615,35EDM-HARVZ-HAUTL-W
PUDE25,UNCH,1,240826-211458_PUDE25_after.png,Yes,Yes,Yes,NA,NA,NA,http://p5zlgintc01:16020/PayDirect/Merchant/Edit/618,35EDM-TOSNE-ABUTL-W
PUMDCAMB,UNCH,1,240826-211503_PUMDCAMB_after.png,Yes,Yes,Yes,NA,NA,NA,http://p5zlgintc01:16020/PayDirect/Merchant/Edit/622,35EDM-CAMUC-UTILI-W
PUFLLABL,UNCH,1,240826-211507_PUFLLABL_after.png,Yes,Yes,Yes,NA,NA,NA,http://p5zlgintc01:16020/PayDirect/Merchant/Edit/625,35EDM-LABEL-LBUTL-W
PTNJ2019,UNCH,1,240826-211511_PTNJ2019_after.png,Yes,Yes,Yes,NA,NA,NA,http://p5zlgintc01:16020/PayDirect/Merchant/Edit/630,35EDM-UNTWP-UTTAX-W
PUNJ2019,UNCH,1,240826-211515_PUNJ2019_after.png,Yes,Yes,Yes,NA,NA,NA,http://p5zlgintc01:16020/PayDirect/Merchant/Edit/631,35EDM-UNUTL-UTUTL-W
PTNJ1816,UNCH,1,240826-211520_PTNJ1816_after.png,Yes,Yes,Yes,NA,NA,NA,http://p5zlgintc01:16020/PayDirect/Merchant/Edit/634,35EDM-RARIT-RMTAX-W
PTNJ1616,UNCH,1,240826-211524_PTNJ1616_after.png,Yes,Yes,Yes,NA,NA,NA,http://p5zlgintc01:16020/PayDirect/Merchant/Edit/637,35EDM-WDPKB-WPBTX-W
PUNJ1616,UNCH,1,240826-211530_PUNJ1616_after.png,Yes,Yes,Yes,NA,NA,NA,http://p5zlgintc01:16020/PayDirect/Merchant/Edit/638,35EDM-WDPKU-WODPU-W
PTNJ0233,UNCH,1,240826-211535_PTNJ0233_after.png,Yes,Yes,Yes,NA,NA,NA,http://p5zlgintc01:16020/PayDirect/Merchant/Edit/639,35EDM-MAHWA-MTTAX-W
PUNJ0233,UNCH,1,240826-211541_PUNJ0233_after.png,Yes,Yes,Yes,NA,NA,NA,http://p5zlgintc01:16020/PayDirect/Merchant/Edit/640,35EDM-MAHWU-MWHUP-W
PTNJ0227,UNCH,1,240826-211546_PTNJ0227_after.png,Yes,Yes,Yes,NA,NA,NA,http://p5zlgintc01:16020/PayDirect/Merchant/Edit/641,35EDM-HILDL-HLSTX-W
PTNJ0422,UNCH,1,240826-211550_PTNJ0422_after.png,Yes,Yes,Yes,NA,NA,NA,http://p5zlgintc01:16020/PayDirect/Merchant/Edit/642,35EDM-LNDBR-LBTAX-W
PUNJ0422,UNCH,1,240826-211554_PUNJ0422_after.png,Yes,Yes,Yes,NA,NA,NA,http://p5zlgintc01:16020/PayDirect/Merchant/Edit/643,35EDM-LNDBU-LBUTL-W
PUNJ1201,NA,NA,NA,NA,NA,NA,NA,NA,NA,NA,NA
PTNJ1201,NA,NA,NA,NA,NA,NA,NA,NA,NA,NA,NA
PTNJ2009,NA,NA,NA,NA,NA,NA,NA,NA,NA,NA,NA
PUNJ2009,NA,NA,NA,NA,NA,NA,NA,NA,NA,NA,NA
PTNJ0322,NA,NA,NA,NA,NA,NA,NA,NA,NA,NA,NA
PUNJ0322,NA,NA,NA,NA,NA,NA,NA,NA,NA,NA,NA
PTNJ1353,NA,NA,NA,NA,NA,NA,NA,NA,NA,NA,NA
PTDECHSW,NA,NA,NA,NA,NA,NA,NA,NA,NA,NA,NA
VTDECHSW,NA,NA,NA,NA,NA,NA,NA,NA,NA,NA,NA
PTNJ0266,NA,NA,NA,NA,NA,NA,NA,NA,NA,NA,NA
PTNJ0335,NA,NA,NA,NA,NA,NA,NA,NA,NA,NA,NA
PTNJ0220,NA,NA,NA,NA,NA,NA,NA,NA,NA,NA,NA
PTNJ0802,NA,NA,NA,NA,NA,NA,NA,NA,NA,NA,NA
PTNJ0270,NA,NA,NA,NA,NA,NA,NA,NA,NA,NA,NA
PUNJ0270,NA,NA,NA,NA,NA,NA,NA,NA,NA,NA,NA
PTNJ0408,NA,NA,NA,NA,NA,NA,NA,NA,NA,NA,NA
PTNJ0318,NA,NA,NA,NA,NA,NA,NA,NA,NA,NA,NA
PUNYCONK,NA,NA,NA,NA,NA,NA,NA,NA,NA,NA,NA
PTNJ1334,NA,NA,NA,NA,NA,NA,NA,NA,NA,NA,NA
PTNJ0504,NA,NA,NA,NA,NA,NA,NA,NA,NA,NA,NA
PTNJ0217,NA,NA,NA,NA,NA,NA,NA,NA,NA,NA,NA
PUNJ0217,NA,NA,NA,NA,NA,NA,NA,NA,NA,NA,NA
VTNJ0217,NA,NA,NA,NA,NA,NA,NA,NA,NA,NA,NA
VUNJ0217,NA,NA,NA,NA,NA,NA,NA,NA,NA,NA,NA
PMVATSH,NA,NA,NA,NA,NA,NA,NA,NA,NA,NA,NA
PTNJ0718,NA,NA,NA,NA,NA,NA,NA,NA,NA,NA,NA
PUNJ0718,NA,NA,NA,NA,NA,NA,NA,NA,NA,NA,NA
PTNJ0102,NA,NA,NA,NA,NA,NA,NA,NA,NA,NA,NA
PUPAUFRD,NA,NA,NA,NA,NA,NA,NA,NA,NA,NA,NA
PTNJ0821,NA,NA,NA,NA,NA,NA,NA,NA,NA,NA,NA
PUNJ0821,NA,NA,NA,NA,NA,NA,NA,NA,NA,NA,NA
PUNJ1603,NA,NA,NA,NA,NA,NA,NA,NA,NA,NA,NA
VTNJ0318,NA,NA,NA,NA,NA,NA,NA,NA,NA,NA,NA
PTNJ1814,NA,NA,NA,NA,NA,NA,NA,NA,NA,NA,NA
PUNJ1814,NA,NA,NA,NA,NA,NA,NA,NA,NA,NA,NA
PTNJ0310,NA,NA,NA,NA,NA,NA,NA,NA,NA,NA,NA
PUNJ0310,NA,NA,NA,NA,NA,NA,NA,NA,NA,NA,NA
PTNJ1525,NA,NA,NA,NA,NA,NA,NA,NA,NA,NA,NA
PUNJ1525,NA,NA,NA,NA,NA,NA,NA,NA,NA,NA,NA
PUNJ1309,NA,NA,NA,NA,NA,NA,NA,NA,NA,NA,NA
PTNJ1309,NA,NA,NA,NA,NA,NA,NA,NA,NA,NA,NA
PUNJ0702,NA,NA,NA,NA,NA,NA,NA,NA,NA,NA,NA
PUNJ0306,NA,NA,NA,NA,NA,NA,NA,NA,NA,NA,NA
PUNJ0113,NA,NA,NA,NA,NA,NA,NA,NA,NA,NA,NA
PUNJ0703,NA,NA,NA,NA,NA,NA,NA,NA,NA,NA,NA
PUNJ1518,NA,NA,NA,NA,NA,NA,NA,NA,NA,NA,NA
PUNJ0610,NA,NA,NA,NA,NA,NA,NA,NA,NA,NA,NA
PUNJ1424,NA,NA,NA,NA,NA,NA,NA,NA,NA,NA,NA
PUNJ1502,NA,NA,NA,NA,NA,NA,NA,NA,NA,NA,NA
PTNJ1502,NA,NA,NA,NA,NA,NA,NA,NA,NA,NA,NA
VUNJ0306,NA,NA,NA,NA,NA,NA,NA,NA,NA,NA,NA
VTNJ0306,NA,NA,NA,NA,NA,NA,NA,NA,NA,NA,NA
PTNJ0905,NA,NA,NA,NA,NA,NA,NA,NA,NA,NA,NA
PTNJ0114,NA,NA,NA,NA,NA,NA,NA,NA,NA,NA,NA
PUNJ0114,NA,NA,NA,NA,NA,NA,NA,NA,NA,NA,NA
VUVATSH,NA,NA,NA,NA,NA,NA,NA,NA,NA,NA,NA
PTNJ1709,NA,NA,NA,NA,NA,NA,NA,NA,NA,NA,NA
PUNJPNSV,NA,NA,NA,NA,NA,NA,NA,NA,NA,NA,NA
PTNJ1202,NA,NA,NA,NA,NA,NA,NA,NA,NA,NA,NA
PUNJ1202,NA,NA,NA,NA,NA,NA,NA,NA,NA,NA,NA
PTNJ0514,NA,NA,NA,NA,NA,NA,NA,NA,NA,NA,NA
PUNJ0514,NA,NA,NA,NA,NA,NA,NA,NA,NA,NA,NA
PUNJ0808,NA,NA,NA,NA,NA,NA,NA,NA,NA,NA,NA
PTNJ0808,NA,NA,NA,NA,NA,NA,NA,NA,NA,NA,NA
PTNJ0721,NA,NA,NA,NA,NA,NA,NA,NA,NA,NA,NA
PUNJ0721,NA,NA,NA,NA,NA,NA,NA,NA,NA,NA,NA
PTNJ1327,NA,NA,NA,NA,NA,NA,NA,NA,NA,NA,NA
PTNJ1529,NA,NA,NA,NA,NA,NA,NA,NA,NA,NA,NA
PUNJ1529,NA,NA,NA,NA,NA,NA,NA,NA,NA,NA,NA
PUNJLEHM,NA,NA,NA,NA,NA,NA,NA,NA,NA,NA,NA
PTNJ0513,NA,NA,NA,NA,NA,NA,NA,NA,NA,NA,NA
PUNJ0513,NA,NA,NA,NA,NA,NA,NA,NA,NA,NA,NA
VTNJ0111,NA,NA,NA,NA,NA,NA,NA,NA,NA,NA,NA
VUNJ0111,NA,NA,NA,NA,NA,NA,NA,NA,NA,NA,NA
PUPASUNB,NA,NA,NA,NA,NA,NA,NA,NA,NA,NA,NA
PUGADAWS,NA,NA,NA,NA,NA,NA,NA,NA,NA,NA,NA
PMNJ0514,NA,NA,NA,NA,NA,NA,NA,NA,NA,NA,NA
PTDECLAY,NA,NA,NA,NA,NA,NA,NA,NA,NA,NA,NA
PUDECLAY,NA,NA,NA,NA,NA,NA,NA,NA,NA,NA,NA
VTDECLAY,NA,NA,NA,NA,NA,NA,NA,NA,NA,NA,NA
VUDECLAY,NA,NA,NA,NA,NA,NA,NA,NA,NA,NA,NA
PTNJ0418,NA,NA,NA,NA,NA,NA,NA,NA,NA,NA,NA
PTNJ1351,NA,NA,NA,NA,NA,NA,NA,NA,NA,NA,NA
PTNJ1216,NA,NA,NA,NA,NA,NA,NA,NA,NA,NA,NA
PTNJ1218,NA,NA,NA,NA,NA,NA,NA,NA,NA,NA,NA
PTVAGRAY,NA,NA,NA,NA,NA,NA,NA,NA,NA,NA,NA
PUVAGRAY,NA,NA,NA,NA,NA,NA,NA,NA,NA,NA,NA
VTVAGRAY,NA,NA,NA,NA,NA,NA,NA,NA,NA,NA,NA
VUVAGRAY,NA,NA,NA,NA,NA,NA,NA,NA,NA,NA,NA
PTNJ1702,NA,NA,NA,NA,NA,NA,NA,NA,NA,NA,NA
PTNJ0223,NA,NA,NA,NA,NA,NA,NA,NA,NA,NA,NA
PTNJ1319,NA,NA,NA,NA,NA,NA,NA,NA,NA,NA,NA
PUNJ1319,NA,NA,NA,NA,NA,NA,NA,NA,NA,NA,NA
PTNJ0210,NA,NA,NA,NA,NA,NA,NA,NA,NA,NA,NA
PTNJ1506,NA,NA,NA,NA,NA,NA,NA,NA,NA,NA,NA
PUNJ0510,NA,NA,NA,NA,NA,NA,NA,NA,NA,NA,NA
PUNJ1528,NA,NA,NA,NA,NA,NA,NA,NA,NA,NA,NA
PTNJ1528,NA,NA,NA,NA,NA,NA,NA,NA,NA,NA,NA
PTNJ0701,NA,NA,NA,NA,NA,NA,NA,NA,NA,NA,NA
PUNJ0701,NA,NA,NA,NA,NA,NA,NA,NA,NA,NA,NA
PTNJ1708,NA,NA,NA,NA,NA,NA,NA,NA,NA,NA,NA
PTNJ2006,NA,NA,NA,NA,NA,NA,NA,NA,NA,NA,NA
PTNYFSHK,NA,NA,NA,NA,NA,NA,NA,NA,NA,NA,NA
PUNYFSHK,NA,NA,NA,NA,NA,NA,NA,NA,NA,NA,NA
PTNJ0425,NA,NA,NA,NA,NA,NA,NA,NA,NA,NA,NA
PUNJ0425,NA,NA,NA,NA,NA,NA,NA,NA,NA,NA,NA
VTNJ0425,NA,NA,NA,NA,NA,NA,NA,NA,NA,NA,NA
VUNJ0425,NA,NA,NA,NA,NA,NA,NA,NA,NA,NA,NA
VUNJBRCK,NA,NA,NA,NA,NA,NA,NA,NA,NA,NA,NA
PTNJ0811,NA,NA,NA,NA,NA,NA,NA,NA,NA,NA,NA
PTGAWYNS,NA,NA,NA,NA,NA,NA,NA,NA,NA,NA,NA
PUGAWYNS,NA,NA,NA,NA,NA,NA,NA,NA,NA,NA,NA
PTNJ0241,NA,NA,NA,NA,NA,NA,NA,NA,NA,NA,NA
PTNJ1214,NA,NA,NA,NA,NA,NA,NA,NA,NA,NA,NA
PTNJ0303,NA,NA,NA,NA,NA,NA,NA,NA,NA,NA,NA
PUNJ0303,NA,NA,NA,NA,NA,NA,NA,NA,NA,NA,NA
PTNJ0118,NA,NA,NA,NA,NA,NA,NA,NA,NA,NA,NA
PUNJ0118,NA,NA,NA,NA,NA,NA,NA,NA,NA,NA,NA
PTNJ0116,NA,NA,NA,NA,NA,NA,NA,NA,NA,NA,NA
PUNJ0116,NA,NA,NA,NA,NA,NA,NA,NA,NA,NA,NA
PTGAASTL,NA,NA,NA,NA,NA,NA,NA,NA,NA,NA,NA
PUGAASTL,NA,NA,NA,NA,NA,NA,NA,NA,NA,NA,NA
PTNJ1712,NA,NA,NA,NA,NA,NA,NA,NA,NA,NA,NA
PUNJ1712,NA,NA,NA,NA,NA,NA,NA,NA,NA,NA,NA
PUNCBEAU,NA,NA,NA,NA,NA,NA,NA,NA,NA,NA,NA
VUNCBEAU,NA,NA,NA,NA,NA,NA,NA,NA,NA,NA,NA
PUNJSTRS,NA,NA,NA,NA,NA,NA,NA,NA,NA,NA,NA
VUNJSTRS,NA,NA,NA,NA,NA,NA,NA,NA,NA,NA,NA
VMNJ0425,NA,NA,NA,NA,NA,NA,NA,NA,NA,NA,NA
PTNJ0205,NA,NA,NA,NA,NA,NA,NA,NA,NA,NA,NA
VTNJ0205,NA,NA,NA,NA,NA,NA,NA,NA,NA,NA,NA
PTNJ0405,NA,NA,NA,NA,NA,NA,NA,NA,NA,NA,NA
PUNJ0405,NA,NA,NA,NA,NA,NA,NA,NA,NA,NA,NA
PTVAORTN,NA,NA,NA,NA,NA,NA,NA,NA,NA,NA,NA
PUVAORTN,NA,NA,NA,NA,NA,NA,NA,NA,NA,NA,NA
PUNJ0333,NA,NA,NA,NA,NA,NA,NA,NA,NA,NA,NA
PTNJ0333,NA,NA,NA,NA,NA,NA,NA,NA,NA,NA,NA
PMVAABIN,NA,NA,NA,NA,NA,NA,NA,NA,NA,NA,NA
PTNJ0605,NA,NA,NA,NA,NA,NA,NA,NA,NA,NA,NA
VTNJ0605,NA,NA,NA,NA,NA,NA,NA,NA,NA,NA,NA
VMFLLABL,NA,NA,NA,NA,NA,NA,NA,NA,NA,NA,NA
VUFLLABL,NA,NA,NA,NA,NA,NA,NA,NA,NA,NA,NA
VTVAORTN,NA,NA,NA,NA,NA,NA,NA,NA,NA,NA,NA
VUVAORTN,NA,NA,NA,NA,NA,NA,NA,NA,NA,NA,NA
VMVAORTN,NA,NA,NA,NA,NA,NA,NA,NA,NA,NA,NA
PMVAORTN,NA,NA,NA,NA,NA,NA,NA,NA,NA,NA,NA
PTNJ1530,NA,NA,NA,NA,NA,NA,NA,NA,NA,NA,NA
PUNJLCMA,NA,NA,NA,NA,NA,NA,NA,NA,NA,NA,NA
PTNJ0401,NA,NA,NA,NA,NA,NA,NA,NA,NA,NA,NA
PUNJ0401,NA,NA,NA,NA,NA,NA,NA,NA,NA,NA,NA
PMNCBEAU,NA,NA,NA,NA,NA,NA,NA,NA,NA,NA,NA
VMNCBEAU,NA,NA,NA,NA,NA,NA,NA,NA,NA,NA,NA
PTNJ1707,NA,NA,NA,NA,NA,NA,NA,NA,NA,NA,NA
PTNJ0426,NA,NA,NA,NA,NA,NA,NA,NA,NA,NA,NA
PUNJ0426,NA,NA,NA,NA,NA,NA,NA,NA,NA,NA,NA
PUNCMONT,NA,NA,NA,NA,NA,NA,NA,NA,NA,NA,NA
PTNJ1527,NA,NA,NA,NA,NA,NA,NA,NA,NA,NA,NA
PUNJ1527,NA,NA,NA,NA,NA,NA,NA,NA,NA,NA,NA
PTNJ0705,NA,NA,NA,NA,NA,NA,NA,NA,NA,NA,NA
PTNJ0720,NA,NA,NA,NA,NA,NA,NA,NA,NA,NA,NA
PUNJ0720,NA,NA,NA,NA,NA,NA,NA,NA,NA,NA,NA
PMNJ1527,NA,NA,NA,NA,NA,NA,NA,NA,NA,NA,NA
PTVANARR,NA,NA,NA,NA,NA,NA,NA,NA,NA,NA,NA
PUVANARR,NA,NA,NA,NA,NA,NA,NA,NA,NA,NA,NA
PMVANARR,NA,NA,NA,NA,NA,NA,NA,NA,NA,NA,NA
VTVANARR,NA,NA,NA,NA,NA,NA,NA,NA,NA,NA,NA
VUVANARR,NA,NA,NA,NA,NA,NA,NA,NA,NA,NA,NA
VMVANARR,NA,NA,NA,NA,NA,NA,NA,NA,NA,NA,NA
PTNJ0101,NA,NA,NA,NA,NA,NA,NA,NA,NA,NA,NA
PUNJ0101,NA,NA,NA,NA,NA,NA,NA,NA,NA,NA,NA
PTNJ1344,NA,NA,NA,NA,NA,NA,NA,NA,NA,NA,NA
PTNJ0309,NA,NA,NA,NA,NA,NA,NA,NA,NA,NA,NA
PUNJLBSA,NA,NA,NA,NA,NA,NA,NA,NA,NA,NA,NA
PUGACOCH,NA,NA,NA,NA,NA,NA,NA,NA,NA,NA,NA
VUGACOCH,NA,NA,NA,NA,NA,NA,NA,NA,NA,NA,NA
VTGACOCH,NA,NA,NA,NA,NA,NA,NA,NA,NA,NA,NA
PTGARDGA,NA,NA,NA,NA,NA,NA,NA,NA,NA,NA,NA
PTNJ1210,NA,NA,NA,NA,NA,NA,NA,NA,NA,NA,NA
PUNJ1210,NA,NA,NA,NA,NA,NA,NA,NA,NA,NA,NA
PMMDHAVR,NA,NA,NA,NA,NA,NA,NA,NA,NA,NA,NA
VMMDHAVR,NA,NA,NA,NA,NA,NA,NA,NA,NA,NA,NA
VUMDHAVR,NA,NA,NA,NA,NA,NA,NA,NA,NA,NA,NA
VTMDHAVR,NA,NA,NA,NA,NA,NA,NA,NA,NA,NA,NA
PTNJ0708,NA,NA,NA,NA,NA,NA,NA,NA,NA,NA,NA
PUNJ0708,NA,NA,NA,NA,NA,NA,NA,NA,NA,NA,NA
PUPASTLN,NA,NA,NA,NA,NA,NA,NA,NA,NA,NA,NA
PTMDDELM,NA,NA,NA,NA,NA,NA,NA,NA,NA,NA,NA
PUMDDELM,NA,NA,NA,NA,NA,NA,NA,NA,NA,NA,NA
PTDE334,NA,NA,NA,NA,NA,NA,NA,NA,NA,NA,NA
PUNJ1224,NA,NA,NA,NA,NA,NA,NA,NA,NA,NA,NA
PTNJ1224,NA,NA,NA,NA,NA,NA,NA,NA,NA,NA,NA
PADE334,NA,NA,NA,NA,NA,NA,NA,NA,NA,NA,NA
VUNJMPWA,NA,NA,NA,NA,NA,NA,NA,NA,NA,NA,NA
PTNJ1304,NA,NA,NA,NA,NA,NA,NA,NA,NA,NA,NA
PUNJ1304,NA,NA,NA,NA,NA,NA,NA,NA,NA,NA,NA
PTNJ1922,NA,NA,NA,NA,NA,NA,NA,NA,NA,NA,NA
PTNJ1209,NA,NA,NA,NA,NA,NA,NA,NA,NA,NA,NA
VMNJ1527,NA,NA,NA,NA,NA,NA,NA,NA,NA,NA,NA
VUNJ1527,NA,NA,NA,NA,NA,NA,NA,NA,NA,NA,NA
VTNJ1527,NA,NA,NA,NA,NA,NA,NA,NA,NA,NA,NA
PTNYWALT,NA,NA,NA,NA,NA,NA,NA,NA,NA,NA,NA
VTNYWALT,NA,NA,NA,NA,NA,NA,NA,NA,NA,NA,NA
PUNYWALT,NA,NA,NA,NA,NA,NA,NA,NA,NA,NA,NA
VUNYWALT,NA,NA,NA,NA,NA,NA,NA,NA,NA,NA,NA
PTNJ0807,NA,NA,NA,NA,NA,NA,NA,NA,NA,NA,NA
PUNJ0807,NA,NA,NA,NA,NA,NA,NA,NA,NA,NA,NA
PUNJ1103,NA,NA,NA,NA,NA,NA,NA,NA,NA,NA,NA
PTNJ1103,NA,NA,NA,NA,NA,NA,NA,NA,NA,NA,NA
VUNJDEPT,NA,NA,NA,NA,NA,NA,NA,NA,NA,NA,NA
VUPAWYOM,NA,NA,NA,NA,NA,NA,NA,NA,NA,NA,NA
VMPAWYOM,NA,NA,NA,NA,NA,NA,NA,NA,NA,NA,NA
PTNJ0104,NA,NA,NA,NA,NA,NA,NA,NA,NA,NA,NA
PUFLWILD,NA,NA,NA,NA,NA,NA,NA,NA,NA,NA,NA
PMVAKILM,NA,NA,NA,NA,NA,NA,NA,NA,NA,NA,NA
VTNJ1506,NA,NA,NA,NA,NA,NA,NA,NA,NA,NA,NA
PTKYOAKG,NA,NA,NA,NA,NA,NA,NA,NA,NA,NA,NA
PTGAPELH,NA,NA,NA,NA,NA,NA,NA,NA,NA,NA,NA
PUGAPELH,NA,NA,NA,NA,NA,NA,NA,NA,NA,NA,NA
PUGABRYN,NA,NA,NA,NA,NA,NA,NA,NA,NA,NA,NA
VUGABRYN,NA,NA,NA,NA,NA,NA,NA,NA,NA,NA,NA
VMGABRYN,NA,NA,NA,NA,NA,NA,NA,NA,NA,NA,NA
VTDESFRD,NA,NA,NA,NA,NA,NA,NA,NA,NA,NA,NA
VUDESFRD,NA,NA,NA,NA,NA,NA,NA,NA,NA,NA,NA
VMDESFRD,NA,NA,NA,NA,NA,NA,NA,NA,NA,NA,NA
PTDE134,NA,NA,NA,NA,NA,NA,NA,NA,NA,NA,NA
PUPADTMA,NA,NA,NA,NA,NA,NA,NA,NA,NA,NA,NA
PUNJBWSA,NA,NA,NA,NA,NA,NA,NA,NA,NA,NA,NA
PUNCSHAR,NA,NA,NA,NA,NA,NA,NA,NA,NA,NA,NA
PTNJ0412,NA,NA,NA,NA,NA,NA,NA,NA,NA,NA,NA
PUNJ0412,NA,NA,NA,NA,NA,NA,NA,NA,NA,NA,NA
PTNYERCH,NA,NA,NA,NA,NA,NA,NA,NA,NA,NA,NA
PTNJ2010,NA,NA,NA,NA,NA,NA,NA,NA,NA,NA,NA
PTNJ1603,NA,NA,NA,NA,NA,NA,NA,NA,NA,NA,NA
PTNJ0817,NA,NA,NA,NA,NA,NA,NA,NA,NA,NA,NA
PUNJ0817,NA,NA,NA,NA,NA,NA,NA,NA,NA,NA,NA
PTNJ0267,NA,NA,NA,NA,NA,NA,NA,NA,NA,NA,NA
VTNJ0817,NA,NA,NA,NA,NA,NA,NA,NA,NA,NA,NA
VUNJ0817,NA,NA,NA,NA,NA,NA,NA,NA,NA,NA,NA
PTNJ1321,NA,NA,NA,NA,NA,NA,NA,NA,NA,NA,NA
PUNJ1321,NA,NA,NA,NA,NA,NA,NA,NA,NA,NA,NA
PUNJ1713,NA,NA,NA,NA,NA,NA,NA,NA,NA,NA,NA
PTNJ1713,NA,NA,NA,NA,NA,NA,NA,NA,NA,NA,NA
PUGAHAWK,NA,NA,NA,NA,NA,NA,NA,NA,NA,NA,NA
VUGAHAWK,NA,NA,NA,NA,NA,NA,NA,NA,NA,NA,NA
VMGAHAWK,NA,NA,NA,NA,NA,NA,NA,NA,NA,NA,NA
VTNJ0601,NA,NA,NA,NA,NA,NA,NA,NA,NA,NA,NA
VUNJ0601,NA,NA,NA,NA,NA,NA,NA,NA,NA,NA,NA
VMNJ0601,NA,NA,NA,NA,NA,NA,NA,NA,NA,NA,NA
PUPAELTN,NA,NA,NA,NA,NA,NA,NA,NA,NA,NA,NA
VUPAELTN,NA,NA,NA,NA,NA,NA,NA,NA,NA,NA,NA
PTNJ2011,NA,NA,NA,NA,NA,NA,NA,NA,NA,NA,NA
PTNJ0423,NA,NA,NA,NA,NA,NA,NA,NA,NA,NA,NA
PUNJ0423,NA,NA,NA,NA,NA,NA,NA,NA,NA,NA,NA
PTDE23,NA,NA,NA,NA,NA,NA,NA,NA,NA,NA,NA
PUDE23,NA,NA,NA,NA,NA,NA,NA,NA,NA,NA,NA
VTDE23,NA,NA,NA,NA,NA,NA,NA,NA,NA,NA,NA
VUDE23,NA,NA,NA,NA,NA,NA,NA,NA,NA,NA,NA
VMDE23,NA,NA,NA,NA,NA,NA,NA,NA,NA,NA,NA
PTNJ1405,NA,NA,NA,NA,NA,NA,NA,NA,NA,NA,NA
PUNJ1405,NA,NA,NA,NA,NA,NA,NA,NA,NA,NA,NA
PMNJ1405,NA,NA,NA,NA,NA,NA,NA,NA,NA,NA,NA
PUNYROUS,NA,NA,NA,NA,NA,NA,NA,NA,NA,NA,NA
PTGAROCK,NA,NA,NA,NA,NA,NA,NA,NA,NA,NA,NA
PUGAROCK,NA,NA,NA,NA,NA,NA,NA,NA,NA,NA,NA
VTGAROCK,NA,NA,NA,NA,NA,NA,NA,NA,NA,NA,NA
VUGAROCK,NA,NA,NA,NA,NA,NA,NA,NA,NA,NA,NA
VMGAROCK,NA,NA,NA,NA,NA,NA,NA,NA,NA,NA,NA
PUNJPNSA,NA,NA,NA,NA,NA,NA,NA,NA,NA,NA,NA
VUPASUNB,NA,NA,NA,NA,NA,NA,NA,NA,NA,NA,NA
VMPASUNB,NA,NA,NA,NA,NA,NA,NA,NA,NA,NA,NA
PTNJ1524,NA,NA,NA,NA,NA,NA,NA,NA,NA,NA,NA
PTNJ1517,NA,NA,NA,NA,NA,NA,NA,NA,NA,NA,NA
VMNJ0802,NA,NA,NA,NA,NA,NA,NA,NA,NA,NA,NA
VTNJ0802,NA,NA,NA,NA,NA,NA,NA,NA,NA,NA,NA
VUNJPNSA,NA,NA,NA,NA,NA,NA,NA,NA,NA,NA,NA
VMNJPNSA,NA,NA,NA,NA,NA,NA,NA,NA,NA,NA,NA
VMGADAWS,NA,NA,NA,NA,NA,NA,NA,NA,NA,NA,NA
VUGADAWS,NA,NA,NA,NA,NA,NA,NA,NA,NA,NA,NA
VMNJLOWM,NA,NA,NA,NA,NA,NA,NA,NA,NA,NA,NA
VUNJLOWM,NA,NA,NA,NA,NA,NA,NA,NA,NA,NA,NA
PMNCWILK,NA,NA,NA,NA,NA,NA,NA,NA,NA,NA,NA
PTNJ1017,NA,NA,NA,NA,NA,NA,NA,NA,NA,NA,NA
PTNJ1606,NA,NA,NA,NA,NA,NA,NA,NA,NA,NA,NA
PUGABOWD,NA,NA,NA,NA,NA,NA,NA,NA,NA,NA,NA
VUGABOWD,NA,NA,NA,NA,NA,NA,NA,NA,NA,NA,NA
VMGABOWD,NA,NA,NA,NA,NA,NA,NA,NA,NA,NA,NA
PTNJ2116,NA,NA,NA,NA,NA,NA,NA,NA,NA,NA,NA
PTNJ1223,NA,NA,NA,NA,NA,NA,NA,NA,NA,NA,NA
PTNJ1303,NA,NA,NA,NA,NA,NA,NA,NA,NA,NA,NA
PUNJ1303,NA,NA,NA,NA,NA,NA,NA,NA,NA,NA,NA
PMNJ1303,NA,NA,NA,NA,NA,NA,NA,NA,NA,NA,NA
PTNJ1206,NA,NA,NA,NA,NA,NA,NA,NA,NA,NA,NA
PUNJ1206,NA,NA,NA,NA,NA,NA,NA,NA,NA,NA,NA
PTNJ0815,NA,NA,NA,NA,NA,NA,NA,NA,NA,NA,NA
PUNJ0815,NA,NA,NA,NA,NA,NA,NA,NA,NA,NA,NA
PTNJ0330,NA,NA,NA,NA,NA,NA,NA,NA,NA,NA,NA
PUNJ0330,NA,NA,NA,NA,NA,NA,NA,NA,NA,NA,NA
PTNJ0411,NA,NA,NA,NA,NA,NA,NA,NA,NA,NA,NA
PUNJ0411,NA,NA,NA,NA,NA,NA,NA,NA,NA,NA,NA
PTNJ0413,NA,NA,NA,NA,NA,NA,NA,NA,NA,NA,NA
PUNJ0413,NA,NA,NA,NA,NA,NA,NA,NA,NA,NA,NA
PTNJ2018,NA,NA,NA,NA,NA,NA,NA,NA,NA,NA,NA
PUNJ2018,NA,NA,NA,NA,NA,NA,NA,NA,NA,NA,NA
PUNYPKSK,NA,NA,NA,NA,NA,NA,NA,NA,NA,NA,NA
PUNYGOSH,NA,NA,NA,NA,NA,NA,NA,NA,NA,NA,NA
PTNYGOSH,NA,NA,NA,NA,NA,NA,NA,NA,NA,NA,NA
PUNJMHMA,NA,NA,NA,NA,NA,NA,NA,NA,NA,NA,NA
PUPAKENN,NA,NA,NA,NA,NA,NA,NA,NA,NA,NA,NA
PTNJ1317,NA,NA,NA,NA,NA,NA,NA,NA,NA,NA,NA
PUNJ1317,NA,NA,NA,NA,NA,NA,NA,NA,NA,NA,NA
PUNJPGSA,NA,NA,NA,NA,NA,NA,NA,NA,NA,NA,NA
PUSCBCPS,NA,NA,NA,NA,NA,NA,NA,NA,NA,NA,NA
PTNJ1348,NA,NA,NA,NA,NA,NA,NA,NA,NA,NA,NA
PUNJ1348,NA,NA,NA,NA,NA,NA,NA,NA,NA,NA,NA
PMPANCSL,NA,NA,NA,NA,NA,NA,NA,NA,NA,NA,NA
PTNJ1314,NA,NA,NA,NA,NA,NA,NA,NA,NA,NA,NA
VTNC600,NA,NA,NA,NA,NA,NA,NA,NA,NA,NA,NA
PTNJ0214,NA,NA,NA,NA,NA,NA,NA,NA,NA,NA,NA
PTMDSMRS,NA,NA,NA,NA,NA,NA,NA,NA,NA,NA,NA
VTMDSMRS,NA,NA,NA,NA,NA,NA,NA,NA,NA,NA,NA
VMMDSMRS,NA,NA,NA,NA,NA,NA,NA,NA,NA,NA,NA
VMNC600,NA,NA,NA,NA,NA,NA,NA,NA,NA,NA,NA
PTNJ0109,NA,NA,NA,NA,NA,NA,NA,NA,NA,NA,NA
PUNJ1608,NA,NA,NA,NA,NA,NA,NA,NA,NA,NA,NA
PTNJ1608,NA,NA,NA,NA,NA,NA,NA,NA,NA,NA,NA
VMNJ1608,NA,NA,NA,NA,NA,NA,NA,NA,NA,NA,NA
VUNJ1608,NA,NA,NA,NA,NA,NA,NA,NA,NA,NA,NA
VTNJ1608,NA,NA,NA,NA,NA,NA,NA,NA,NA,NA,NA
PTNJ0311,NA,NA,NA,NA,NA,NA,NA,NA,NA,NA,NA
PTGACLAX,NA,NA,NA,NA,NA,NA,NA,NA,NA,NA,NA
PUGACLAX,NA,NA,NA,NA,NA,NA,NA,NA,NA,NA,NA
PTNJ0334,NA,NA,NA,NA,NA,NA,NA,NA,NA,NA,NA
PMMDSMRS,NA,NA,NA,NA,NA,NA,NA,NA,NA,NA,NA
PTNJ1308,NA,NA,NA,NA,NA,NA,NA,NA,NA,NA,NA
PUNJ1308,NA,NA,NA,NA,NA,NA,NA,NA,NA,NA,NA
PUNJCPSA,NA,NA,NA,NA,NA,NA,NA,NA,NA,NA,NA
PTNJ0268,NA,NA,NA,NA,NA,NA,NA,NA,NA,NA,NA
PMNJ0404,NA,NA,NA,NA,NA,NA,NA,NA,NA,NA,NA
PUNJ0404,NA,NA,NA,NA,NA,NA,NA,NA,NA,NA,NA
VUNJ0404,NA,NA,NA,NA,NA,NA,NA,NA,NA,NA,NA
PTNJ0404,NA,NA,NA,NA,NA,NA,NA,NA,NA,NA,NA
VTNJ0404,NA,NA,NA,NA,NA,NA,NA,NA,NA,NA,NA
PTNJ0908,NA,NA,NA,NA,NA,NA,NA,NA,NA,NA,NA
VUSCBCPS,NA,NA,NA,NA,NA,NA,NA,NA,NA,NA,NA
PUNJETSA,NA,NA,NA,NA,NA,NA,NA,NA,NA,NA,NA
VUNJETSA,NA,NA,NA,NA,NA,NA,NA,NA,NA,NA,NA
PUNCSURF,NA,NA,NA,NA,NA,NA,NA,NA,NA,NA,NA
PTNCSURF,NA,NA,NA,NA,NA,NA,NA,NA,NA,NA,NA
PTNJ0261,NA,NA,NA,NA,NA,NA,NA,NA,NA,NA,NA
PUGAFRAN,NA,NA,NA,NA,NA,NA,NA,NA,NA,NA,NA
PTNJ0208,NA,NA,NA,NA,NA,NA,NA,NA,NA,NA,NA
PTGAHOME,NA,NA,NA,NA,NA,NA,NA,NA,NA,NA,NA
PUGAHOME,NA,NA,NA,NA,NA,NA,NA,NA,NA,NA,NA
PUNYPNYN,NA,NA,NA,NA,NA,NA,NA,NA,NA,NA,NA
PUPALEHG,NA,NA,NA,NA,NA,NA,NA,NA,NA,NA,NA
VUPALEHG,NA,NA,NA,NA,NA,NA,NA,NA,NA,NA,NA
PTNYCHES,NA,NA,NA,NA,NA,NA,NA,NA,NA,NA,NA
PUNYCHES,NA,NA,NA,NA,NA,NA,NA,NA,NA,NA,NA
PMNYCHES,NA,NA,NA,NA,NA,NA,NA,NA,NA,NA,NA
PTGAAUBN,NA,NA,NA,NA,NA,NA,NA,NA,NA,NA,NA
PUGAAUBN,NA,NA,NA,NA,NA,NA,NA,NA,NA,NA,NA
VTGAAUBN,NA,NA,NA,NA,NA,NA,NA,NA,NA,NA,NA
VUGAAUBN,NA,NA,NA,NA,NA,NA,NA,NA,NA,NA,NA
VMGAAUBN,NA,NA,NA,NA,NA,NA,NA,NA,NA,NA,NA
PTGAWSHN,NA,NA,NA,NA,NA,NA,NA,NA,NA,NA,NA
VTGAWSHN,NA,NA,NA,NA,NA,NA,NA,NA,NA,NA,NA
VUGAWSHN,NA,NA,NA,NA,NA,NA,NA,NA,NA,NA,NA
VMGAWSHN,NA,NA,NA,NA,NA,NA,NA,NA,NA,NA,NA
PUNJ0516,NA,NA,NA,NA,NA,NA,NA,NA,NA,NA,NA
PTNJ0201,NA,NA,NA,NA,NA,NA,NA,NA,NA,NA,NA
PUNJ1318,NA,NA,NA,NA,NA,NA,NA,NA,NA,NA,NA
PTNJ2112,NA,NA,NA,NA,NA,NA,NA,NA,NA,NA,NA
VPNJ0908,NA,NA,NA,NA,NA,NA,NA,NA,NA,NA,NA
VDNJ0908,NA,NA,NA,NA,NA,NA,NA,NA,NA,NA,NA
VCNJ0908,NA,NA,NA,NA,NA,NA,NA,NA,NA,NA,NA
PMGASOFU,NA,NA,NA,NA,NA,NA,NA,NA,NA,NA,NA
VMGASOFU,NA,NA,NA,NA,NA,NA,NA,NA,NA,NA,NA
PUNJNBMA,NA,NA,NA,NA,NA,NA,NA,NA,NA,NA,NA
PMNJ0908,NA,NA,NA,NA,NA,NA,NA,NA,NA,NA,NA
VMNJ0908,NA,NA,NA,NA,NA,NA,NA,NA,NA,NA,NA
PTNJ1711,NA,NA,NA,NA,NA,NA,NA,NA,NA,NA,NA
PMGABOWD,NA,NA,NA,NA,NA,NA,NA,NA,NA,NA,NA
VUNJACSC,NA,NA,NA,NA,NA,NA,NA,NA,NA,NA,NA
VMNJACSC,NA,NA,NA,NA,NA,NA,NA,NA,NA,NA,NA
PUNYHARM,NA,NA,NA,NA,NA,NA,NA,NA,NA,NA,NA
VUFLUMAT,NA,NA,NA,NA,NA,NA,NA,NA,NA,NA,NA
VMFLUMAT,NA,NA,NA,NA,NA,NA,NA,NA,NA,NA,NA
PTNJ0244,NA,NA,NA,NA,NA,NA,NA,NA,NA,NA,NA
PUNJ0244,NA,NA,NA,NA,NA,NA,NA,NA,NA,NA,NA
PUGAMONR,NA,NA,NA,NA,NA,NA,NA,NA,NA,NA,NA
VUGAMONR,NA,NA,NA,NA,NA,NA,NA,NA,NA,NA,NA
PUNYLNVL,NA,NA,NA,NA,NA,NA,NA,NA,NA,NA,NA
PUNJ1340,NA,NA,NA,NA,NA,NA,NA,NA,NA,NA,NA
PTNCFLAT,NA,NA,NA,NA,NA,NA,NA,NA,NA,NA,NA
PTNJ1340,NA,NA,NA,NA,NA,NA,NA,NA,NA,NA,NA
PUGAHCWS,NA,NA,NA,NA,NA,NA,NA,NA,NA,NA,NA
VUGAHCWS,NA,NA,NA,NA,NA,NA,NA,NA,NA,NA,NA
PTNJ1336,NA,NA,NA,NA,NA,NA,NA,NA,NA,NA,NA
PUNJ1336,NA,NA,NA,NA,NA,NA,NA,NA,NA,NA,NA
PUNJ1204,NA,NA,NA,NA,NA,NA,NA,NA,NA,NA,NA
PTNJ1204,NA,NA,NA,NA,NA,NA,NA,NA,NA,NA,NA
PTNJ0301,NA,NA,NA,NA,NA,NA,NA,NA,NA,NA,NA
PTDE21,NA,NA,NA,NA,NA,NA,NA,NA,NA,NA,NA
PMDE21,NA,NA,NA,NA,NA,NA,NA,NA,NA,NA,NA
VUPAKENN,NA,NA,NA,NA,NA,NA,NA,NA,NA,NA,NA
VMPAKENN,NA,NA,NA,NA,NA,NA,NA,NA,NA,NA,NA
PUPASUGR,NA,NA,NA,NA,NA,NA,NA,NA,NA,NA,NA
PTNYPATC,NA,NA,NA,NA,NA,NA,NA,NA,NA,NA,NA
PUNJ0247,NA,NA,NA,NA,NA,NA,NA,NA,NA,NA,NA
PUFLUMAT,NA,NA,NA,NA,NA,NA,NA,NA,NA,NA,NA
PTNJ1401,NA,NA,NA,NA,NA,NA,NA,NA,NA,NA,NA
PUNJ1401,NA,NA,NA,NA,NA,NA,NA,NA,NA,NA,NA
PUNCGATE,NA,NA,NA,NA,NA,NA,NA,NA,NA,NA,NA
PTNYMALO,NA,NA,NA,NA,NA,NA,NA,NA,NA,NA,NA
PUNYMALO,NA,NA,NA,NA,NA,NA,NA,NA,NA,NA,NA
PTVATAPP,NA,NA,NA,NA,NA,NA,NA,NA,NA,NA,NA
PUVATAPP,NA,NA,NA,NA,NA,NA,NA,NA,NA,NA,NA
PMVATAPP,NA,NA,NA,NA,NA,NA,NA,NA,NA,NA,NA
PTNJ0614,NA,NA,NA,NA,NA,NA,NA,NA,NA,NA,NA
PTNJ1343,NA,NA,NA,NA,NA,NA,NA,NA,NA,NA,NA
PUNJ1343,NA,NA,NA,NA,NA,NA,NA,NA,NA,NA,NA
PUNJWILM,NA,NA,NA,NA,NA,NA,NA,NA,NA,NA,NA
PUNJ0323,NA,NA,NA,NA,NA,NA,NA,NA,NA,NA,NA
PUNJ1009,NA,NA,NA,NA,NA,NA,NA,NA,NA,NA,NA
VTNCFLAT,NA,NA,NA,NA,NA,NA,NA,NA,NA,NA,NA
VMNCFLAT,NA,NA,NA,NA,NA,NA,NA,NA,NA,NA,NA
PUFLWBST,NA,NA,NA,NA,NA,NA,NA,NA,NA,NA,NA
PTNJ1101,NA,NA,NA,NA,NA,NA,NA,NA,NA,NA,NA
PTNJ1311,NA,NA,NA,NA,NA,NA,NA,NA,NA,NA,NA
PUNJ1311,NA,NA,NA,NA,NA,NA,NA,NA,NA,NA,NA
PUPACMPH,NA,NA,NA,NA,NA,NA,NA,NA,NA,NA,NA
PUNJ1406,NA,NA,NA,NA,NA,NA,NA,NA,NA,NA,NA
PTNJ1406,NA,NA,NA,NA,NA,NA,NA,NA,NA,NA,NA
PUNYNORW,NA,NA,NA,NA,NA,NA,NA,NA,NA,NA,NA
PUPAWORC,NA,NA,NA,NA,NA,NA,NA,NA,NA,NA,NA
VMFLWBST,NA,NA,NA,NA,NA,NA,NA,NA,NA,NA,NA
VUFLWBST,NA,NA,NA,NA,NA,NA,NA,NA,NA,NA,NA
PTNJ1821,NA,NA,NA,NA,NA,NA,NA,NA,NA,NA,NA
PMNJ0330,NA,NA,NA,NA,NA,NA,NA,NA,NA,NA,NA
PMNJ0327,NA,NA,NA,NA,NA,NA,NA,NA,NA,NA,NA
PUNJ1821,NA,NA,NA,NA,NA,NA,NA,NA,NA,NA,NA
PTNJ1802,NA,NA,NA,NA,NA,NA,NA,NA,NA,NA,NA
PUNJ1802,NA,NA,NA,NA,NA,NA,NA,NA,NA,NA,NA
VTNJ1918,NA,NA,NA,NA,NA,NA,NA,NA,NA,NA,NA
VUNJ1918,NA,NA,NA,NA,NA,NA,NA,NA,NA,NA,NA
VMNCBHIS,NA,NA,NA,NA,NA,NA,NA,NA,NA,NA,NA
VUNCBHIS,NA,NA,NA,NA,NA,NA,NA,NA,NA,NA,NA
PUNCBHIS,NA,NA,NA,NA,NA,NA,NA,NA,NA,NA,NA
PCNCBHIS,NA,NA,NA,NA,NA,NA,NA,NA,NA,NA,NA
PUNYJERI,NA,NA,NA,NA,NA,NA,NA,NA,NA,NA,NA
PUNYMAYV,NA,NA,NA,NA,NA,NA,NA,NA,NA,NA,NA
PTNJ0251,NA,NA,NA,NA,NA,NA,NA,NA,NA,NA,NA
PMNC600,NA,NA,NA,NA,NA,NA,NA,NA,NA,NA,NA
PTNJ0120,NA,NA,NA,NA,NA,NA,NA,NA,NA,NA,NA
PUPAWWTP,NA,NA,NA,NA,NA,NA,NA,NA,NA,NA,NA
PTNJ0263,NA,NA,NA,NA,NA,NA,NA,NA,NA,NA,NA
PUSCBELT,NA,NA,NA,NA,NA,NA,NA,NA,NA,NA,NA
PTNJ1706,NA,NA,NA,NA,NA,NA,NA,NA,NA,NA,NA
PTNJ1715,NA,NA,NA,NA,NA,NA,NA,NA,NA,NA,NA
PMNJ1715,NA,NA,NA,NA,NA,NA,NA,NA,NA,NA,NA
PUNJ1715,NA,NA,NA,NA,NA,NA,NA,NA,NA,NA,NA
VMVATAPP,NA,NA,NA,NA,NA,NA,NA,NA,NA,NA,NA
VUVATAPP,NA,NA,NA,NA,NA,NA,NA,NA,NA,NA,NA
VTVATAPP,NA,NA,NA,NA,NA,NA,NA,NA,NA,NA,NA
PUNJCSEW,NA,NA,NA,NA,NA,NA,NA,NA,NA,NA,NA
PUPADUBO,NA,NA,NA,NA,NA,NA,NA,NA,NA,NA,NA
VMNYNORW,NA,NA,NA,NA,NA,NA,NA,NA,NA,NA,NA
VUNYNORW,NA,NA,NA,NA,NA,NA,NA,NA,NA,NA,NA
PTNYNYAK,NA,NA,NA,NA,NA,NA,NA,NA,NA,NA,NA
PTNJ1701,NA,NA,NA,NA,NA,NA,NA,NA,NA,NA,NA
PUNJ1701,NA,NA,NA,NA,NA,NA,NA,NA,NA,NA,NA
PTNJ0434,NA,NA,NA,NA,NA,NA,NA,NA,NA,NA,NA
PUNJ0434,NA,NA,NA,NA,NA,NA,NA,NA,NA,NA,NA
PAMDSMCM,NA,NA,NA,NA,NA,NA,NA,NA,NA,NA,NA
PUMDSMCM,NA,NA,NA,NA,NA,NA,NA,NA,NA,NA,NA
PAFLUMAT,NA,NA,NA,NA,NA,NA,NA,NA,NA,NA,NA
PAGADAWS,NA,NA,NA,NA,NA,NA,NA,NA,NA,NA,NA
VUPAWWTP,NA,NA,NA,NA,NA,NA,NA,NA,NA,NA,NA
VTGAFORT,NA,NA,NA,NA,NA,NA,NA,NA,NA,NA,NA
VMGAFORT,NA,NA,NA,NA,NA,NA,NA,NA,NA,NA,NA
VAGAFORT,NA,NA,NA,NA,NA,NA,NA,NA,NA,NA,NA
PTGAFORT,NA,NA,NA,NA,NA,NA,NA,NA,NA,NA,NA
VAGACLAY,NA,NA,NA,NA,NA,NA,NA,NA,NA,NA,NA
VMGACLAY,NA,NA,NA,NA,NA,NA,NA,NA,NA,NA,NA
VUGACLAY,NA,NA,NA,NA,NA,NA,NA,NA,NA,NA,NA
PUGACLAY,NA,NA,NA,NA,NA,NA,NA,NA,NA,NA,NA
PMGACLAY,NA,NA,NA,NA,NA,NA,NA,NA,NA,NA,NA
PAGACLAY,NA,NA,NA,NA,NA,NA,NA,NA,NA,NA,NA
PTNJ1604,NA,NA,NA,NA,NA,NA,NA,NA,NA,NA,NA
PUNJ1604,NA,NA,NA,NA,NA,NA,NA,NA,NA,NA,NA
VAPAWETM,NA,NA,NA,NA,NA,NA,NA,NA,NA,NA,NA
VMPAWETM,NA,NA,NA,NA,NA,NA,NA,NA,NA,NA,NA
VUPAWETM,NA,NA,NA,NA,NA,NA,NA,NA,NA,NA,NA
PUPAWETM,NA,NA,NA,NA,NA,NA,NA,NA,NA,NA,NA
PUNJ0812,NA,NA,NA,NA,NA,NA,NA,NA,NA,NA,NA
PTNJ0812,NA,NA,NA,NA,NA,NA,NA,NA,NA,NA,NA
VUNJ0812,NA,NA,NA,NA,NA,NA,NA,NA,NA,NA,NA
VTNJ0812,NA,NA,NA,NA,NA,NA,NA,NA,NA,NA,NA
PTNJ1010,NA,NA,NA,NA,NA,NA,NA,NA,NA,NA,NA
PUPASTCL,NA,NA,NA,NA,NA,NA,NA,NA,NA,NA,NA
PUNJTMSA,NA,NA,NA,NA,NA,NA,NA,NA,NA,NA,NA
PTNJ0824,NA,NA,NA,NA,NA,NA,NA,NA,NA,NA,NA
PUNJ0403,NA,NA,NA,NA,NA,NA,NA,NA,NA,NA,NA
PTNJ0403,NA,NA,NA,NA,NA,NA,NA,NA,NA,NA,NA
VTNJ0418,NA,NA,NA,NA,NA,NA,NA,NA,NA,NA,NA
VMNJ0418,NA,NA,NA,NA,NA,NA,NA,NA,NA,NA,NA
PTNJ0424,NA,NA,NA,NA,NA,NA,NA,NA,NA,NA,NA
PUNJ0424,NA,NA,NA,NA,NA,NA,NA,NA,NA,NA,NA
PUNJDSEW,NA,NA,NA,NA,NA,NA,NA,NA,NA,NA,NA
PANCBHIS,NA,NA,NA,NA,NA,NA,NA,NA,NA,NA,NA
PTNJ1503,NA,NA,NA,NA,NA,NA,NA,NA,NA,NA,NA
PUNJ1503,NA,NA,NA,NA,NA,NA,NA,NA,NA,NA,NA
PANCNPRT,NA,NA,NA,NA,NA,NA,NA,NA,NA,NA,NA
PUNCNPRT,NA,NA,NA,NA,NA,NA,NA,NA,NA,NA,NA
PTNCNPRT,NA,NA,NA,NA,NA,NA,NA,NA,NA,NA,NA
PUNJ1214,NA,NA,NA,NA,NA,NA,NA,NA,NA,NA,NA
PUNJBCSA,NA,NA,NA,NA,NA,NA,NA,NA,NA,NA,NA
PCNJ0418,NA,NA,NA,NA,NA,NA,NA,NA,NA,NA,NA
PTNJ0123,NA,NA,NA,NA,NA,NA,NA,NA,NA,NA,NA
VTNJ0505,NA,NA,NA,NA,NA,NA,NA,NA,NA,NA,NA
PUNJ0415,NA,NA,NA,NA,NA,NA,NA,NA,NA,NA,NA
VMNJ0505,NA,NA,NA,NA,NA,NA,NA,NA,NA,NA,NA
VUPASTCL,NA,NA,NA,NA,NA,NA,NA,NA,NA,NA,NA
VUNCNPRT,NA,NA,NA,NA,NA,NA,NA,NA,NA,NA,NA
VTNCNPRT,NA,NA,NA,NA,NA,NA,NA,NA,NA,NA,NA
VMNCNPRT,NA,NA,NA,NA,NA,NA,NA,NA,NA,NA,NA
VANCNPRT,NA,NA,NA,NA,NA,NA,NA,NA,NA,NA,NA
PANJ0102,NA,NA,NA,NA,NA,NA,NA,NA,NA,NA,NA
PCSCBELT,NA,NA,NA,NA,NA,NA,NA,NA,NA,NA,NA
VAMDBATN,NA,NA,NA,NA,NA,NA,NA,NA,NA,NA,NA
VMMDBATN,NA,NA,NA,NA,NA,NA,NA,NA,NA,NA,NA
VUMDBATN,NA,NA,NA,NA,NA,NA,NA,NA,NA,NA,NA
VTMDBATN,NA,NA,NA,NA,NA,NA,NA,NA,NA,NA,NA
PAMDBATN,NA,NA,NA,NA,NA,NA,NA,NA,NA,NA,NA
PUMDBATN,NA,NA,NA,NA,NA,NA,NA,NA,NA,NA,NA
PTMDBATN,NA,NA,NA,NA,NA,NA,NA,NA,NA,NA,NA
VTMDFRST,NA,NA,NA,NA,NA,NA,NA,NA,NA,NA,NA
VUMDFRST,NA,NA,NA,NA,NA,NA,NA,NA,NA,NA,NA
VMMDFRST,NA,NA,NA,NA,NA,NA,NA,NA,NA,NA,NA
PUNYPLWD,NA,NA,NA,NA,NA,NA,NA,NA,NA,NA,NA
PTNJ1612,NA,NA,NA,NA,NA,NA,NA,NA,NA,NA,NA
PUNJ1612,NA,NA,NA,NA,NA,NA,NA,NA,NA,NA,NA
PTNJ0431,NA,NA,NA,NA,NA,NA,NA,NA,NA,NA,NA
PUNJ0431,NA,NA,NA,NA,NA,NA,NA,NA,NA,NA,NA
PTNYSPVL,NA,NA,NA,NA,NA,NA,NA,NA,NA,NA,NA
PUNYSPVL,NA,NA,NA,NA,NA,NA,NA,NA,NA,NA,NA
PCNJ0806,NA,NA,NA,NA,NA,NA,NA,NA,NA,NA,NA
PANJ0806,NA,NA,NA,NA,NA,NA,NA,NA,NA,NA,NA
VAVAT17,NA,NA,NA,NA,NA,NA,NA,NA,NA,NA,NA
VTVAT17,NA,NA,NA,NA,NA,NA,NA,NA,NA,NA,NA
VMVAT17,NA,NA,NA,NA,NA,NA,NA,NA,NA,NA,NA
PAVAT17,NA,NA,NA,NA,NA,NA,NA,NA,NA,NA,NA
PTVAT17,NA,NA,NA,NA,NA,NA,NA,NA,NA,NA,NA
PUNJ2108,NA,NA,NA,NA,NA,NA,NA,NA,NA,NA,NA
PTNJ2108,NA,NA,NA,NA,NA,NA,NA,NA,NA,NA,NA
VUNJ0436,NA,NA,NA,NA,NA,NA,NA,NA,NA,NA,NA
VTNJ0436,NA,NA,NA,NA,NA,NA,NA,NA,NA,NA,NA
PMNJ1612,NA,NA,NA,NA,NA,NA,NA,NA,NA,NA,NA
PADEDE19,NA,NA,NA,NA,NA,NA,NA,NA,NA,NA,NA
PCDEDE19,NA,NA,NA,NA,NA,NA,NA,NA,NA,NA,NA
VADEDE19,NA,NA,NA,NA,NA,NA,NA,NA,NA,NA,NA
VMDEDE19,NA,NA,NA,NA,NA,NA,NA,NA,NA,NA,NA
VTDEDE19,NA,NA,NA,NA,NA,NA,NA,NA,NA,NA,NA
PUNJ0331,NA,NA,NA,NA,NA,NA,NA,NA,NA,NA,NA
PTNJ0331,NA,NA,NA,NA,NA,NA,NA,NA,NA,NA,NA
PCVANARR,NA,NA,NA,NA,NA,NA,NA,NA,NA,NA,NA
PUNJTRWR,NA,NA,NA,NA,NA,NA,NA,NA,NA,NA,NA
PTNJ1313,NA,NA,NA,NA,NA,NA,NA,NA,NA,NA,NA
PUNJ1313,NA,NA,NA,NA,NA,NA,NA,NA,NA,NA,NA
PUNJ0823,NA,NA,NA,NA,NA,NA,NA,NA,NA,NA,NA
PTNJ0823,NA,NA,NA,NA,NA,NA,NA,NA,NA,NA,NA
PUNJ2005,NA,NA,NA,NA,NA,NA,NA,NA,NA,NA,NA
PUNJ1216,NA,NA,NA,NA,NA,NA,NA,NA,NA,NA,NA
PUNYMOID,NA,NA,NA,NA,NA,NA,NA,NA,NA,NA,NA
PTNJ1511,NA,NA,NA,NA,NA,NA,NA,NA,NA,NA,NA
PUNJ1511,NA,NA,NA,NA,NA,NA,NA,NA,NA,NA,NA
PTNJ1907,NA,NA,NA,NA,NA,NA,NA,NA,NA,NA,NA
PTGAROBC,NA,NA,NA,NA,NA,NA,NA,NA,NA,NA,NA
PUGAROBC,NA,NA,NA,NA,NA,NA,NA,NA,NA,NA,NA
VTNJ0431,NA,NA,NA,NA,NA,NA,NA,NA,NA,NA,NA
VUNJ0431,NA,NA,NA,NA,NA,NA,NA,NA,NA,NA,NA
PUNJTRUA,NA,NA,NA,NA,NA,NA,NA,NA,NA,NA,NA
PUGAMETT,NA,NA,NA,NA,NA,NA,NA,NA,NA,NA,NA
PAGAMETT,NA,NA,NA,NA,NA,NA,NA,NA,NA,NA,NA
VANJ0328,NA,NA,NA,NA,NA,NA,NA,NA,NA,NA,NA
VMNJ0328,NA,NA,NA,NA,NA,NA,NA,NA,NA,NA,NA
VTNJ0328,NA,NA,NA,NA,NA,NA,NA,NA,NA,NA,NA
VUNJ0328,NA,NA,NA,NA,NA,NA,NA,NA,NA,NA,NA
PUNJ0328,NA,NA,NA,NA,NA,NA,NA,NA,NA,NA,NA
PTNJ0328,NA,NA,NA,NA,NA,NA,NA,NA,NA,NA,NA
PMNJ0328,NA,NA,NA,NA,NA,NA,NA,NA,NA,NA,NA
PUNYMNTV,NA,NA,NA,NA,NA,NA,NA,NA,NA,NA,NA
PCNJ0910,NA,NA,NA,NA,NA,NA,NA,NA,NA,NA,NA
VTNJ0910,NA,NA,NA,NA,NA,NA,NA,NA,NA,NA,NA
VMNJ0910,NA,NA,NA,NA,NA,NA,NA,NA,NA,NA,NA
PUNJ0819,NA,NA,NA,NA,NA,NA,NA,NA,NA,NA,NA
PTNJ0819,NA,NA,NA,NA,NA,NA,NA,NA,NA,NA,NA
PCFLUMAT,NA,NA,NA,NA,NA,NA,NA,NA,NA,NA,NA
PUNYWALD,NA,NA,NA,NA,NA,NA,NA,NA,NA,NA,NA
PAFLSAUG,NA,NA,NA,NA,NA,NA,NA,NA,NA,NA,NA
PCFLSAUG,NA,NA,NA,NA,NA,NA,NA,NA,NA,NA,NA
PUNYCORT,NA,NA,NA,NA,NA,NA,NA,NA,NA,NA,NA
VTNJ0810,NA,NA,NA,NA,NA,NA,NA,NA,NA,NA,NA
VMNJ0810,NA,NA,NA,NA,NA,NA,NA,NA,NA,NA,NA
PCNJ0810,NA,NA,NA,NA,NA,NA,NA,NA,NA,NA,NA
PTNJ1307,NA,NA,NA,NA,NA,NA,NA,NA,NA,NA,NA
PUNJ1307,NA,NA,NA,NA,NA,NA,NA,NA,NA,NA,NA
PCPAMECH,NA,NA,NA,NA,NA,NA,NA,NA,NA,NA,NA
VUPAMECH,NA,NA,NA,NA,NA,NA,NA,NA,NA,NA,NA
PMNYFLOR,NA,NA,NA,NA,NA,NA,NA,NA,NA,NA,NA
PUNYFLOR,NA,NA,NA,NA,NA,NA,NA,NA,NA,NA,NA
PCDE134,NA,NA,NA,NA,NA,NA,NA,NA,NA,NA,NA
PCGAROCK,NA,NA,NA,NA,NA,NA,NA,NA,NA,NA,NA
PAGAWSHN,NA,NA,NA,NA,NA,NA,NA,NA,NA,NA,NA
PCGAWSHN,NA,NA,NA,NA,NA,NA,NA,NA,NA,NA,NA
PMNYSPVL,NA,NA,NA,NA,NA,NA,NA,NA,NA,NA,NA
PCNJ1342,NA,NA,NA,NA,NA,NA,NA,NA,NA,NA,NA
VMNJ1342,NA,NA,NA,NA,NA,NA,NA,NA,NA,NA,NA
VUNJ1342,NA,NA,NA,NA,NA,NA,NA,NA,NA,NA,NA
VTNJ1342,NA,NA,NA,NA,NA,NA,NA,NA,NA,NA,NA
VTNJ1219,NA,NA,NA,NA,NA,NA,NA,NA,NA,NA,NA
PTNJ1219,NA,NA,NA,NA,NA,NA,NA,NA,NA,NA,NA
VMNJ1219,NA,NA,NA,NA,NA,NA,NA,NA,NA,NA,NA
PUNJ1219,NA,NA,NA,NA,NA,NA,NA,NA,NA,NA,NA
VUNJ1219,NA,NA,NA,NA,NA,NA,NA,NA,NA,NA,NA
PANYCHES,NA,NA,NA,NA,NA,NA,NA,NA,NA,NA,NA
PCNJ1017,NA,NA,NA,NA,NA,NA,NA,NA,NA,NA,NA
PUNCARDL,NA,NA,NA,NA,NA,NA,NA,NA,NA,NA,NA
VMNCARDL,NA,NA,NA,NA,NA,NA,NA,NA,NA,NA,NA
VUNCARDL,NA,NA,NA,NA,NA,NA,NA,NA,NA,NA,NA
PAGAWYNS,NA,NA,NA,NA,NA,NA,NA,NA,NA,NA,NA
PTNJ1921,NA,NA,NA,NA,NA,NA,NA,NA,NA,NA,NA
PUNJ1921,NA,NA,NA,NA,NA,NA,NA,NA,NA,NA,NA
PAGAGUYT,NA,NA,NA,NA,NA,NA,NA,NA,NA,NA,NA
PTNJ1808,NA,NA,NA,NA,NA,NA,NA,NA,NA,NA,NA
PUNJ1808,NA,NA,NA,NA,NA,NA,NA,NA,NA,NA,NA
VANCRHAL,NA,NA,NA,NA,NA,NA,NA,NA,NA,NA,NA
VMNCRHAL,NA,NA,NA,NA,NA,NA,NA,NA,NA,NA,NA
VUGAMETT,NA,NA,NA,NA,NA,NA,NA,NA,NA,NA,NA
VMGAMETT,NA,NA,NA,NA,NA,NA,NA,NA,NA,NA,NA
VAGAMETT,NA,NA,NA,NA,NA,NA,NA,NA,NA,NA,NA
PTNJ0717,NA,NA,NA,NA,NA,NA,NA,NA,NA,NA,NA
VMNJ0717,NA,NA,NA,NA,NA,NA,NA,NA,NA,NA,NA
VTNJ0717,NA,NA,NA,NA,NA,NA,NA,NA,NA,NA,NA
PUNJ1346,NA,NA,NA,NA,NA,NA,NA,NA,NA,NA,NA
PTNJ1346,NA,NA,NA,NA,NA,NA,NA,NA,NA,NA,NA
PUNYHFVL,NA,NA,NA,NA,NA,NA,NA,NA,NA,NA,NA
VUNYHFVL,NA,NA,NA,NA,NA,NA,NA,NA,NA,NA,NA
VWNYHFVL,NA,NA,NA,NA,NA,NA,NA,NA,NA,NA,NA
PWNYHFVL,NA,NA,NA,NA,NA,NA,NA,NA,NA,NA,NA
PTNYHFVL,NA,NA,NA,NA,NA,NA,NA,NA,NA,NA,NA
VTNYHFVL,NA,NA,NA,NA,NA,NA,NA,NA,NA,NA,NA
VMNJ1529,NA,NA,NA,NA,NA,NA,NA,NA,NA,NA,NA
VUNJ0910,NA,NA,NA,NA,NA,NA,NA,NA,NA,NA,NA
VCNJ0328,NA,NA,NA,NA,NA,NA,NA,NA,NA,NA,NA
PWNJ1106,NA,NA,NA,NA,NA,NA,NA,NA,NA,NA,NA
PCNJDFIR,NA,NA,NA,NA,NA,NA,NA,NA,NA,NA,NA
VTNJ1106,NA,NA,NA,NA,NA,NA,NA,NA,NA,NA,NA
VUNJ1106,NA,NA,NA,NA,NA,NA,NA,NA,NA,NA,NA
PTNJ0907,NA,NA,NA,NA,NA,NA,NA,NA,NA,NA,NA
PUNJ0319,NA,NA,NA,NA,NA,NA,NA,NA,NA,NA,NA
VUNJ0319,NA,NA,NA,NA,NA,NA,NA,NA,NA,NA,NA
VTNJ0319,NA,NA,NA,NA,NA,NA,NA,NA,NA,NA,NA
PTNJ0319,NA,NA,NA,NA,NA,NA,NA,NA,NA,NA,NA
PUNYYTWD,NA,NA,NA,NA,NA,NA,NA,NA,NA,NA,NA
PTVACBTN,NA,NA,NA,NA,NA,NA,NA,NA,NA,NA,NA
VTVACBTN,NA,NA,NA,NA,NA,NA,NA,NA,NA,NA,NA
PUVACBTN,NA,NA,NA,NA,NA,NA,NA,NA,NA,NA,NA
VUVACBTN,NA,NA,NA,NA,NA,NA,NA,NA,NA,NA,NA
VMVACBTN,NA,NA,NA,NA,NA,NA,NA,NA,NA,NA,NA
PAVACBTN,NA,NA,NA,NA,NA,NA,NA,NA,NA,NA,NA
VAVACBTN,NA,NA,NA,NA,NA,NA,NA,NA,NA,NA,NA
PTNJ0603,NA,NA,NA,NA,NA,NA,NA,NA,NA,NA,NA
PUPAPLMY,NA,NA,NA,NA,NA,NA,NA,NA,NA,NA,NA
PANYSPVL,NA,NA,NA,NA,NA,NA,NA,NA,NA,NA,NA
PTPANCSD,NA,NA,NA,NA,NA,NA,NA,NA,NA,NA,NA
VMNJ1307,NA,NA,NA,NA,NA,NA,NA,NA,NA,NA,NA
VTNJ1307,NA,NA,NA,NA,NA,NA,NA,NA,NA,NA,NA
VUNJ1307,NA,NA,NA,NA,NA,NA,NA,NA,NA,NA,NA
PTNJ0420,NA,NA,NA,NA,NA,NA,NA,NA,NA,NA,NA
PTNJ0809,NA,NA,NA,NA,NA,NA,NA,NA,NA,NA,NA
VMNJ1410,NA,NA,NA,NA,NA,NA,NA,NA,NA,NA,NA
PCNJ1410,NA,NA,NA,NA,NA,NA,NA,NA,NA,NA,NA
VUNYPLWD,NA,NA,NA,NA,NA,NA,NA,NA,NA,NA,NA
PUNJEWMA,NA,NA,NA,NA,NA,NA,NA,NA,NA,NA,NA
PTNJ1208,NA,NA,NA,NA,NA,NA,NA,NA,NA,NA,NA
PUNJ1208,NA,NA,NA,NA,NA,NA,NA,NA,NA,NA,NA
PUPABUSA,NA,NA,NA,NA,NA,NA,NA,NA,NA,NA,NA
VAPAMECH,NA,NA,NA,NA,NA,NA,NA,NA,NA,NA,NA
PUFLSAUG,NA,NA,NA,NA,NA,NA,NA,NA,NA,NA,NA
VMNYLTTL,NA,NA,NA,NA,NA,NA,NA,NA,NA,NA,NA
VUNYLTTL,NA,NA,NA,NA,NA,NA,NA,NA,NA,NA,NA
PUNYLTTL,NA,NA,NA,NA,NA,NA,NA,NA,NA,NA,NA
VMNCWEND,NA,NA,NA,NA,NA,NA,NA,NA,NA,NA,NA
PCNCWEND,NA,NA,NA,NA,NA,NA,NA,NA,NA,NA,NA
VTNYNORW,NA,NA,NA,NA,NA,NA,NA,NA,NA,NA,NA
PTNYNORW,NA,NA,NA,NA,NA,NA,NA,NA,NA,NA,NA
VUNYWAPP,NA,NA,NA,NA,NA,NA,NA,NA,NA,NA,NA
PUNYWAPP,NA,NA,NA,NA,NA,NA,NA,NA,NA,NA,NA
VAVAFRNK,NA,NA,NA,NA,NA,NA,NA,NA,NA,NA,NA
PAVAFRNK,NA,NA,NA,NA,NA,NA,NA,NA,NA,NA,NA
VMVAFRNK,NA,NA,NA,NA,NA,NA,NA,NA,NA,NA,NA
VUVAFRNK,NA,NA,NA,NA,NA,NA,NA,NA,NA,NA,NA
PUVAFRNK,NA,NA,NA,NA,NA,NA,NA,NA,NA,NA,NA
PTVAFRNK,NA,NA,NA,NA,NA,NA,NA,NA,NA,NA,NA
VTVAFRNK,NA,NA,NA,NA,NA,NA,NA,NA,NA,NA,NA
VMGAROBC,NA,NA,NA,NA,NA,NA,NA,NA,NA,NA,NA
VUGAROBC,NA,NA,NA,NA,NA,NA,NA,NA,NA,NA,NA
VTGAROBC,NA,NA,NA,NA,NA,NA,NA,NA,NA,NA,NA
PUNJWVMA,NA,NA,NA,NA,NA,NA,NA,NA,NA,NA,NA
PSNJ0329,NA,NA,NA,NA,NA,NA,NA,NA,NA,NA,NA
PUNJ0329,NA,NA,NA,NA,NA,NA,NA,NA,NA,NA,NA
PTNJ0329,NA,NA,NA,NA,NA,NA,NA,NA,NA,NA,NA
VMNJ0329,NA,NA,NA,NA,NA,NA,NA,NA,NA,NA,NA
VSNJ0329,NA,NA,NA,NA,NA,NA,NA,NA,NA,NA,NA
VUNJ0329,NA,NA,NA,NA,NA,NA,NA,NA,NA,NA,NA
VTNJ0329,NA,NA,NA,NA,NA,NA,NA,NA,NA,NA,NA
PTNJ0608,NA,NA,NA,NA,NA,NA,NA,NA,NA,NA,NA
VTNJ0608,NA,NA,NA,NA,NA,NA,NA,NA,NA,NA,NA
PUNYVVIL,NA,NA,NA,NA,NA,NA,NA,NA,NA,NA,NA
PTNYVVIL,NA,NA,NA,NA,NA,NA,NA,NA,NA,NA,NA
PCNJ1219,NA,NA,NA,NA,NA,NA,NA,NA,NA,NA,NA
PAGARDGA,NA,NA,NA,NA,NA,NA,NA,NA,NA,NA,NA
PAPASOHB,NA,NA,NA,NA,NA,NA,NA,NA,NA,NA,NA
PUPASOHB,NA,NA,NA,NA,NA,NA,NA,NA,NA,NA,NA
VUPASOHB,NA,NA,NA,NA,NA,NA,NA,NA,NA,NA,NA
PTNJ2110,NA,NA,NA,NA,NA,NA,NA,NA,NA,NA,NA
PUNJ0715,NA,NA,NA,NA,NA,NA,NA,NA,NA,NA,NA
PTVAWAVE,NA,NA,NA,NA,NA,NA,NA,NA,NA,NA,NA
PTNJ0419,NA,NA,NA,NA,NA,NA,NA,NA,NA,NA,NA
PUNJ0419,NA,NA,NA,NA,NA,NA,NA,NA,NA,NA,NA
PTNJ2004,NA,NA,NA,NA,NA,NA,NA,NA,NA,NA,NA
PUNYBATH,NA,NA,NA,NA,NA,NA,NA,NA,NA,NA,NA
PANYBATH,NA,NA,NA,NA,NA,NA,NA,NA,NA,NA,NA
PTNJ0259,NA,NA,NA,NA,NA,NA,NA,NA,NA,NA,NA
PUNJ0259,NA,NA,NA,NA,NA,NA,NA,NA,NA,NA,NA
PUNJ1514,NA,NA,NA,NA,NA,NA,NA,NA,NA,NA,NA
PTNJ1514,NA,NA,NA,NA,NA,NA,NA,NA,NA,NA,NA
PUNYWARV,NA,NA,NA,NA,NA,NA,NA,NA,NA,NA,NA
VUNYWARV,NA,NA,NA,NA,NA,NA,NA,NA,NA,NA,NA
VTNJ0267,NA,NA,NA,NA,NA,NA,NA,NA,NA,NA,NA
VMNJ0267,NA,NA,NA,NA,NA,NA,NA,NA,NA,NA,NA
PUFLMACL,NA,NA,NA,NA,NA,NA,NA,NA,NA,NA,NA
VUFLMACL,NA,NA,NA,NA,NA,NA,NA,NA,NA,NA,NA
VMFLMACL,NA,NA,NA,NA,NA,NA,NA,NA,NA,NA,NA
VTNJ0207,NA,NA,NA,NA,NA,NA,NA,NA,NA,NA,NA
PTNJ0207,NA,NA,NA,NA,NA,NA,NA,NA,NA,NA,NA
PAPAMECH,NA,NA,NA,NA,NA,NA,NA,NA,NA,NA,NA
PUDECAWW,NA,NA,NA,NA,NA,NA,NA,NA,NA,NA,NA
VUDECAWW,NA,NA,NA,NA,NA,NA,NA,NA,NA,NA,NA
PTNJ1710,NA,NA,NA,NA,NA,NA,NA,NA,NA,NA,NA
VTNJ1710,NA,NA,NA,NA,NA,NA,NA,NA,NA,NA,NA
PAVAWAVE,NA,NA,NA,NA,NA,NA,NA,NA,NA,NA,NA
VTNYPATC,NA,NA,NA,NA,NA,NA,NA,NA,NA,NA,NA
PWNJ0329,NA,NA,NA,NA,NA,NA,NA,NA,NA,NA,NA
VWNJ0329,NA,NA,NA,NA,NA,NA,NA,NA,NA,NA,NA
PTNJ1522,NA,NA,NA,NA,NA,NA,NA,NA,NA,NA,NA
PUNJ1522,NA,NA,NA,NA,NA,NA,NA,NA,NA,NA,NA
PSNJ1522,NA,NA,NA,NA,NA,NA,NA,NA,NA,NA,NA
PCDESFRD,NA,NA,NA,NA,NA,NA,NA,NA,NA,NA,NA
PUNJ0502,NA,NA,NA,NA,NA,NA,NA,NA,NA,NA,NA
PTNJ0502,NA,NA,NA,NA,NA,NA,NA,NA,NA,NA,NA
PUMDFRUT,NA,NA,NA,NA,NA,NA,NA,NA,NA,NA,NA
PAMDFRUT,NA,NA,NA,NA,NA,NA,NA,NA,NA,NA,NA
VMMDFRUT,NA,NA,NA,NA,NA,NA,NA,NA,NA,NA,NA
PTMDFRUT,NA,NA,NA,NA,NA,NA,NA,NA,NA,NA,NA
PSTNMOSH,NA,NA,NA,NA,NA,NA,NA,NA,NA,NA,NA
PUTNMOSH,NA,NA,NA,NA,NA,NA,NA,NA,NA,NA,NA
VUTNMOSH,NA,NA,NA,NA,NA,NA,NA,NA,NA,NA,NA
VSTNMOSH,NA,NA,NA,NA,NA,NA,NA,NA,NA,NA,NA
VTNJ1708,NA,NA,NA,NA,NA,NA,NA,NA,NA,NA,NA
VTNJ1702,NA,NA,NA,NA,NA,NA,NA,NA,NA,NA,NA
PTNYPOJV,NA,NA,NA,NA,NA,NA,NA,NA,NA,NA,NA
PTNJ1211,NA,NA,NA,NA,NA,NA,NA,NA,NA,NA,NA
PUNJ1211,NA,NA,NA,NA,NA,NA,NA,NA,NA,NA,NA
PENJ1211,NA,NA,NA,NA,NA,NA,NA,NA,NA,NA,NA
PUGASPRI,NA,NA,NA,NA,NA,NA,NA,NA,NA,NA,NA
VUGASPRI,NA,NA,NA,NA,NA,NA,NA,NA,NA,NA,NA
VMGASPRI,NA,NA,NA,NA,NA,NA,NA,NA,NA,NA,NA
PCNJWIFD,NA,NA,NA,NA,NA,NA,NA,NA,NA,NA,NA
VMNJWIFD,NA,NA,NA,NA,NA,NA,NA,NA,NA,NA,NA
PTNJ0235,NA,NA,NA,NA,NA,NA,NA,NA,NA,NA,NA
VUFLCRST,NA,NA,NA,NA,NA,NA,NA,NA,NA,NA,NA
PUFLCRST,NA,NA,NA,NA,NA,NA,NA,NA,NA,NA,NA
PAFLCRST,NA,NA,NA,NA,NA,NA,NA,NA,NA,NA,NA
PWNJ1205,NA,NA,NA,NA,NA,NA,NA,NA,NA,NA,NA
PUNJ2101,NA,NA,NA,NA,NA,NA,NA,NA,NA,NA,NA
PUNJMRUA,NA,NA,NA,NA,NA,NA,NA,NA,NA,NA,NA
PAMDDORC,NA,NA,NA,NA,NA,NA,NA,NA,NA,NA,NA
PTMDDORC,NA,NA,NA,NA,NA,NA,NA,NA,NA,NA,NA
PANYMUTT,NA,NA,NA,NA,NA,NA,NA,NA,NA,NA,NA
PTNYMUTT,NA,NA,NA,NA,NA,NA,NA,NA,NA,NA,NA
VMNJ0609,NA,NA,NA,NA,NA,NA,NA,NA,NA,NA,NA
VTNJ0609,NA,NA,NA,NA,NA,NA,NA,NA,NA,NA,NA
PUNJWMON,NA,NA,NA,NA,NA,NA,NA,NA,NA,NA,NA
PTNYARDS,NA,NA,NA,NA,NA,NA,NA,NA,NA,NA,NA
PUNJWDSA,NA,NA,NA,NA,NA,NA,NA,NA,NA,NA,NA
VANCARCL,NA,NA,NA,NA,NA,NA,NA,NA,NA,NA,NA
PANCARCL,NA,NA,NA,NA,NA,NA,NA,NA,NA,NA,NA
PTNJ2001,NA,NA,NA,NA,NA,NA,NA,NA,NA,NA,NA
PAVAESEX,NA,NA,NA,NA,NA,NA,NA,NA,NA,NA,NA
PTVAESEX,NA,NA,NA,NA,NA,NA,NA,NA,NA,NA,NA
VTVAESEX,NA,NA,NA,NA,NA,NA,NA,NA,NA,NA,NA
VMVAESEX,NA,NA,NA,NA,NA,NA,NA,NA,NA,NA,NA
PAVABRID,NA,NA,NA,NA,NA,NA,NA,NA,NA,NA,NA
PUVABRID,NA,NA,NA,NA,NA,NA,NA,NA,NA,NA,NA
PANYCLAY,NA,NA,NA,NA,NA,NA,NA,NA,NA,NA,NA
PTNJ0252,NA,NA,NA,NA,NA,NA,NA,NA,NA,NA,NA
PSNJ1406,NA,NA,NA,NA,NA,NA,NA,NA,NA,NA,NA
PTNJ0427,NA,NA,NA,NA,NA,NA,NA,NA,NA,NA,NA
PTNJ0228,NA,NA,NA,NA,NA,NA,NA,NA,NA,NA,NA
VMNYTONA,NA,NA,NA,NA,NA,NA,NA,NA,NA,NA,NA
VUNYTONA,NA,NA,NA,NA,NA,NA,NA,NA,NA,NA,NA
VTNYTONA,NA,NA,NA,NA,NA,NA,NA,NA,NA,NA,NA
PUNYTONA,NA,NA,NA,NA,NA,NA,NA,NA,NA,NA,NA
PTNYTONA,NA,NA,NA,NA,NA,NA,NA,NA,NA,NA,NA
PCVAFRNK,NA,NA,NA,NA,NA,NA,NA,NA,NA,NA,NA
PTNJ0107,NA,NA,NA,NA,NA,NA,NA,NA,NA,NA,NA
PUNJ0107,NA,NA,NA,NA,NA,NA,NA,NA,NA,NA,NA
PUNJ0410,NA,NA,NA,NA,NA,NA,NA,NA,NA,NA,NA
PTNJ0410,NA,NA,NA,NA,NA,NA,NA,NA,NA,NA,NA
VTNJ1201,NA,NA,NA,NA,NA,NA,NA,NA,NA,NA,NA
VUNJ1201,NA,NA,NA,NA,NA,NA,NA,NA,NA,NA,NA
VMNJ1201,NA,NA,NA,NA,NA,NA,NA,NA,NA,NA,NA
VUNJACMU,NA,NA,NA,NA,NA,NA,NA,NA,NA,NA,NA
PUNJACMU,NA,NA,NA,NA,NA,NA,NA,NA,NA,NA,NA
PTNJ0911,NA,NA,NA,NA,NA,NA,NA,NA,NA,NA,NA
VTNJ0911,NA,NA,NA,NA,NA,NA,NA,NA,NA,NA,NA
PUNYLIMA,NA,NA,NA,NA,NA,NA,NA,NA,NA,NA,NA
PSNYLIMA,NA,NA,NA,NA,NA,NA,NA,NA,NA,NA,NA
PUNJ0212,NA,NA,NA,NA,NA,NA,NA,NA,NA,NA,NA
PTNJ0212,NA,NA,NA,NA,NA,NA,NA,NA,NA,NA,NA
PTNJ1509,NA,NA,NA,NA,NA,NA,NA,NA,NA,NA,NA
PUNJ1509,NA,NA,NA,NA,NA,NA,NA,NA,NA,NA,NA
PTVAURBA,NA,NA,NA,NA,NA,NA,NA,NA,NA,NA,NA
PAVAURBA,NA,NA,NA,NA,NA,NA,NA,NA,NA,NA,NA
PUNJ0407,NA,NA,NA,NA,NA,NA,NA,NA,NA,NA,NA
PTNJ0407,NA,NA,NA,NA,NA,NA,NA,NA,NA,NA,NA
PUNJ1614,NA,NA,NA,NA,NA,NA,NA,NA,NA,NA,NA
PTNJ1614,NA,NA,NA,NA,NA,NA,NA,NA,NA,NA,NA
PUPAMDSA,NA,NA,NA,NA,NA,NA,NA,NA,NA,NA,NA
PUNJ1505,NA,NA,NA,NA,NA,NA,NA,NA,NA,NA,NA
PTNJ1505,NA,NA,NA,NA,NA,NA,NA,NA,NA,NA,NA
PUNYNYAK,NA,NA,NA,NA,NA,NA,NA,NA,NA,NA,NA
PUNCWHIT,NA,NA,NA,NA,NA,NA,NA,NA,NA,NA,NA
VUNCWHIT,NA,NA,NA,NA,NA,NA,NA,NA,NA,NA,NA
VMNCWHIT,NA,NA,NA,NA,NA,NA,NA,NA,NA,NA,NA
PCNJ0303,NA,NA,NA,NA,NA,NA,NA,NA,NA,NA,NA
PUVAAMHT,NA,NA,NA,NA,NA,NA,NA,NA,NA,NA,NA
VUVAAMHT,NA,NA,NA,NA,NA,NA,NA,NA,NA,NA,NA
VMVAAMHT,NA,NA,NA,NA,NA,NA,NA,NA,NA,NA,NA
VMNCWHSP,NA,NA,NA,NA,NA,NA,NA,NA,NA,NA,NA
PANJ0718,NA,NA,NA,NA,NA,NA,NA,NA,NA,NA,NA
PCNJ0718,NA,NA,NA,NA,NA,NA,NA,NA,NA,NA,NA
VANYSPVL,NA,NA,NA,NA,NA,NA,NA,NA,NA,NA,NA
VUNYSPVL,NA,NA,NA,NA,NA,NA,NA,NA,NA,NA,NA
PUNJ0501,NA,NA,NA,NA,NA,NA,NA,NA,NA,NA,NA
PSNJ1005,NA,NA,NA,NA,NA,NA,NA,NA,NA,NA,NA
PUNJ1005,NA,NA,NA,NA,NA,NA,NA,NA,NA,NA,NA
PTNJ1005,NA,NA,NA,NA,NA,NA,NA,NA,NA,NA,NA
PTVAFARM,NA,NA,NA,NA,NA,NA,NA,NA,NA,NA,NA
VTVAFARM,NA,NA,NA,NA,NA,NA,NA,NA,NA,NA,NA
PUVAFARM,NA,NA,NA,NA,NA,NA,NA,NA,NA,NA,NA
VUVAFARM,NA,NA,NA,NA,NA,NA,NA,NA,NA,NA,NA
PAVAFARM,NA,NA,NA,NA,NA,NA,NA,NA,NA,NA,NA
VAVAFARM,NA,NA,NA,NA,NA,NA,NA,NA,NA,NA,NA
VMVAFARM,NA,NA,NA,NA,NA,NA,NA,NA,NA,NA,NA
PTPACALN,NA,NA,NA,NA,NA,NA,NA,NA,NA,NA,NA
PUPACALN,NA,NA,NA,NA,NA,NA,NA,NA,NA,NA,NA
PAVAAMHT,NA,NA,NA,NA,NA,NA,NA,NA,NA,NA,NA
VAVAAMHT,NA,NA,NA,NA,NA,NA,NA,NA,NA,NA,NA
PTNJ1402,NA,NA,NA,NA,NA,NA,NA,NA,NA,NA,NA
VTNJ1402,NA,NA,NA,NA,NA,NA,NA,NA,NA,NA,NA
PUNJ1402,NA,NA,NA,NA,NA,NA,NA,NA,NA,NA,NA
PTNJ2002,NA,NA,NA,NA,NA,NA,NA,NA,NA,NA,NA
PUNJ2002,NA,NA,NA,NA,NA,NA,NA,NA,NA,NA,NA
PTNJ0117,NA,NA,NA,NA,NA,NA,NA,NA,NA,NA,NA
PUNJBMUA,NA,NA,NA,NA,NA,NA,NA,NA,NA,NA,NA
PUPACATA,NA,NA,NA,NA,NA,NA,NA,NA,NA,NA,NA
VUPACATA,NA,NA,NA,NA,NA,NA,NA,NA,NA,NA,NA
VMPACATA,NA,NA,NA,NA,NA,NA,NA,NA,NA,NA,NA
PANYNPLZ,NA,NA,NA,NA,NA,NA,NA,NA,NA,NA,NA
PUNYNPLZ,NA,NA,NA,NA,NA,NA,NA,NA,NA,NA,NA
PCNYNPLZ,NA,NA,NA,NA,NA,NA,NA,NA,NA,NA,NA
PTDEBTHB,NA,NA,NA,NA,NA,NA,NA,NA,NA,NA,NA
VMNYARDS,NA,NA,NA,NA,NA,NA,NA,NA,NA,NA,NA
VTNYARDS,NA,NA,NA,NA,NA,NA,NA,NA,NA,NA,NA
PTNJ2014,NA,NA,NA,NA,NA,NA,NA,NA,NA,NA,NA
PUGAGUYT,NA,NA,NA,NA,NA,NA,NA,NA,NA,NA,NA
PTNJ1407,NA,NA,NA,NA,NA,NA,NA,NA,NA,NA,NA
PTNJ1428,NA,NA,NA,NA,NA,NA,NA,NA,NA,NA,NA
PUNJ1428,NA,NA,NA,NA,NA,NA,NA,NA,NA,NA,NA
PTNJ2114,NA,NA,NA,NA,NA,NA,NA,NA,NA,NA,NA
PTNJ0224,NA,NA,NA,NA,NA,NA,NA,NA,NA,NA,NA
VAVAAPPO,NA,NA,NA,NA,NA,NA,NA,NA,NA,NA,NA
PAVAAPPO,NA,NA,NA,NA,NA,NA,NA,NA,NA,NA,NA
PUVAAPPO,NA,NA,NA,NA,NA,NA,NA,NA,NA,NA,NA
VMVAAPPO,NA,NA,NA,NA,NA,NA,NA,NA,NA,NA,NA
VUVAAPPO,NA,NA,NA,NA,NA,NA,NA,NA,NA,NA,NA
VTVAAPPO,NA,NA,NA,NA,NA,NA,NA,NA,NA,NA,NA
PTVAAPPO,NA,NA,NA,NA,NA,NA,NA,NA,NA,NA,NA
PCNJ0415,NA,NA,NA,NA,NA,NA,NA,NA,NA,NA,NA
PTGABRNW,NA,NA,NA,NA,NA,NA,NA,NA,NA,NA,NA
PUGABRNW,NA,NA,NA,NA,NA,NA,NA,NA,NA,NA,NA
VTGABRNW,NA,NA,NA,NA,NA,NA,NA,NA,NA,NA,NA
VUGABRNW,NA,NA,NA,NA,NA,NA,NA,NA,NA,NA,NA
VMGABRNW,NA,NA,NA,NA,NA,NA,NA,NA,NA,NA,NA
PTVAKING,NA,NA,NA,NA,NA,NA,NA,NA,NA,NA,NA
PAVAKING,NA,NA,NA,NA,NA,NA,NA,NA,NA,NA,NA
VTVAKING,NA,NA,NA,NA,NA,NA,NA,NA,NA,NA,NA
PUNYLEWI,NA,NA,NA,NA,NA,NA,NA,NA,NA,NA,NA
PUNYORIS,NA,NA,NA,NA,NA,NA,NA,NA,NA,NA,NA
PTNYORIS,NA,NA,NA,NA,NA,NA,NA,NA,NA,NA,NA
PTNJ0816,NA,NA,NA,NA,NA,NA,NA,NA,NA,NA,NA
PTNJ0713,NA,NA,NA,NA,NA,NA,NA,NA,NA,NA,NA
PMNJ0713,NA,NA,NA,NA,NA,NA,NA,NA,NA,NA,NA
PUNJ0713,NA,NA,NA,NA,NA,NA,NA,NA,NA,NA,NA
VAPACATA,NA,NA,NA,NA,NA,NA,NA,NA,NA,NA,NA
PCNYARDS,NA,NA,NA,NA,NA,NA,NA,NA,NA,NA,NA
VUNYLEWI,NA,NA,NA,NA,NA,NA,NA,NA,NA,NA,NA
PAPACALN,NA,NA,NA,NA,NA,NA,NA,NA,NA,NA,NA
PUNJ0264,NA,NA,NA,NA,NA,NA,NA,NA,NA,NA,NA
PTNJ0264,NA,NA,NA,NA,NA,NA,NA,NA,NA,NA,NA
PANJ0264,NA,NA,NA,NA,NA,NA,NA,NA,NA,NA,NA
VTNYWTER,NA,NA,NA,NA,NA,NA,NA,NA,NA,NA,NA
PANYWTER,NA,NA,NA,NA,NA,NA,NA,NA,NA,NA,NA
PCNYWTER,NA,NA,NA,NA,NA,NA,NA,NA,NA,NA,NA
PTNYWTER,NA,NA,NA,NA,NA,NA,NA,NA,NA,NA,NA
PUNYWTER,NA,NA,NA,NA,NA,NA,NA,NA,NA,NA,NA
VANYWTER,NA,NA,NA,NA,NA,NA,NA,NA,NA,NA,NA
VMNYWTER,NA,NA,NA,NA,NA,NA,NA,NA,NA,NA,NA
VUNYWTER,NA,NA,NA,NA,NA,NA,NA,NA,NA,NA,NA
PCPABRAD,NA,NA,NA,NA,NA,NA,NA,NA,NA,NA,NA
PTPABRAD,NA,NA,NA,NA,NA,NA,NA,NA,NA,NA,NA
VTPABRAD,NA,NA,NA,NA,NA,NA,NA,NA,NA,NA,NA
VUPABRAD,NA,NA,NA,NA,NA,NA,NA,NA,NA,NA,NA
VMPABRAD,NA,NA,NA,NA,NA,NA,NA,NA,NA,NA,NA
PUPAWORM,NA,NA,NA,NA,NA,NA,NA,NA,NA,NA,NA
PANCARDL,NA,NA,NA,NA,NA,NA,NA,NA,NA,NA,NA
PCGAHOME,NA,NA,NA,NA,NA,NA,NA,NA,NA,NA,NA
PUSCSIUC,NA,NA,NA,NA,NA,NA,NA,NA,NA,NA,NA
PUNJ1302,NA,NA,NA,NA,NA,NA,NA,NA,NA,NA,NA
PTNJ1302,NA,NA,NA,NA,NA,NA,NA,NA,NA,NA,NA
PUNYPEND,NA,NA,NA,NA,NA,NA,NA,NA,NA,NA,NA
PTNJ1610,NA,NA,NA,NA,NA,NA,NA,NA,NA,NA,NA
PTNJ1203,NA,NA,NA,NA,NA,NA,NA,NA,NA,NA,NA
PUNJ1203,NA,NA,NA,NA,NA,NA,NA,NA,NA,NA,NA
PTNYOSNV,NA,NA,NA,NA,NA,NA,NA,NA,NA,NA,NA
PUNYOSNV,NA,NA,NA,NA,NA,NA,NA,NA,NA,NA,NA
PCNCATLB,NA,NA,NA,NA,NA,NA,NA,NA,NA,NA,NA
PTNCATLB,NA,NA,NA,NA,NA,NA,NA,NA,NA,NA,NA
VTNCATLB,NA,NA,NA,NA,NA,NA,NA,NA,NA,NA,NA
PUNCATLB,NA,NA,NA,NA,NA,NA,NA,NA,NA,NA,NA
VUNCATLB,NA,NA,NA,NA,NA,NA,NA,NA,NA,NA,NA
VMNCATLB,NA,NA,NA,NA,NA,NA,NA,NA,NA,NA,NA
PANCATLB,NA,NA,NA,NA,NA,NA,NA,NA,NA,NA,NA
VANCATLB,NA,NA,NA,NA,NA,NA,NA,NA,NA,NA,NA
PWNJ1406,NA,NA,NA,NA,NA,NA,NA,NA,NA,NA,NA
VAGAHOSP,NA,NA,NA,NA,NA,NA,NA,NA,NA,NA,NA
PAGAHOSP,NA,NA,NA,NA,NA,NA,NA,NA,NA,NA,NA
VMGAHOSP,NA,NA,NA,NA,NA,NA,NA,NA,NA,NA,NA
VPGAHOSP,NA,NA,NA,NA,NA,NA,NA,NA,NA,NA,NA
VTGAHOSP,NA,NA,NA,NA,NA,NA,NA,NA,NA,NA,NA
PTGAHOSP,NA,NA,NA,NA,NA,NA,NA,NA,NA,NA,NA
PUNJ0243,NA,NA,NA,NA,NA,NA,NA,NA,NA,NA,NA
PUGABRAS,NA,NA,NA,NA,NA,NA,NA,NA,NA,NA,NA
VUGACLAX,NA,NA,NA,NA,NA,NA,NA,NA,NA,NA,NA
VTGACLAX,NA,NA,NA,NA,NA,NA,NA,NA,NA,NA,NA
VMGACLAX,NA,NA,NA,NA,NA,NA,NA,NA,NA,NA,NA
PTPA68,NA,NA,NA,NA,NA,NA,NA,NA,NA,NA,NA
VMPA68,NA,NA,NA,NA,NA,NA,NA,NA,NA,NA,NA
VTPA68,NA,NA,NA,NA,NA,NA,NA,NA,NA,NA,NA
PTNJ0226,NA,NA,NA,NA,NA,NA,NA,NA,NA,NA,NA
PUNJJKMU,NA,NA,NA,NA,NA,NA,NA,NA,NA,NA,NA
PTNYLACK,NA,NA,NA,NA,NA,NA,NA,NA,NA,NA,NA
VMNYLACK,NA,NA,NA,NA,NA,NA,NA,NA,NA,NA,NA
VTNYLACK,NA,NA,NA,NA,NA,NA,NA,NA,NA,NA,NA
VTPA68SD,NA,NA,NA,NA,NA,NA,NA,NA,NA,NA,NA
PTPA68SD,NA,NA,NA,NA,NA,NA,NA,NA,NA,NA,NA
PTMDCRIS,NA,NA,NA,NA,NA,NA,NA,NA,NA,NA,NA
PUMDCRIS,NA,NA,NA,NA,NA,NA,NA,NA,NA,NA,NA
VTMDCRIS,NA,NA,NA,NA,NA,NA,NA,NA,NA,NA,NA
VUMDCRIS,NA,NA,NA,NA,NA,NA,NA,NA,NA,NA,NA
VMMDCRIS,NA,NA,NA,NA,NA,NA,NA,NA,NA,NA,NA
PUNJ2123,NA,NA,NA,NA,NA,NA,NA,NA,NA,NA,NA
PTNJ2123,NA,NA,NA,NA,NA,NA,NA,NA,NA,NA,NA
PUNJBUA1,NA,NA,NA,NA,NA,NA,NA,NA,NA,NA,NA
PUVABUCH,NA,NA,NA,NA,NA,NA,NA,NA,NA,NA,NA
PUNJ0265,NA,NA,NA,NA,NA,NA,NA,NA,NA,NA,NA
VUGAALMA,NA,NA,NA,NA,NA,NA,NA,NA,NA,NA,NA
PUGAALMA,NA,NA,NA,NA,NA,NA,NA,NA,NA,NA,NA
VDGAALMA,NA,NA,NA,NA,NA,NA,NA,NA,NA,NA,NA
VMGAALMA,NA,NA,NA,NA,NA,NA,NA,NA,NA,NA,NA
PTNJ0265,NA,NA,NA,NA,NA,NA,NA,NA,NA,NA,NA
PANCZEBU,NA,NA,NA,NA,NA,NA,NA,NA,NA,NA,NA
VANCZEBU,NA,NA,NA,NA,NA,NA,NA,NA,NA,NA,NA
VMNCZEBU,NA,NA,NA,NA,NA,NA,NA,NA,NA,NA,NA
PTNJ1111,NA,NA,NA,NA,NA,NA,NA,NA,NA,NA,NA
PCNJ0712,NA,NA,NA,NA,NA,NA,NA,NA,NA,NA,NA
PUPA68,NA,NA,NA,NA,NA,NA,NA,NA,NA,NA,NA
PUNJLVMU,NA,NA,NA,NA,NA,NA,NA,NA,NA,NA,NA
PSNJ1315,NA,NA,NA,NA,NA,NA,NA,NA,NA,NA,NA
PUNJ1315,NA,NA,NA,NA,NA,NA,NA,NA,NA,NA,NA
PTNJ1315,NA,NA,NA,NA,NA,NA,NA,NA,NA,NA,NA
PTNJ0432,NA,NA,NA,NA,NA,NA,NA,NA,NA,NA,NA
PUNJ0432,NA,NA,NA,NA,NA,NA,NA,NA,NA,NA,NA
PTNJ1347,NA,NA,NA,NA,NA,NA,NA,NA,NA,NA,NA
PUNJ1347,NA,NA,NA,NA,NA,NA,NA,NA,NA,NA,NA
PANJ1614,NA,NA,NA,NA,NA,NA,NA,NA,NA,NA,NA
PCNJ1614,NA,NA,NA,NA,NA,NA,NA,NA,NA,NA,NA
PUNCNASH,NA,NA,NA,NA,NA,NA,NA,NA,NA,NA,NA
PTNCNASH,NA,NA,NA,NA,NA,NA,NA,NA,NA,NA,NA
VUNCNASH,NA,NA,NA,NA,NA,NA,NA,NA,NA,NA,NA
VMNCNASH,NA,NA,NA,NA,NA,NA,NA,NA,NA,NA,NA
VTNCNASH,NA,NA,NA,NA,NA,NA,NA,NA,NA,NA,NA
PTNJ1213,NA,NA,NA,NA,NA,NA,NA,NA,NA,NA,NA
PUNJ1213,NA,NA,NA,NA,NA,NA,NA,NA,NA,NA,NA
PUNJMLUA,NA,NA,NA,NA,NA,NA,NA,NA,NA,NA,NA
PCNJ1302,NA,NA,NA,NA,NA,NA,NA,NA,NA,NA,NA
VAGASOFU,NA,NA,NA,NA,NA,NA,NA,NA,NA,NA,NA
PAPABRAD,NA,NA,NA,NA,NA,NA,NA,NA,NA,NA,NA
VAPABRAD,NA,NA,NA,NA,NA,NA,NA,NA,NA,NA,NA
PTNJ0202,NA,NA,NA,NA,NA,NA,NA,NA,NA,NA,NA
PCNYLACK,NA,NA,NA,NA,NA,NA,NA,NA,NA,NA,NA
PTNJ0508,NA,NA,NA,NA,NA,NA,NA,NA,NA,NA,NA
PUNJ0508,NA,NA,NA,NA,NA,NA,NA,NA,NA,NA,NA
PTDEMVDE,NA,NA,NA,NA,NA,NA,NA,NA,NA,NA,NA
VTDEMVDE,NA,NA,NA,NA,NA,NA,NA,NA,NA,NA,NA
PADEMVDE,NA,NA,NA,NA,NA,NA,NA,NA,NA,NA,NA
VADEMVDE,NA,NA,NA,NA,NA,NA,NA,NA,NA,NA,NA
PFNJ1219,NA,NA,NA,NA,NA,NA,NA,NA,NA,NA,NA
PUDEMILT,NA,NA,NA,NA,NA,NA,NA,NA,NA,NA,NA
PADEMILT,NA,NA,NA,NA,NA,NA,NA,NA,NA,NA,NA
VADEMILT,NA,NA,NA,NA,NA,NA,NA,NA,NA,NA,NA
VUDEMILT,NA,NA,NA,NA,NA,NA,NA,NA,NA,NA,NA
PTDEMILT,NA,NA,NA,NA,NA,NA,NA,NA,NA,NA,NA
VTDEMILT,NA,NA,NA,NA,NA,NA,NA,NA,NA,NA,NA
PUNYTOGN,NA,NA,NA,NA,NA,NA,NA,NA,NA,NA,NA
PUNYGROT,NA,NA,NA,NA,NA,NA,NA,NA,NA,NA,NA
PASCBELT,NA,NA,NA,NA,NA,NA,NA,NA,NA,NA,NA
VMNJ0610,NA,NA,NA,NA,NA,NA,NA,NA,NA,NA,NA
VTNJ0610,NA,NA,NA,NA,NA,NA,NA,NA,NA,NA,NA
VUNJ0610,NA,NA,NA,NA,NA,NA,NA,NA,NA,NA,NA
PTNYIRVI,NA,NA,NA,NA,NA,NA,NA,NA,NA,NA,NA
PTNJ0237,NA,NA,NA,NA,NA,NA,NA,NA,NA,NA,NA
PUNJ0237,NA,NA,NA,NA,NA,NA,NA,NA,NA,NA,NA
PTNJ1815,NA,NA,NA,NA,NA,NA,NA,NA,NA,NA,NA
PUNJ1815,NA,NA,NA,NA,NA,NA,NA,NA,NA,NA,NA
PTNJ1114,NA,NA,NA,NA,NA,NA,NA,NA,NA,NA,NA
PUNJ1114,NA,NA,NA,NA,NA,NA,NA,NA,NA,NA,NA
PUNYWHEA,NA,NA,NA,NA,NA,NA,NA,NA,NA,NA,NA
VUNYWHEA,NA,NA,NA,NA,NA,NA,NA,NA,NA,NA,NA
PUNJ0420,NA,NA,NA,NA,NA,NA,NA,NA,NA,NA,NA
VUMDNETN,NA,NA,NA,NA,NA,NA,NA,NA,NA,NA,NA
PUMDNETN,NA,NA,NA,NA,NA,NA,NA,NA,NA,NA,NA
VMMDNETN,NA,NA,NA,NA,NA,NA,NA,NA,NA,NA,NA
PANJ0112,NA,NA,NA,NA,NA,NA,NA,NA,NA,NA,NA
PCNJ0112,NA,NA,NA,NA,NA,NA,NA,NA,NA,NA,NA
VTNYPOUG,NA,NA,NA,NA,NA,NA,NA,NA,NA,NA,NA
PTNYPOUG,NA,NA,NA,NA,NA,NA,NA,NA,NA,NA,NA
PCNJ2001,NA,NA,NA,NA,NA,NA,NA,NA,NA,NA,NA
PTNJ1430,NA,NA,NA,NA,NA,NA,NA,NA,NA,NA,NA
PTNJ1411,NA,NA,NA,NA,NA,NA,NA,NA,NA,NA,NA
PSNJ1411,NA,NA,NA,NA,NA,NA,NA,NA,NA,NA,NA
PUNJ1411,NA,NA,NA,NA,NA,NA,NA,NA,NA,NA,NA
PCNJ0319,NA,NA,NA,NA,NA,NA,NA,NA,NA,NA,NA
PTNJ1433,NA,NA,NA,NA,NA,NA,NA,NA,NA,NA,NA
PCNJ1433,NA,NA,NA,NA,NA,NA,NA,NA,NA,NA,NA
VTNJ0324,NA,NA,NA,NA,NA,NA,NA,NA,NA,NA,NA
VMNJ0324,NA,NA,NA,NA,NA,NA,NA,NA,NA,NA,NA
VANJ0610,NA,NA,NA,NA,NA,NA,NA,NA,NA,NA,NA
PUNYRDLV,NA,NA,NA,NA,NA,NA,NA,NA,NA,NA,NA
PANCMARI,NA,NA,NA,NA,NA,NA,NA,NA,NA,NA,NA
PTNCMARI,NA,NA,NA,NA,NA,NA,NA,NA,NA,NA,NA
PUNJ0229,NA,NA,NA,NA,NA,NA,NA,NA,NA,NA,NA
PTNJ0229,NA,NA,NA,NA,NA,NA,NA,NA,NA,NA,NA
PTNJ1818,NA,NA,NA,NA,NA,NA,NA,NA,NA,NA,NA
PAKYCRHI,NA,NA,NA,NA,NA,NA,NA,NA,NA,NA,NA
PTKYCRHI,NA,NA,NA,NA,NA,NA,NA,NA,NA,NA,NA
PTNJ1024,NA,NA,NA,NA,NA,NA,NA,NA,NA,NA,NA
PSNJ1024,NA,NA,NA,NA,NA,NA,NA,NA,NA,NA,NA
PUNJ1024,NA,NA,NA,NA,NA,NA,NA,NA,NA,NA,NA
PPNJ1320,NA,NA,NA,NA,NA,NA,NA,NA,NA,NA,NA
PCNJ0407,NA,NA,NA,NA,NA,NA,NA,NA,NA,NA,NA
PANCWEDD,NA,NA,NA,NA,NA,NA,NA,NA,NA,NA,NA
PTNCWEDD,NA,NA,NA,NA,NA,NA,NA,NA,NA,NA,NA
VANCWEDD,NA,NA,NA,NA,NA,NA,NA,NA,NA,NA,NA
VTNCWEDD,NA,NA,NA,NA,NA,NA,NA,NA,NA,NA,NA
VMNCWEDD,NA,NA,NA,NA,NA,NA,NA,NA,NA,NA,NA
PAPACONS,NA,NA,NA,NA,NA,NA,NA,NA,NA,NA,NA
PCPACONS,NA,NA,NA,NA,NA,NA,NA,NA,NA,NA,NA
PUFLDUND,NA,NA,NA,NA,NA,NA,NA,NA,NA,NA,NA
PUNJ1421,NA,NA,NA,NA,NA,NA,NA,NA,NA,NA,NA
PUNJ0806,NA,NA,NA,NA,NA,NA,NA,NA,NA,NA,NA
PTNYWPFV,NA,NA,NA,NA,NA,NA,NA,NA,NA,NA,NA
PWNYWPFV,NA,NA,NA,NA,NA,NA,NA,NA,NA,NA,NA
PSNYWPFV,NA,NA,NA,NA,NA,NA,NA,NA,NA,NA,NA
PUNYWPFV,NA,NA,NA,NA,NA,NA,NA,NA,NA,NA,NA
PUNYHIGH,NA,NA,NA,NA,NA,NA,NA,NA,NA,NA,NA
PSNYHIGH,NA,NA,NA,NA,NA,NA,NA,NA,NA,NA,NA
PWNYHIGH,NA,NA,NA,NA,NA,NA,NA,NA,NA,NA,NA
PUGAPORT,NA,NA,NA,NA,NA,NA,NA,NA,NA,NA,NA
PAGAPORT,NA,NA,NA,NA,NA,NA,NA,NA,NA,NA,NA
PUGACRSP,NA,NA,NA,NA,NA,NA,NA,NA,NA,NA,NA
PAGACRSP,NA,NA,NA,NA,NA,NA,NA,NA,NA,NA,NA
PUNJ1102,NA,NA,NA,NA,NA,NA,NA,NA,NA,NA,NA
PTNJ1102,NA,NA,NA,NA,NA,NA,NA,NA,NA,NA,NA
PAPAEGOS,NA,NA,NA,NA,NA,NA,NA,NA,NA,NA,NA
PUPAEGOS,NA,NA,NA,NA,NA,NA,NA,NA,NA,NA,NA
PUMDGRET,NA,NA,NA,NA,NA,NA,NA,NA,NA,NA,NA
PUMDGREN,NA,NA,NA,NA,NA,NA,NA,NA,NA,NA,NA
PUNYBLAK,NA,NA,NA,NA,NA,NA,NA,NA,NA,NA,NA
VAKYCRHI,NA,NA,NA,NA,NA,NA,NA,NA,NA,NA,NA
VMKYCRHI,NA,NA,NA,NA,NA,NA,NA,NA,NA,NA,NA
VTKYCRHI,NA,NA,NA,NA,NA,NA,NA,NA,NA,NA,NA
VANCMARI,NA,NA,NA,NA,NA,NA,NA,NA,NA,NA,NA
VMNCMARI,NA,NA,NA,NA,NA,NA,NA,NA,NA,NA,NA
VTNCMARI,NA,NA,NA,NA,NA,NA,NA,NA,NA,NA,NA
PUNJ1504,NA,NA,NA,NA,NA,NA,NA,NA,NA,NA,NA
PTNJ1504,NA,NA,NA,NA,NA,NA,NA,NA,NA,NA,NA
PUNYORLT,NA,NA,NA,NA,NA,NA,NA,NA,NA,NA,NA
PCALCALE,NA,NA,NA,NA,NA,NA,NA,NA,NA,NA,NA
PAALCALE,NA,NA,NA,NA,NA,NA,NA,NA,NA,NA,NA
PCKYCRHI,NA,NA,NA,NA,NA,NA,NA,NA,NA,NA,NA
PAGAACWR,NA,NA,NA,NA,NA,NA,NA,NA,NA,NA,NA
PTKYPKIS,NA,NA,NA,NA,NA,NA,NA,NA,NA,NA,NA
PCNJ1515,NA,NA,NA,NA,NA,NA,NA,NA,NA,NA,NA
PCPAWASH,NA,NA,NA,NA,NA,NA,NA,NA,NA,NA,NA
PTPAWASH,NA,NA,NA,NA,NA,NA,NA,NA,NA,NA,NA
PUPAWASH,NA,NA,NA,NA,NA,NA,NA,NA,NA,NA,NA
PAPAWASH,NA,NA,NA,NA,NA,NA,NA,NA,NA,NA,NA
PTGAQUIT,NA,NA,NA,NA,NA,NA,NA,NA,NA,NA,NA
PUGAQUIT,NA,NA,NA,NA,NA,NA,NA,NA,NA,NA,NA
PUNCBRWS,NA,NA,NA,NA,NA,NA,NA,NA,NA,NA,NA
VTGAACWR,NA,NA,NA,NA,NA,NA,NA,NA,NA,NA,NA
VAGAACWR,NA,NA,NA,NA,NA,NA,NA,NA,NA,NA,NA
VUGAACWR,NA,NA,NA,NA,NA,NA,NA,NA,NA,NA,NA
VMGAACWR,NA,NA,NA,NA,NA,NA,NA,NA,NA,NA,NA
PTPACHST,NA,NA,NA,NA,NA,NA,NA,NA,NA,NA,NA
PUGACOME,NA,NA,NA,NA,NA,NA,NA,NA,NA,NA,NA
PTNYUNYK,NA,NA,NA,NA,NA,NA,NA,NA,NA,NA,NA
PCNJ1216,NA,NA,NA,NA,NA,NA,NA,NA,NA,NA,NA
VAGAALMA,NA,NA,NA,NA,NA,NA,NA,NA,NA,NA,NA
VTNJ1504,NA,NA,NA,NA,NA,NA,NA,NA,NA,NA,NA
VUNJ1504,NA,NA,NA,NA,NA,NA,NA,NA,NA,NA,NA
PTNJ0239,NA,NA,NA,NA,NA,NA,NA,NA,NA,NA,NA
VUFLDUND,NA,NA,NA,NA,NA,NA,NA,NA,NA,NA,NA
VMFLDUND,NA,NA,NA,NA,NA,NA,NA,NA,NA,NA,NA
PTNJ1326,NA,NA,NA,NA,NA,NA,NA,NA,NA,NA,NA
PUNJ1111,NA,NA,NA,NA,NA,NA,NA,NA,NA,NA,NA
VUNJ1111,NA,NA,NA,NA,NA,NA,NA,NA,NA,NA,NA
PUNJHMUA,NA,NA,NA,NA,NA,NA,NA,NA,NA,NA,NA
PTNJ2117,NA,NA,NA,NA,NA,NA,NA,NA,NA,NA,NA
PUNJ2117,NA,NA,NA,NA,NA,NA,NA,NA,NA,NA,NA
PTLAOAKD,NA,NA,NA,NA,NA,NA,NA,NA,NA,NA,NA
PULAOAKD,NA,NA,NA,NA,NA,NA,NA,NA,NA,NA,NA
VMLAOAKD,NA,NA,NA,NA,NA,NA,NA,NA,NA,NA,NA
VTLAOAKD,NA,NA,NA,NA,NA,NA,NA,NA,NA,NA,NA
VULAOAKD,NA,NA,NA,NA,NA,NA,NA,NA,NA,NA,NA
PTNJ1306,NA,NA,NA,NA,NA,NA,NA,NA,NA,NA,NA
PUNJ1306,NA,NA,NA,NA,NA,NA,NA,NA,NA,NA,NA
VAFLDUND,NA,NA,NA,NA,NA,NA,NA,NA,NA,NA,NA
VAPAUMTA,NA,NA,NA,NA,NA,NA,NA,NA,NA,NA,NA
VMPAUMTA,NA,NA,NA,NA,NA,NA,NA,NA,NA,NA,NA
PTNJ1341,NA,NA,NA,NA,NA,NA,NA,NA,NA,NA,NA
PUNJ1341,NA,NA,NA,NA,NA,NA,NA,NA,NA,NA,NA
PTNJ1332,NA,NA,NA,NA,NA,NA,NA,NA,NA,NA,NA
VMALMLTN,NA,NA,NA,NA,NA,NA,NA,NA,NA,NA,NA
VUALMLTN,NA,NA,NA,NA,NA,NA,NA,NA,NA,NA,NA
VAALMLTN,NA,NA,NA,NA,NA,NA,NA,NA,NA,NA,NA
PCALMLTN,NA,NA,NA,NA,NA,NA,NA,NA,NA,NA,NA
PUALMLTN,NA,NA,NA,NA,NA,NA,NA,NA,NA,NA,NA
PAALMLTN,NA,NA,NA,NA,NA,NA,NA,NA,NA,NA,NA
PTNJ1902,NA,NA,NA,NA,NA,NA,NA,NA,NA,NA,NA
PTVACLRK,NA,NA,NA,NA,NA,NA,NA,NA,NA,NA,NA
PAVACLRK,NA,NA,NA,NA,NA,NA,NA,NA,NA,NA,NA
PUVACLRK,NA,NA,NA,NA,NA,NA,NA,NA,NA,NA,NA
PUNYMONY,NA,NA,NA,NA,NA,NA,NA,NA,NA,NA,NA
PUNJWTMU,NA,NA,NA,NA,NA,NA,NA,NA,NA,NA,NA
PTGACLAC,NA,NA,NA,NA,NA,NA,NA,NA,NA,NA,NA
PUGACLAC,NA,NA,NA,NA,NA,NA,NA,NA,NA,NA,NA
VTGACLAC,NA,NA,NA,NA,NA,NA,NA,NA,NA,NA,NA
VUGACLAC,NA,NA,NA,NA,NA,NA,NA,NA,NA,NA,NA
VMGACLAC,NA,NA,NA,NA,NA,NA,NA,NA,NA,NA,NA
PSNJ0706,NA,NA,NA,NA,NA,NA,NA,NA,NA,NA,NA
PTNJ0706,NA,NA,NA,NA,NA,NA,NA,NA,NA,NA,NA
PUNJ0706,NA,NA,NA,NA,NA,NA,NA,NA,NA,NA,NA
VMGACOME,NA,NA,NA,NA,NA,NA,NA,NA,NA,NA,NA
VUGACOME,NA,NA,NA,NA,NA,NA,NA,NA,NA,NA,NA
PULADERI,NA,NA,NA,NA,NA,NA,NA,NA,NA,NA,NA
PSNJ1611,NA,NA,NA,NA,NA,NA,NA,NA,NA,NA,NA
VTDEOCVW,NA,NA,NA,NA,NA,NA,NA,NA,NA,NA,NA
VADEOCVW,NA,NA,NA,NA,NA,NA,NA,NA,NA,NA,NA
VMDEOCVW,NA,NA,NA,NA,NA,NA,NA,NA,NA,NA,NA
PADEOCVW,NA,NA,NA,NA,NA,NA,NA,NA,NA,NA,NA
PUGACOOL,NA,NA,NA,NA,NA,NA,NA,NA,NA,NA,NA
PUMDINHE,NA,NA,NA,NA,NA,NA,NA,NA,NA,NA,NA
VAGACRSP,NA,NA,NA,NA,NA,NA,NA,NA,NA,NA,NA
PUVAABIN,NA,NA,NA,NA,NA,NA,NA,NA,NA,NA,NA
PTVAABIN,NA,NA,NA,NA,NA,NA,NA,NA,NA,NA,NA
PAKYJFSC,NA,NA,NA,NA,NA,NA,NA,NA,NA,NA,NA
POKYJFSC,NA,NA,NA,NA,NA,NA,NA,NA,NA,NA,NA
PTKYJFSC,NA,NA,NA,NA,NA,NA,NA,NA,NA,NA,NA
PCNJ0412,NA,NA,NA,NA,NA,NA,NA,NA,NA,NA,NA
VANJ0112,NA,NA,NA,NA,NA,NA,NA,NA,NA,NA,NA
VSNJ0228,NA,NA,NA,NA,NA,NA,NA,NA,NA,NA,NA
VUNJ0228,NA,NA,NA,NA,NA,NA,NA,NA,NA,NA,NA
PUNJ0228,NA,NA,NA,NA,NA,NA,NA,NA,NA,NA,NA
PSNJ0228,NA,NA,NA,NA,NA,NA,NA,NA,NA,NA,NA
PUPASELI,NA,NA,NA,NA,NA,NA,NA,NA,NA,NA,NA
PUKYPIKE,NA,NA,NA,NA,NA,NA,NA,NA,NA,NA,NA
VMKYPIKE,NA,NA,NA,NA,NA,NA,NA,NA,NA,NA,NA
VUKYPIKE,NA,NA,NA,NA,NA,NA,NA,NA,NA,NA,NA
VMNJ1102,NA,NA,NA,NA,NA,NA,NA,NA,NA,NA,NA
VTNJ1102,NA,NA,NA,NA,NA,NA,NA,NA,NA,NA,NA
VUNJ1102,NA,NA,NA,NA,NA,NA,NA,NA,NA,NA,NA
VMPAPLUM,NA,NA,NA,NA,NA,NA,NA,NA,NA,NA,NA
PTPAPLUM,NA,NA,NA,NA,NA,NA,NA,NA,NA,NA,NA
PUNJPTMA,NA,NA,NA,NA,NA,NA,NA,NA,NA,NA,NA
VTPAPLUM,NA,NA,NA,NA,NA,NA,NA,NA,NA,NA,NA
PTNYAMIT,NA,NA,NA,NA,NA,NA,NA,NA,NA,NA,NA
VMNYAMIT,NA,NA,NA,NA,NA,NA,NA,NA,NA,NA,NA
VTNYAMIT,NA,NA,NA,NA,NA,NA,NA,NA,NA,NA,NA
PSNJ0226,NA,NA,NA,NA,NA,NA,NA,NA,NA,NA,NA
PBNJ0226,NA,NA,NA,NA,NA,NA,NA,NA,NA,NA,NA
PCNJ0226,NA,NA,NA,NA,NA,NA,NA,NA,NA,NA,NA
PTNJ0110,NA,NA,NA,NA,NA,NA,NA,NA,NA,NA,NA
PANCGRAM,NA,NA,NA,NA,NA,NA,NA,NA,NA,NA,NA
PTNCGRAM,NA,NA,NA,NA,NA,NA,NA,NA,NA,NA,NA
PAALSPRG,NA,NA,NA,NA,NA,NA,NA,NA,NA,NA,NA
PTNJ2101,NA,NA,NA,NA,NA,NA,NA,NA,NA,NA,NA
VANJ0427,NA,NA,NA,NA,NA,NA,NA,NA,NA,NA,NA
PANJ0427,NA,NA,NA,NA,NA,NA,NA,NA,NA,NA,NA
PCNJ0427,NA,NA,NA,NA,NA,NA,NA,NA,NA,NA,NA
PCMDNETN,NA,NA,NA,NA,NA,NA,NA,NA,NA,NA,NA
PUNJ0269,NA,NA,NA,NA,NA,NA,NA,NA,NA,NA,NA
PUNJ1419,NA,NA,NA,NA,NA,NA,NA,NA,NA,NA,NA
PTNJ1419,NA,NA,NA,NA,NA,NA,NA,NA,NA,NA,NA
PTNJ0710,NA,NA,NA,NA,NA,NA,NA,NA,NA,NA,NA
PUNJ0710,NA,NA,NA,NA,NA,NA,NA,NA,NA,NA,NA
VTNJ0710,NA,NA,NA,NA,NA,NA,NA,NA,NA,NA,NA
VUNJ0710,NA,NA,NA,NA,NA,NA,NA,NA,NA,NA,NA
VMNJ0710,NA,NA,NA,NA,NA,NA,NA,NA,NA,NA,NA
PUPAFORK,NA,NA,NA,NA,NA,NA,NA,NA,NA,NA,NA
VMNJ0421,NA,NA,NA,NA,NA,NA,NA,NA,NA,NA,NA
VUNJ0421,NA,NA,NA,NA,NA,NA,NA,NA,NA,NA,NA
PUNJ0421,NA,NA,NA,NA,NA,NA,NA,NA,NA,NA,NA
PUNYCHAZ,NA,NA,NA,NA,NA,NA,NA,NA,NA,NA,NA
VAGAWYNS,NA,NA,NA,NA,NA,NA,NA,NA,NA,NA,NA
VMGAWYNS,NA,NA,NA,NA,NA,NA,NA,NA,NA,NA,NA
VUGAWYNS,NA,NA,NA,NA,NA,NA,NA,NA,NA,NA,NA
VTGAWYNS,NA,NA,NA,NA,NA,NA,NA,NA,NA,NA,NA
PCNJ0808,NA,NA,NA,NA,NA,NA,NA,NA,NA,NA,NA
PUVAPEAR,NA,NA,NA,NA,NA,NA,NA,NA,NA,NA,NA
PTVAPEAR,NA,NA,NA,NA,NA,NA,NA,NA,NA,NA,NA
PUNJ1013,NA,NA,NA,NA,NA,NA,NA,NA,NA,NA,NA
PTNJ1013,NA,NA,NA,NA,NA,NA,NA,NA,NA,NA,NA
VMGACRSP,NA,NA,NA,NA,NA,NA,NA,NA,NA,NA,NA
VUGACRSP,NA,NA,NA,NA,NA,NA,NA,NA,NA,NA,NA
PAVAPEAR,NA,NA,NA,NA,NA,NA,NA,NA,NA,NA,NA
PAKYOAKG,NA,NA,NA,NA,NA,NA,NA,NA,NA,NA,NA
PCKYOAKG,NA,NA,NA,NA,NA,NA,NA,NA,NA,NA,NA
PTNJ0106,NA,NA,NA,NA,NA,NA,NA,NA,NA,NA,NA
PUTXZAPA,NA,NA,NA,NA,NA,NA,NA,NA,NA,NA,NA
PAGAFITZ,NA,NA,NA,NA,NA,NA,NA,NA,NA,NA,NA
PUFLLOXA,NA,NA,NA,NA,NA,NA,NA,NA,NA,NA,NA
VMFLLOXA,NA,NA,NA,NA,NA,NA,NA,NA,NA,NA,NA
VUFLLOXA,NA,NA,NA,NA,NA,NA,NA,NA,NA,NA,NA
VMLADERI,NA,NA,NA,NA,NA,NA,NA,NA,NA,NA,NA
VULADERI,NA,NA,NA,NA,NA,NA,NA,NA,NA,NA,NA
PTDEWYMT,NA,NA,NA,NA,NA,NA,NA,NA,NA,NA,NA
PANCRVER,NA,NA,NA,NA,NA,NA,NA,NA,NA,NA,NA
PUNCRVER,NA,NA,NA,NA,NA,NA,NA,NA,NA,NA,NA
PADE25,NA,NA,NA,NA,NA,NA,NA,NA,NA,NA,NA
PUNJEMUA,NA,NA,NA,NA,NA,NA,NA,NA,NA,NA,NA
VTNJ1114,NA,NA,NA,NA,NA,NA,NA,NA,NA,NA,NA
VUNJ1114,NA,NA,NA,NA,NA,NA,NA,NA,NA,NA,NA
VMNJ1114,NA,NA,NA,NA,NA,NA,NA,NA,NA,NA,NA
VMNJ1803,NA,NA,NA,NA,NA,NA,NA,NA,NA,NA,NA
VUNJ1803,NA,NA,NA,NA,NA,NA,NA,NA,NA,NA,NA
VTNJ1803,NA,NA,NA,NA,NA,NA,NA,NA,NA,NA,NA
PANJ1216,NA,NA,NA,NA,NA,NA,NA,NA,NA,NA,NA
VMPACHST,NA,NA,NA,NA,NA,NA,NA,NA,NA,NA,NA
VTPACHST,NA,NA,NA,NA,NA,NA,NA,NA,NA,NA,NA
PUNYGPTN,NA,NA,NA,NA,NA,NA,NA,NA,NA,NA,NA
PALASTLP,NA,NA,NA,NA,NA,NA,NA,NA,NA,NA,NA
PULASTLP,NA,NA,NA,NA,NA,NA,NA,NA,NA,NA,NA
PUNYWAWA,NA,NA,NA,NA,NA,NA,NA,NA,NA,NA,NA
VADE25,NA,NA,NA,NA,NA,NA,NA,NA,NA,NA,NA
VMDE25,NA,NA,NA,NA,NA,NA,NA,NA,NA,NA,NA
VUDE25,NA,NA,NA,NA,NA,NA,NA,NA,NA,NA,NA
VTDE25,NA,NA,NA,NA,NA,NA,NA,NA,NA,NA,NA
VANJ0421,NA,NA,NA,NA,NA,NA,NA,NA,NA,NA,NA
VTNJ0421,NA,NA,NA,NA,NA,NA,NA,NA,NA,NA,NA
PANJ0421,NA,NA,NA,NA,NA,NA,NA,NA,NA,NA,NA
PTNJ0421,NA,NA,NA,NA,NA,NA,NA,NA,NA,NA,NA
VANJ1346,NA,NA,NA,NA,NA,NA,NA,NA,NA,NA,NA
PANJ1346,NA,NA,NA,NA,NA,NA,NA,NA,NA,NA,NA
VAALCALE,NA,NA,NA,NA,NA,NA,NA,NA,NA,NA,NA
VMALCALE,NA,NA,NA,NA,NA,NA,NA,NA,NA,NA,NA
PTNJ1423,NA,NA,NA,NA,NA,NA,NA,NA,NA,NA,NA
PASCLORI,NA,NA,NA,NA,NA,NA,NA,NA,NA,NA,NA
PGSCLORI,NA,NA,NA,NA,NA,NA,NA,NA,NA,NA,NA
PUSCLORI,NA,NA,NA,NA,NA,NA,NA,NA,NA,NA,NA
VASCLORI,NA,NA,NA,NA,NA,NA,NA,NA,NA,NA,NA
VGSCLORI,NA,NA,NA,NA,NA,NA,NA,NA,NA,NA,NA
VMSCLORI,NA,NA,NA,NA,NA,NA,NA,NA,NA,NA,NA
VUSCLORI,NA,NA,NA,NA,NA,NA,NA,NA,NA,NA,NA
PANCANSN,NA,NA,NA,NA,NA,NA,NA,NA,NA,NA,NA
PUNCANSN,NA,NA,NA,NA,NA,NA,NA,NA,NA,NA,NA
VMNCANSN,NA,NA,NA,NA,NA,NA,NA,NA,NA,NA,NA
VANCANSN,NA,NA,NA,NA,NA,NA,NA,NA,NA,NA,NA
VUNCANSN,NA,NA,NA,NA,NA,NA,NA,NA,NA,NA,NA
PTNJ1016,NA,NA,NA,NA,NA,NA,NA,NA,NA,NA,NA
VANCWEND,NA,NA,NA,NA,NA,NA,NA,NA,NA,NA,NA
PANCWEND,NA,NA,NA,NA,NA,NA,NA,NA,NA,NA,NA
PUNYWTRV,NA,NA,NA,NA,NA,NA,NA,NA,NA,NA,NA
PTNYWTRV,NA,NA,NA,NA,NA,NA,NA,NA,NA,NA,NA
PUNYROWD,NA,NA,NA,NA,NA,NA,NA,NA,NA,NA,NA
PCFLLABL,NA,NA,NA,NA,NA,NA,NA,NA,NA,NA,NA
PUNJ1434,NA,NA,NA,NA,NA,NA,NA,NA,NA,NA,NA
PTNJ1434,NA,NA,NA,NA,NA,NA,NA,NA,NA,NA,NA
PTPARIDL,NA,NA,NA,NA,NA,NA,NA,NA,NA,NA,NA
PCPARIDL,NA,NA,NA,NA,NA,NA,NA,NA,NA,NA,NA
VTPARIDL,NA,NA,NA,NA,NA,NA,NA,NA,NA,NA,NA
VMPARIDL,NA,NA,NA,NA,NA,NA,NA,NA,NA,NA,NA
PTNJ1305,NA,NA,NA,NA,NA,NA,NA,NA,NA,NA,NA
PUNJ1305,NA,NA,NA,NA,NA,NA,NA,NA,NA,NA,NA
VMNJ1305,NA,NA,NA,NA,NA,NA,NA,NA,NA,NA,NA
VTNJ1305,NA,NA,NA,NA,NA,NA,NA,NA,NA,NA,NA
VUNJ1305,NA,NA,NA,NA,NA,NA,NA,NA,NA,NA,NA
PUNYLERA,NA,NA,NA,NA,NA,NA,NA,NA,NA,NA,NA
VAMDDORC,NA,NA,NA,NA,NA,NA,NA,NA,NA,NA,NA
VMMDDORC,NA,NA,NA,NA,NA,NA,NA,NA,NA,NA,NA
VTMDDORC,NA,NA,NA,NA,NA,NA,NA,NA,NA,NA,NA
PUNCGRAM,NA,NA,NA,NA,NA,NA,NA,NA,NA,NA,NA
PUNCLASA,NA,NA,NA,NA,NA,NA,NA,NA,NA,NA,NA
PAGAMADI,NA,NA,NA,NA,NA,NA,NA,NA,NA,NA,NA
PCGAMADI,NA,NA,NA,NA,NA,NA,NA,NA,NA,NA,NA
VMGAMCIN,NA,NA,NA,NA,NA,NA,NA,NA,NA,NA,NA
VUGAMCIN,NA,NA,NA,NA,NA,NA,NA,NA,NA,NA,NA
VAKYSHEP,NA,NA,NA,NA,NA,NA,NA,NA,NA,NA,NA
PAKYSHEP,NA,NA,NA,NA,NA,NA,NA,NA,NA,NA,NA
PANJ0610,NA,NA,NA,NA,NA,NA,NA,NA,NA,NA,NA
VAFLLABL,NA,NA,NA,NA,NA,NA,NA,NA,NA,NA,NA
PAFLLABL,NA,NA,NA,NA,NA,NA,NA,NA,NA,NA,NA
PUPASTCS,NA,NA,NA,NA,NA,NA,NA,NA,NA,NA,NA
PUWVSTAR,NA,NA,NA,NA,NA,NA,NA,NA,NA,NA,NA
PCWVSTAR,NA,NA,NA,NA,NA,NA,NA,NA,NA,NA,NA
VMWVSTAR,NA,NA,NA,NA,NA,NA,NA,NA,NA,NA,NA
VUWVSTAR,NA,NA,NA,NA,NA,NA,NA,NA,NA,NA,NA
PAVACARR,NA,NA,NA,NA,NA,NA,NA,NA,NA,NA,NA
PUVACCPS,NA,NA,NA,NA,NA,NA,NA,NA,NA,NA,NA
PTVACARR,NA,NA,NA,NA,NA,NA,NA,NA,NA,NA,NA
VUVACCPS,NA,NA,NA,NA,NA,NA,NA,NA,NA,NA,NA
VTVACARR,NA,NA,NA,NA,NA,NA,NA,NA,NA,NA,NA
VAVACARR,NA,NA,NA,NA,NA,NA,NA,NA,NA,NA,NA
VMVACCPS,NA,NA,NA,NA,NA,NA,NA,NA,NA,NA,NA
PASCCAYC,NA,NA,NA,NA,NA,NA,NA,NA,NA,NA,NA
PTNJ0211,NA,NA,NA,NA,NA,NA,NA,NA,NA,NA,NA
PCPACAVB,NA,NA,NA,NA,NA,NA,NA,NA,NA,NA,NA
PUPACAVB,NA,NA,NA,NA,NA,NA,NA,NA,NA,NA,NA
VMNYBRNV,NA,NA,NA,NA,NA,NA,NA,NA,NA,NA,NA
VUNYBRNV,NA,NA,NA,NA,NA,NA,NA,NA,NA,NA,NA
PUNYBRNV,NA,NA,NA,NA,NA,NA,NA,NA,NA,NA,NA
VMNYTUPP,NA,NA,NA,NA,NA,NA,NA,NA,NA,NA,NA
VUNYTUPP,NA,NA,NA,NA,NA,NA,NA,NA,NA,NA,NA
PUNYTUPP,NA,NA,NA,NA,NA,NA,NA,NA,NA,NA,NA
VANCGRAM,NA,NA,NA,NA,NA,NA,NA,NA,NA,NA,NA
VTNCGRAM,NA,NA,NA,NA,NA,NA,NA,NA,NA,NA,NA
VUNCGRAM,NA,NA,NA,NA,NA,NA,NA,NA,NA,NA,NA
VMNCGRAM,NA,NA,NA,NA,NA,NA,NA,NA,NA,NA,NA
VTDEWYMT,NA,NA,NA,NA,NA,NA,NA,NA,NA,NA,NA
VMDEWYMT,NA,NA,NA,NA,NA,NA,NA,NA,NA,NA,NA
PTNJ0313,NA,NA,NA,NA,NA,NA,NA,NA,NA,NA,NA
PCNJ0819,NA,NA,NA,NA,NA,NA,NA,NA,NA,NA,NA
PTNJ0232,NA,NA,NA,NA,NA,NA,NA,NA,NA,NA,NA
PUNJ0232,NA,NA,NA,NA,NA,NA,NA,NA,NA,NA,NA
PUGAWHIG,NA,NA,NA,NA,NA,NA,NA,NA,NA,NA,NA
PTNYSIDN,NA,NA,NA,NA,NA,NA,NA,NA,NA,NA,NA
PUNYSIDN,NA,NA,NA,NA,NA,NA,NA,NA,NA,NA,NA
PUNJ1349,NA,NA,NA,NA,NA,NA,NA,NA,NA,NA,NA
PTNJ1349,NA,NA,NA,NA,NA,NA,NA,NA,NA,NA,NA
VAGAMCIN,NA,NA,NA,NA,NA,NA,NA,NA,NA,NA,NA
PAVAPUTN,NA,NA,NA,NA,NA,NA,NA,NA,NA,NA,NA
PTVAPUTN,NA,NA,NA,NA,NA,NA,NA,NA,NA,NA,NA
PUVAPUTN,NA,NA,NA,NA,NA,NA,NA,NA,NA,NA,NA
PCNCOAKI,NA,NA,NA,NA,NA,NA,NA,NA,NA,NA,NA
PTNCOAKI,NA,NA,NA,NA,NA,NA,NA,NA,NA,NA,NA
PUNCOAKI,NA,NA,NA,NA,NA,NA,NA,NA,NA,NA,NA
PANCOAKI,NA,NA,NA,NA,NA,NA,NA,NA,NA,NA,NA
PANYPATC,NA,NA,NA,NA,NA,NA,NA,NA,NA,NA,NA
VANYPATC,NA,NA,NA,NA,NA,NA,NA,NA,NA,NA,NA
VMNJ1517,NA,NA,NA,NA,NA,NA,NA,NA,NA,NA,NA
VTNJ1517,NA,NA,NA,NA,NA,NA,NA,NA,NA,NA,NA
PADE23,NA,NA,NA,NA,NA,NA,NA,NA,NA,NA,NA
VADE23,NA,NA,NA,NA,NA,NA,NA,NA,NA,NA,NA
PGNYMTSB,NA,NA,NA,NA,NA,NA,NA,NA,NA,NA,NA
PUNYMTSB,NA,NA,NA,NA,NA,NA,NA,NA,NA,NA,NA
PTNJ0503,NA,NA,NA,NA,NA,NA,NA,NA,NA,NA,NA
PUNJ0503,NA,NA,NA,NA,NA,NA,NA,NA,NA,NA,NA
VAVACLRK,NA,NA,NA,NA,NA,NA,NA,NA,NA,NA,NA
VTVACLRK,NA,NA,NA,NA,NA,NA,NA,NA,NA,NA,NA
VUVACLRK,NA,NA,NA,NA,NA,NA,NA,NA,NA,NA,NA
VMVACLRK,NA,NA,NA,NA,NA,NA,NA,NA,NA,NA,NA
PANJ1010,NA,NA,NA,NA,NA,NA,NA,NA,NA,NA,NA
PUPARTMA,NA,NA,NA,NA,NA,NA,NA,NA,NA,NA,NA
VMFLLGWD,NA,NA,NA,NA,NA,NA,NA,NA,NA,NA,NA
VUFLLGWD,NA,NA,NA,NA,NA,NA,NA,NA,NA,NA,NA
PMFLLGWD,NA,NA,NA,NA,NA,NA,NA,NA,NA,NA,NA
PUFLLGWD,NA,NA,NA,NA,NA,NA,NA,NA,NA,NA,NA
PUNYPOET,NA,NA,NA,NA,NA,NA,NA,NA,NA,NA,NA
PANJ1532,NA,NA,NA,NA,NA,NA,NA,NA,NA,NA,NA
PTNJ1532,NA,NA,NA,NA,NA,NA,NA,NA,NA,NA,NA
PUNJ1532,NA,NA,NA,NA,NA,NA,NA,NA,NA,NA,NA
PAMDGBLT,NA,NA,NA,NA,NA,NA,NA,NA,NA,NA,NA
PTMDGBLT,NA,NA,NA,NA,NA,NA,NA,NA,NA,NA,NA
VAMDGBLT,NA,NA,NA,NA,NA,NA,NA,NA,NA,NA,NA
VMMDGBLT,NA,NA,NA,NA,NA,NA,NA,NA,NA,NA,NA
VTMDGBLT,NA,NA,NA,NA,NA,NA,NA,NA,NA,NA,NA
PCLADERI,NA,NA,NA,NA,NA,NA,NA,NA,NA,NA,NA
PTNJ1513,NA,NA,NA,NA,NA,NA,NA,NA,NA,NA,NA
VMNJ1513,NA,NA,NA,NA,NA,NA,NA,NA,NA,NA,NA
VTNJ1513,NA,NA,NA,NA,NA,NA,NA,NA,NA,NA,NA
PUTXCSUD,NA,NA,NA,NA,NA,NA,NA,NA,NA,NA,NA
PUSCKERS,NA,NA,NA,NA,NA,NA,NA,NA,NA,NA,NA
PASCKERS,NA,NA,NA,NA,NA,NA,NA,NA,NA,NA,NA
VUSCKERS,NA,NA,NA,NA,NA,NA,NA,NA,NA,NA,NA
VASCKERS,NA,NA,NA,NA,NA,NA,NA,NA,NA,NA,NA
VMSCKERS,NA,NA,NA,NA,NA,NA,NA,NA,NA,NA,NA
PCLASTLP,NA,NA,NA,NA,NA,NA,NA,NA,NA,NA,NA
PUFLWILL,NA,NA,NA,NA,NA,NA,NA,NA,NA,NA,NA
PAFLWILL,NA,NA,NA,NA,NA,NA,NA,NA,NA,NA,NA
PAGABROK,NA,NA,NA,NA,NA,NA,NA,NA,NA,NA,NA
PCNJ0824,NA,NA,NA,NA,NA,NA,NA,NA,NA,NA,NA
PAFLIHBC,NA,NA,NA,NA,NA,NA,NA,NA,NA,NA,NA
PCFLIHBC,NA,NA,NA,NA,NA,NA,NA,NA,NA,NA,NA
PANJ0822,NA,NA,NA,NA,NA,NA,NA,NA,NA,NA,NA
PCNJ0822,NA,NA,NA,NA,NA,NA,NA,NA,NA,NA,NA
PDNJ0822,NA,NA,NA,NA,NA,NA,NA,NA,NA,NA,NA
PONJ0822,NA,NA,NA,NA,NA,NA,NA,NA,NA,NA,NA
VANJ0822,NA,NA,NA,NA,NA,NA,NA,NA,NA,NA,NA
VMNJ0822,NA,NA,NA,NA,NA,NA,NA,NA,NA,NA,NA
VDNJ0822,NA,NA,NA,NA,NA,NA,NA,NA,NA,NA,NA
VONJ0822,NA,NA,NA,NA,NA,NA,NA,NA,NA,NA,NA
VTNJ0822,NA,NA,NA,NA,NA,NA,NA,NA,NA,NA,NA
VUNJ0822,NA,NA,NA,NA,NA,NA,NA,NA,NA,NA,NA
PCFLLOXA,NA,NA,NA,NA,NA,NA,NA,NA,NA,NA,NA
PTNJ0325,NA,NA,NA,NA,NA,NA,NA,NA,NA,NA,NA
PUNCWCWC,NA,NA,NA,NA,NA,NA,NA,NA,NA,NA,NA
PCNJ1225,NA,NA,NA,NA,NA,NA,NA,NA,NA,NA,NA
VUNJ1407,NA,NA,NA,NA,NA,NA,NA,NA,NA,NA,NA
PUNJ1407,NA,NA,NA,NA,NA,NA,NA,NA,NA,NA,NA
PUGABWMN,NA,NA,NA,NA,NA,NA,NA,NA,NA,NA,NA
PUNJS132,NA,NA,NA,NA,NA,NA,NA,NA,NA,NA,NA
PCNJ1532,NA,NA,NA,NA,NA,NA,NA,NA,NA,NA,NA
PCNJ0706,NA,NA,NA,NA,NA,NA,NA,NA,NA,NA,NA
PUPASWAT,NA,NA,NA,NA,NA,NA,NA,NA,NA,NA,NA
PAGAMOUL,NA,NA,NA,NA,NA,NA,NA,NA,NA,NA,NA
PCGAMOUL,NA,NA,NA,NA,NA,NA,NA,NA,NA,NA,NA
VAGAMOUL,NA,NA,NA,NA,NA,NA,NA,NA,NA,NA,NA
VMGAMOUL,NA,NA,NA,NA,NA,NA,NA,NA,NA,NA,NA
PAPAJOHN,NA,NA,NA,NA,NA,NA,NA,NA,NA,NA,NA
PUNJHAMA,NA,NA,NA,NA,NA,NA,NA,NA,NA,NA,NA
PUGAHART,NA,NA,NA,NA,NA,NA,NA,NA,NA,NA,NA
PTGAHART,NA,NA,NA,NA,NA,NA,NA,NA,NA,NA,NA
PAGAHART,NA,NA,NA,NA,NA,NA,NA,NA,NA,NA,NA
PUTXLCWS,NA,NA,NA,NA,NA,NA,NA,NA,NA,NA,NA
VUTXLCWS,NA,NA,NA,NA,NA,NA,NA,NA,NA,NA,NA
VMTXLCWS,NA,NA,NA,NA,NA,NA,NA,NA,NA,NA,NA
PANJ1005,NA,NA,NA,NA,NA,NA,NA,NA,NA,NA,NA
PUTXCOTU,NA,NA,NA,NA,NA,NA,NA,NA,NA,NA,NA
VMTXCOTU,NA,NA,NA,NA,NA,NA,NA,NA,NA,NA,NA
VUTXCOTU,NA,NA,NA,NA,NA,NA,NA,NA,NA,NA,NA
PTNYFLOW,NA,NA,NA,NA,NA,NA,NA,NA,NA,NA,NA
VOLAOAKD,NA,NA,NA,NA,NA,NA,NA,NA,NA,NA,NA
VPLAOAKD,NA,NA,NA,NA,NA,NA,NA,NA,NA,NA,NA
VDLAOAKD,NA,NA,NA,NA,NA,NA,NA,NA,NA,NA,NA
VBLAOAKD,NA,NA,NA,NA,NA,NA,NA,NA,NA,NA,NA
VAGAHART,NA,NA,NA,NA,NA,NA,NA,NA,NA,NA,NA
VTGAHART,NA,NA,NA,NA,NA,NA,NA,NA,NA,NA,NA
VUGAHART,NA,NA,NA,NA,NA,NA,NA,NA,NA,NA,NA
VMGAHART,NA,NA,NA,NA,NA,NA,NA,NA,NA,NA,NA
VADE335,NA,NA,NA,NA,NA,NA,NA,NA,NA,NA,NA
VTDE335,NA,NA,NA,NA,NA,NA,NA,NA,NA,NA,NA
VMDE335,NA,NA,NA,NA,NA,NA,NA,NA,NA,NA,NA
VTNYWTRV,NA,NA,NA,NA,NA,NA,NA,NA,NA,NA,NA
VUNYWTRV,NA,NA,NA,NA,NA,NA,NA,NA,NA,NA,NA
VMNYWTRV,NA,NA,NA,NA,NA,NA,NA,NA,NA,NA,NA
PUNJ0318,NA,NA,NA,NA,NA,NA,NA,NA,NA,NA,NA
VUNJ0318,NA,NA,NA,NA,NA,NA,NA,NA,NA,NA,NA
PCSCPTRT,NA,NA,NA,NA,NA,NA,NA,NA,NA,NA,NA
PWNYBRNV,NA,NA,NA,NA,NA,NA,NA,NA,NA,NA,NA
VWNYBRNV,NA,NA,NA,NA,NA,NA,NA,NA,NA,NA,NA
PUFLETON,NA,NA,NA,NA,NA,NA,NA,NA,NA,NA,NA
VUFLEATT,NA,NA,NA,NA,NA,NA,NA,NA,NA,NA,NA
VMFLEATT,NA,NA,NA,NA,NA,NA,NA,NA,NA,NA,NA
PTNJ1703,NA,NA,NA,NA,NA,NA,NA,NA,NA,NA,NA
PUNJ1703,NA,NA,NA,NA,NA,NA,NA,NA,NA,NA,NA
PTNYPNYN,NA,NA,NA,NA,NA,NA,NA,NA,NA,NA,NA
PAGAMCIN,NA,NA,NA,NA,NA,NA,NA,NA,NA,NA,NA
VUPACAVB,NA,NA,NA,NA,NA,NA,NA,NA,NA,NA,NA
PTNJ0339,NA,NA,NA,NA,NA,NA,NA,NA,NA,NA,NA
VTNJ0339,NA,NA,NA,NA,NA,NA,NA,NA,NA,NA,NA
VMNJ0339,NA,NA,NA,NA,NA,NA,NA,NA,NA,NA,NA
PALADSPP,NA,NA,NA,NA,NA,NA,NA,NA,NA,NA,NA
PCLADSPP,NA,NA,NA,NA,NA,NA,NA,NA,NA,NA,NA
VMPACAVB,NA,NA,NA,NA,NA,NA,NA,NA,NA,NA,NA
PTNJ1009,NA,NA,NA,NA,NA,NA,NA,NA,NA,NA,NA
VMNYWALD,NA,NA,NA,NA,NA,NA,NA,NA,NA,NA,NA
VUNYWALD,NA,NA,NA,NA,NA,NA,NA,NA,NA,NA,NA
PTNJ0414,NA,NA,NA,NA,NA,NA,NA,NA,NA,NA,NA
PUNJ0414,NA,NA,NA,NA,NA,NA,NA,NA,NA,NA,NA
PUNJ0260,NA,NA,NA,NA,NA,NA,NA,NA,NA,NA,NA
VMNYSIDN,NA,NA,NA,NA,NA,NA,NA,NA,NA,NA,NA
VTNYSIDN,NA,NA,NA,NA,NA,NA,NA,NA,NA,NA,NA
VUNYSIDN,NA,NA,NA,NA,NA,NA,NA,NA,NA,NA,NA
PWNJ1005.old,NA,NA,NA,NA,NA,NA,NA,NA,NA,NA,NA
VTNJ0713,NA,NA,NA,NA,NA,NA,NA,NA,NA,NA,NA
VUNJ0713,NA,NA,NA,NA,NA,NA,NA,NA,NA,NA,NA
VSNJ0713,NA,NA,NA,NA,NA,NA,NA,NA,NA,NA,NA
VPNJ0713,NA,NA,NA,NA,NA,NA,NA,NA,NA,NA,NA
VMNJ0713,NA,NA,NA,NA,NA,NA,NA,NA,NA,NA,NA
PUSCBRWC,NA,NA,NA,NA,NA,NA,NA,NA,NA,NA,NA
PCNJ0327,NA,NA,NA,NA,NA,NA,NA,NA,NA,NA,NA
PAMDELKT,NA,NA,NA,NA,NA,NA,NA,NA,NA,NA,NA
PTMDELKT,NA,NA,NA,NA,NA,NA,NA,NA,NA,NA,NA
PUMDELKT,NA,NA,NA,NA,NA,NA,NA,NA,NA,NA,NA
PWNJ1005,NA,NA,NA,NA,NA,NA,NA,NA,NA,NA,NA
VUPASWAT,NA,NA,NA,NA,NA,NA,NA,NA,NA,NA,NA
VMPASWAT,NA,NA,NA,NA,NA,NA,NA,NA,NA,NA,NA
PTNJ1004,NA,NA,NA,NA,NA,NA,NA,NA,NA,NA,NA
VMNJ0318,NA,NA,NA,NA,NA,NA,NA,NA,NA,NA,NA
PCNJ0318,NA,NA,NA,NA,NA,NA,NA,NA,NA,NA,NA
PUNCLONG,NA,NA,NA,NA,NA,NA,NA,NA,NA,NA,NA
PUNYNSCT,NA,NA,NA,NA,NA,NA,NA,NA,NA,NA,NA
PAFLARCC,NA,NA,NA,NA,NA,NA,NA,NA,NA,NA,NA
PUFLARCC,NA,NA,NA,NA,NA,NA,NA,NA,NA,NA,NA
VAFLARCC,NA,NA,NA,NA,NA,NA,NA,NA,NA,NA,NA
VUFLARCC,NA,NA,NA,NA,NA,NA,NA,NA,NA,NA,NA
VMFLARCC,NA,NA,NA,NA,NA,NA,NA,NA,NA,NA,NA
PAFLGBOC,NA,NA,NA,NA,NA,NA,NA,NA,NA,NA,NA
VAFLGCCC,NA,NA,NA,NA,NA,NA,NA,NA,NA,NA,NA
VMFLGCCC,NA,NA,NA,NA,NA,NA,NA,NA,NA,NA,NA
PUNYMTMT,NA,NA,NA,NA,NA,NA,NA,NA,NA,NA,NA
VTNJ0811,NA,NA,NA,NA,NA,NA,NA,NA,NA,NA,NA
VMNJ0811,NA,NA,NA,NA,NA,NA,NA,NA,NA,NA,NA
VANJ1216,NA,NA,NA,NA,NA,NA,NA,NA,NA,NA,NA
VMNJ1216,NA,NA,NA,NA,NA,NA,NA,NA,NA,NA,NA
VUNJ1216,NA,NA,NA,NA,NA,NA,NA,NA,NA,NA,NA
VTNJ1216,NA,NA,NA,NA,NA,NA,NA,NA,NA,NA,NA
PUNYBWNV,NA,NA,NA,NA,NA,NA,NA,NA,NA,NA,NA
PTNJ1920,NA,NA,NA,NA,NA,NA,NA,NA,NA,NA,NA
VUGABWMN,NA,NA,NA,NA,NA,NA,NA,NA,NA,NA,NA
VMGABWMN,NA,NA,NA,NA,NA,NA,NA,NA,NA,NA,NA
PUMDSTMT,NA,NA,NA,NA,NA,NA,NA,NA,NA,NA,NA
PTDECAMD,NA,NA,NA,NA,NA,NA,NA,NA,NA,NA,NA
PUTXJWSU,NA,NA,NA,NA,NA,NA,NA,NA,NA,NA,NA
PTNJ0437,NA,NA,NA,NA,NA,NA,NA,NA,NA,NA,NA
PCNJPINE,NA,NA,NA,NA,NA,NA,NA,NA,NA,NA,NA
PULAMNUI,NA,NA,NA,NA,NA,NA,NA,NA,NA,NA,NA
PTNYLKGV,NA,NA,NA,NA,NA,NA,NA,NA,NA,NA,NA
VTNYLKGV,NA,NA,NA,NA,NA,NA,NA,NA,NA,NA,NA
VMNYLKGV,NA,NA,NA,NA,NA,NA,NA,NA,NA,NA,NA
VAFLIHBC,NA,NA,NA,NA,NA,NA,NA,NA,NA,NA,NA
VMFLIHBC,NA,NA,NA,NA,NA,NA,NA,NA,NA,NA,NA
VAMDNETN,NA,NA,NA,NA,NA,NA,NA,NA,NA,NA,NA
PAMDNETN,NA,NA,NA,NA,NA,NA,NA,NA,NA,NA,NA
PTNJ1819,NA,NA,NA,NA,NA,NA,NA,NA,NA,NA,NA
PUNJ1819,NA,NA,NA,NA,NA,NA,NA,NA,NA,NA,NA
PUNJ1425,NA,NA,NA,NA,NA,NA,NA,NA,NA,NA,NA
PTNJ1425,NA,NA,NA,NA,NA,NA,NA,NA,NA,NA,NA
PULAAPWD,NA,NA,NA,NA,NA,NA,NA,NA,NA,NA,NA
Reuse,NA,NA,NA,NA,NA,NA,NA,NA,NA,NA,NA
PCNJ1344,NA,NA,NA,NA,NA,NA,NA,NA,NA,NA,NA
VMNJ1344,NA,NA,NA,NA,NA,NA,NA,NA,NA,NA,NA
PAVAWYTH,NA,NA,NA,NA,NA,NA,NA,NA,NA,NA,NA
PTVAWYTH,NA,NA,NA,NA,NA,NA,NA,NA,NA,NA,NA
PUVAWYTH,NA,NA,NA,NA,NA,NA,NA,NA,NA,NA,NA
VMNYWKIL,NA,NA,NA,NA,NA,NA,NA,NA,NA,NA,NA
VUNYWKIL,NA,NA,NA,NA,NA,NA,NA,NA,NA,NA,NA
PUNYWKIL,NA,NA,NA,NA,NA,NA,NA,NA,NA,NA,NA
PUNJEPSA,NA,NA,NA,NA,NA,NA,NA,NA,NA,NA,NA
VTMDESTN,NA,NA,NA,NA,NA,NA,NA,NA,NA,NA,NA
PAMDESTN,NA,NA,NA,NA,NA,NA,NA,NA,NA,NA,NA
VMMDESTN,NA,NA,NA,NA,NA,NA,NA,NA,NA,NA,NA
VTMDEAST,NA,NA,NA,NA,NA,NA,NA,NA,NA,NA,NA
PTMDESTN,NA,NA,NA,NA,NA,NA,NA,NA,NA,NA,NA
VLNJ1219,NA,NA,NA,NA,NA,NA,NA,NA,NA,NA,NA
VTNJ0122,NA,NA,NA,NA,NA,NA,NA,NA,NA,NA,NA
VUNJ0122,NA,NA,NA,NA,NA,NA,NA,NA,NA,NA,NA
VMNJ0122,NA,NA,NA,NA,NA,NA,NA,NA,NA,NA,NA
PCGALAVO,NA,NA,NA,NA,NA,NA,NA,NA,NA,NA,NA
PDGALAVO,NA,NA,NA,NA,NA,NA,NA,NA,NA,NA,NA
PPGALAVO,NA,NA,NA,NA,NA,NA,NA,NA,NA,NA,NA
POGALAVO,NA,NA,NA,NA,NA,NA,NA,NA,NA,NA,NA
PANJ0310,NA,NA,NA,NA,NA,NA,NA,NA,NA,NA,NA
PUTNSGNL,NA,NA,NA,NA,NA,NA,NA,NA,NA,NA,NA
PTTNSGNL,NA,NA,NA,NA,NA,NA,NA,NA,NA,NA,NA
PCTNSGNL,NA,NA,NA,NA,NA,NA,NA,NA,NA,NA,NA
PCPANFTP,NA,NA,NA,NA,NA,NA,NA,NA,NA,NA,NA
PAPANFTP,NA,NA,NA,NA,NA,NA,NA,NA,NA,NA,NA
VAFLMACL,NA,NA,NA,NA,NA,NA,NA,NA,NA,NA,NA
PAFLMACL,NA,NA,NA,NA,NA,NA,NA,NA,NA,NA,NA
PTNJ0240,NA,NA,NA,NA,NA,NA,NA,NA,NA,NA,NA
PANCCOCO,NA,NA,NA,NA,NA,NA,NA,NA,NA,NA,NA
PUNCCOCO,NA,NA,NA,NA,NA,NA,NA,NA,NA,NA,NA
PCNCCOCO,NA,NA,NA,NA,NA,NA,NA,NA,NA,NA,NA
VANCCOCO,NA,NA,NA,NA,NA,NA,NA,NA,NA,NA,NA
VUNCCOCO,NA,NA,NA,NA,NA,NA,NA,NA,NA,NA,NA
VMNCCOCO,NA,NA,NA,NA,NA,NA,NA,NA,NA,NA,NA
VMSCPRWD,NA,NA,NA,NA,NA,NA,NA,NA,NA,NA,NA
VUSCPRWD,NA,NA,NA,NA,NA,NA,NA,NA,NA,NA,NA
PUSCPRWD,NA,NA,NA,NA,NA,NA,NA,NA,NA,NA,NA
PTNJ0510,NA,NA,NA,NA,NA,NA,NA,NA,NA,NA,NA
PUNJ1817,NA,NA,NA,NA,NA,NA,NA,NA,NA,NA,NA
PTNJ1817,NA,NA,NA,NA,NA,NA,NA,NA,NA,NA,NA
VAFLWILL,NA,NA,NA,NA,NA,NA,NA,NA,NA,NA,NA
VMFLWILL,NA,NA,NA,NA,NA,NA,NA,NA,NA,NA,NA
VUFLWILL,NA,NA,NA,NA,NA,NA,NA,NA,NA,NA,NA
VDGAROBC,NA,NA,NA,NA,NA,NA,NA,NA,NA,NA,NA
PTNYWAVL,NA,NA,NA,NA,NA,NA,NA,NA,NA,NA,NA
PUNYWAVL,NA,NA,NA,NA,NA,NA,NA,NA,NA,NA,NA
PTNYENDI,NA,NA,NA,NA,NA,NA,NA,NA,NA,NA,NA
PUNYENDI,NA,NA,NA,NA,NA,NA,NA,NA,NA,NA,NA
VTNYENDI,NA,NA,NA,NA,NA,NA,NA,NA,NA,NA,NA
VMNYENDI,NA,NA,NA,NA,NA,NA,NA,NA,NA,NA,NA
VUNYENDI,NA,NA,NA,NA,NA,NA,NA,NA,NA,NA,NA
PUNYMARL,NA,NA,NA,NA,NA,NA,NA,NA,NA,NA,NA
PAGATREN,NA,NA,NA,NA,NA,NA,NA,NA,NA,NA,NA
PTGATREN,NA,NA,NA,NA,NA,NA,NA,NA,NA,NA,NA
PCGATREN,NA,NA,NA,NA,NA,NA,NA,NA,NA,NA,NA
PTNJ1912,NA,NA,NA,NA,NA,NA,NA,NA,NA,NA,NA
PUNJ1912,NA,NA,NA,NA,NA,NA,NA,NA,NA,NA,NA
PUMDGBLT,NA,NA,NA,NA,NA,NA,NA,NA,NA,NA,NA
VUMDGBLT,NA,NA,NA,NA,NA,NA,NA,NA,NA,NA,NA
PUNYDIAN,NA,NA,NA,NA,NA,NA,NA,NA,NA,NA,NA
PCPAUHAN,NA,NA,NA,NA,NA,NA,NA,NA,NA,NA,NA
VMTXCSUD,NA,NA,NA,NA,NA,NA,NA,NA,NA,NA,NA
VUTXCSUD,NA,NA,NA,NA,NA,NA,NA,NA,NA,NA,NA
VMPAUHAN,NA,NA,NA,NA,NA,NA,NA,NA,NA,NA,NA
VDNJ1216,NA,NA,NA,NA,NA,NA,NA,NA,NA,NA,NA
PANCBEEC,NA,NA,NA,NA,NA,NA,NA,NA,NA,NA,NA
PTNCBEEC,NA,NA,NA,NA,NA,NA,NA,NA,NA,NA,NA
PUNCBEEC,NA,NA,NA,NA,NA,NA,NA,NA,NA,NA,NA
PCNCBEEC,NA,NA,NA,NA,NA,NA,NA,NA,NA,NA,NA
VANCBEEC,NA,NA,NA,NA,NA,NA,NA,NA,NA,NA,NA
VTNCBEEC,NA,NA,NA,NA,NA,NA,NA,NA,NA,NA,NA
VUNCBEEC,NA,NA,NA,NA,NA,NA,NA,NA,NA,NA,NA
VMNCBEEC,NA,NA,NA,NA,NA,NA,NA,NA,NA,NA,NA
PUNJ1806,NA,NA,NA,NA,NA,NA,NA,NA,NA,NA,NA
PTNJ1806,NA,NA,NA,NA,NA,NA,NA,NA,NA,NA,NA
PTNJ1917,NA,NA,NA,NA,NA,NA,NA,NA,NA,NA,NA
PUNJ1015,NA,NA,NA,NA,NA,NA,NA,NA,NA,NA,NA
PTNJ1015,NA,NA,NA,NA,NA,NA,NA,NA,NA,NA,NA
PHSCBCWD,NA,NA,NA,NA,NA,NA,NA,NA,NA,NA,NA
VHSCBCWD,NA,NA,NA,NA,NA,NA,NA,NA,NA,NA,NA
PUSCBCWD,NA,NA,NA,NA,NA,NA,NA,NA,NA,NA,NA
VUSCBCWD,NA,NA,NA,NA,NA,NA,NA,NA,NA,NA,NA
VMSCBCWD,NA,NA,NA,NA,NA,NA,NA,NA,NA,NA,NA
PUGACOWA,NA,NA,NA,NA,NA,NA,NA,NA,NA,NA,NA
VMGACOWA,NA,NA,NA,NA,NA,NA,NA,NA,NA,NA,NA
VUGACOWA,NA,NA,NA,NA,NA,NA,NA,NA,NA,NA,NA
PAMOMALD,NA,NA,NA,NA,NA,NA,NA,NA,NA,NA,NA
PTMOMALD,NA,NA,NA,NA,NA,NA,NA,NA,NA,NA,NA
PUMOMCPW,NA,NA,NA,NA,NA,NA,NA,NA,NA,NA,NA
PCMOMALD,NA,NA,NA,NA,NA,NA,NA,NA,NA,NA,NA
VAMOMALD,NA,NA,NA,NA,NA,NA,NA,NA,NA,NA,NA
VTMOMALD,NA,NA,NA,NA,NA,NA,NA,NA,NA,NA,NA
VUMOMCPW,NA,NA,NA,NA,NA,NA,NA,NA,NA,NA,NA
VMMOMALD,NA,NA,NA,NA,NA,NA,NA,NA,NA,NA,NA
PTNJ1801,NA,NA,NA,NA,NA,NA,NA,NA,NA,NA,NA
PUNJ1801,NA,NA,NA,NA,NA,NA,NA,NA,NA,NA,NA
PTNJ1012,NA,NA,NA,NA,NA,NA,NA,NA,NA,NA,NA
PUNJ1012,NA,NA,NA,NA,NA,NA,NA,NA,NA,NA,NA
PTNJ1904,NA,NA,NA,NA,NA,NA,NA,NA,NA,NA,NA
PUNJ1904,NA,NA,NA,NA,NA,NA,NA,NA,NA,NA,NA
PTNJ1924,NA,NA,NA,NA,NA,NA,NA,NA,NA,NA,NA
PCNYGOSH,NA,NA,NA,NA,NA,NA,NA,NA,NA,NA,NA
PCNJ0811,NA,NA,NA,NA,NA,NA,NA,NA,NA,NA,NA
PTNJ0912,NA,NA,NA,NA,NA,NA,NA,NA,NA,NA,NA
PTNJ1809,NA,NA,NA,NA,NA,NA,NA,NA,NA,NA,NA
PUNJ1809,NA,NA,NA,NA,NA,NA,NA,NA,NA,NA,NA
PCNJ1809,NA,NA,NA,NA,NA,NA,NA,NA,NA,NA,NA
PTNJ1913,NA,NA,NA,NA,NA,NA,NA,NA,NA,NA,NA
PTNJ1807,NA,NA,NA,NA,NA,NA,NA,NA,NA,NA,NA
PUNJ1807,NA,NA,NA,NA,NA,NA,NA,NA,NA,NA,NA
PUTXKEMP,NA,NA,NA,NA,NA,NA,NA,NA,NA,NA,NA
PUTXCCWS,NA,NA,NA,NA,NA,NA,NA,NA,NA,NA,NA
VUTXCCWS,NA,NA,NA,NA,NA,NA,NA,NA,NA,NA,NA
VMTXCCWS,NA,NA,NA,NA,NA,NA,NA,NA,NA,NA,NA
PUGALUMP,NA,NA,NA,NA,NA,NA,NA,NA,NA,NA,NA
VUGALUMP,NA,NA,NA,NA,NA,NA,NA,NA,NA,NA,NA
VMGALUMP,NA,NA,NA,NA,NA,NA,NA,NA,NA,NA,NA
PAGANAHU,NA,NA,NA,NA,NA,NA,NA,NA,NA,NA,NA
PUGANAHU,NA,NA,NA,NA,NA,NA,NA,NA,NA,NA,NA
VAGANAHU,NA,NA,NA,NA,NA,NA,NA,NA,NA,NA,NA
VUGANAHU,NA,NA,NA,NA,NA,NA,NA,NA,NA,NA,NA
VDGANAHU,NA,NA,NA,NA,NA,NA,NA,NA,NA,NA,NA
VMGANAHU,NA,NA,NA,NA,NA,NA,NA,NA,NA,NA,NA
PANJ1026,NA,NA,NA,NA,NA,NA,NA,NA,NA,NA,NA
PTNJ1026,NA,NA,NA,NA,NA,NA,NA,NA,NA,NA,NA
PANYPEND,NA,NA,NA,NA,NA,NA,NA,NA,NA,NA,NA
VANYPEND,NA,NA,NA,NA,NA,NA,NA,NA,NA,NA,NA
VADECAMD,NA,NA,NA,NA,NA,NA,NA,NA,NA,NA,NA
VTDECAMD,NA,NA,NA,NA,NA,NA,NA,NA,NA,NA,NA
VMDECAMD,NA,NA,NA,NA,NA,NA,NA,NA,NA,NA,NA
PAMOCAME,NA,NA,NA,NA,NA,NA,NA,NA,NA,NA,NA
PUMOCAME,NA,NA,NA,NA,NA,NA,NA,NA,NA,NA,NA
PCMOCAME,NA,NA,NA,NA,NA,NA,NA,NA,NA,NA,NA
VAMOCAME,NA,NA,NA,NA,NA,NA,NA,NA,NA,NA,NA
VUMOCAME,NA,NA,NA,NA,NA,NA,NA,NA,NA,NA,NA
VMMOCAME,NA,NA,NA,NA,NA,NA,NA,NA,NA,NA,NA
VMTXJWSU,NA,NA,NA,NA,NA,NA,NA,NA,NA,NA,NA
VUTXJWSU,NA,NA,NA,NA,NA,NA,NA,NA,NA,NA,NA
PUSCCHPN,NA,NA,NA,NA,NA,NA,NA,NA,NA,NA,NA
PCSCCHPN,NA,NA,NA,NA,NA,NA,NA,NA,NA,NA,NA
VUSCCHPN,NA,NA,NA,NA,NA,NA,NA,NA,NA,NA,NA
VMSCCHPN,NA,NA,NA,NA,NA,NA,NA,NA,NA,NA,NA
PTNJ1021,NA,NA,NA,NA,NA,NA,NA,NA,NA,NA,NA
PCNJ1407,NA,NA,NA,NA,NA,NA,NA,NA,NA,NA,NA
PUNJHASA,NA,NA,NA,NA,NA,NA,NA,NA,NA,NA,NA
PTNJ1412,NA,NA,NA,NA,NA,NA,NA,NA,NA,NA,NA
VUTXKEMP,NA,NA,NA,NA,NA,NA,NA,NA,NA,NA,NA
VMTXKEMP,NA,NA,NA,NA,NA,NA,NA,NA,NA,NA,NA
PDMDSMCM,NA,NA,NA,NA,NA,NA,NA,NA,NA,NA,NA
VDMDSMCM,NA,NA,NA,NA,NA,NA,NA,NA,NA,NA,NA
PTNJ0901,NA,NA,NA,NA,NA,NA,NA,NA,NA,NA,NA
PAFLHNWS,NA,NA,NA,NA,NA,NA,NA,NA,NA,NA,NA
PUFLHNWS,NA,NA,NA,NA,NA,NA,NA,NA,NA,NA,NA
PTNYROSL,NA,NA,NA,NA,NA,NA,NA,NA,NA,NA,NA
PTNJ1420,NA,NA,NA,NA,NA,NA,NA,NA,NA,NA,NA
PUNJ1420,NA,NA,NA,NA,NA,NA,NA,NA,NA,NA,NA
PTNJ1022,NA,NA,NA,NA,NA,NA,NA,NA,NA,NA,NA
PUNJ1022,NA,NA,NA,NA,NA,NA,NA,NA,NA,NA,NA
PSNJ1420,NA,NA,NA,NA,NA,NA,NA,NA,NA,NA,NA
PAFLPERR,NA,NA,NA,NA,NA,NA,NA,NA,NA,NA,NA
PUFLPERR,NA,NA,NA,NA,NA,NA,NA,NA,NA,NA,NA
PCFLPERR,NA,NA,NA,NA,NA,NA,NA,NA,NA,NA,NA
VAFLPERR,NA,NA,NA,NA,NA,NA,NA,NA,NA,NA,NA
VMFLPERR,NA,NA,NA,NA,NA,NA,NA,NA,NA,NA,NA
VUFLPERR,NA,NA,NA,NA,NA,NA,NA,NA,NA,NA,NA
PUNJ0712,NA,NA,NA,NA,NA,NA,NA,NA,NA,NA,NA
PSNJ0712,NA,NA,NA,NA,NA,NA,NA,NA,NA,NA,NA
PTNJ0712,NA,NA,NA,NA,NA,NA,NA,NA,NA,NA,NA
VUNJ0712,NA,NA,NA,NA,NA,NA,NA,NA,NA,NA,NA
VSNJ0712,NA,NA,NA,NA,NA,NA,NA,NA,NA,NA,NA
VMSCPTRT,NA,NA,NA,NA,NA,NA,NA,NA,NA,NA,NA
PCMOLAWS,NA,NA,NA,NA,NA,NA,NA,NA,NA,NA,NA
VMMOLAWS,NA,NA,NA,NA,NA,NA,NA,NA,NA,NA,NA
PANJ1713,NA,NA,NA,NA,NA,NA,NA,NA,NA,NA,NA
VGNYLTTL,NA,NA,NA,NA,NA,NA,NA,NA,NA,NA,NA
PSNJ1428,NA,NA,NA,NA,NA,NA,NA,NA,NA,NA,NA
VSNJ1428,NA,NA,NA,NA,NA,NA,NA,NA,NA,NA,NA
PTNJ1919,NA,NA,NA,NA,NA,NA,NA,NA,NA,NA,NA
PUNJ1919,NA,NA,NA,NA,NA,NA,NA,NA,NA,NA,NA
VTNJ1919,NA,NA,NA,NA,NA,NA,NA,NA,NA,NA,NA
VUNJ1919,NA,NA,NA,NA,NA,NA,NA,NA,NA,NA,NA
VMNJ1919,NA,NA,NA,NA,NA,NA,NA,NA,NA,NA,NA
PUPAELLW,NA,NA,NA,NA,NA,NA,NA,NA,NA,NA,NA
VGGALAVO,NA,NA,NA,NA,NA,NA,NA,NA,NA,NA,NA
VPGALAVO,NA,NA,NA,NA,NA,NA,NA,NA,NA,NA,NA
VCGALAVO,NA,NA,NA,NA,NA,NA,NA,NA,NA,NA,NA
VDGALAVO,NA,NA,NA,NA,NA,NA,NA,NA,NA,NA,NA
VUNYBWNV,NA,NA,NA,NA,NA,NA,NA,NA,NA,NA,NA
VMNYBWNV,NA,NA,NA,NA,NA,NA,NA,NA,NA,NA,NA
PAMOROLL,NA,NA,NA,NA,NA,NA,NA,NA,NA,NA,NA
PUMOROLL,NA,NA,NA,NA,NA,NA,NA,NA,NA,NA,NA
VAMOROLL,NA,NA,NA,NA,NA,NA,NA,NA,NA,NA,NA
VUMOROLL,NA,NA,NA,NA,NA,NA,NA,NA,NA,NA,NA
VMMOROLL,NA,NA,NA,NA,NA,NA,NA,NA,NA,NA,NA
PAMSBOON,NA,NA,NA,NA,NA,NA,NA,NA,NA,NA,NA
PUMSBCWG,NA,NA,NA,NA,NA,NA,NA,NA,NA,NA,NA
PTNJ0704,NA,NA,NA,NA,NA,NA,NA,NA,NA,NA,NA
PUNJ0704,NA,NA,NA,NA,NA,NA,NA,NA,NA,NA,NA
PPNJ0704,NA,NA,NA,NA,NA,NA,NA,NA,NA,NA,NA
PTNJ1330,NA,NA,NA,NA,NA,NA,NA,NA,NA,NA,NA
PUNJ1330,NA,NA,NA,NA,NA,NA,NA,NA,NA,NA,NA
PANJ0116,NA,NA,NA,NA,NA,NA,NA,NA,NA,NA,NA
PAPAGETT,NA,NA,NA,NA,NA,NA,NA,NA,NA,NA,NA
PUPAGETT,NA,NA,NA,NA,NA,NA,NA,NA,NA,NA,NA
PCPAGETT,NA,NA,NA,NA,NA,NA,NA,NA,NA,NA,NA
VAPAGETT,NA,NA,NA,NA,NA,NA,NA,NA,NA,NA,NA
VUPAGETT,NA,NA,NA,NA,NA,NA,NA,NA,NA,NA,NA
VMPAGETT,NA,NA,NA,NA,NA,NA,NA,NA,NA,NA,NA
VTNJ0912,NA,NA,NA,NA,NA,NA,NA,NA,NA,NA,NA
VMNJ0912,NA,NA,NA,NA,NA,NA,NA,NA,NA,NA,NA
PANJ0601,NA,NA,NA,NA,NA,NA,NA,NA,NA,NA,NA
VANJ0601,NA,NA,NA,NA,NA,NA,NA,NA,NA,NA,NA
VUNCWCWC,NA,NA,NA,NA,NA,NA,NA,NA,NA,NA,NA
VMNCWCWC,NA,NA,NA,NA,NA,NA,NA,NA,NA,NA,NA
PTNJ2105,NA,NA,NA,NA,NA,NA,NA,NA,NA,NA,NA
PTNJ0209,NA,NA,NA,NA,NA,NA,NA,NA,NA,NA,NA
PTNJ2119,NA,NA,NA,NA,NA,NA,NA,NA,NA,NA,NA
PUNJ2119,NA,NA,NA,NA,NA,NA,NA,NA,NA,NA,NA
VAMSBOON,NA,NA,NA,NA,NA,NA,NA,NA,NA,NA,NA
VUMSBCWG,NA,NA,NA,NA,NA,NA,NA,NA,NA,NA,NA
VMMSBCWG,NA,NA,NA,NA,NA,NA,NA,NA,NA,NA,NA
VTNJ1431,NA,NA,NA,NA,NA,NA,NA,NA,NA,NA,NA
VUNJ1431,NA,NA,NA,NA,NA,NA,NA,NA,NA,NA,NA
VMNJ1431,NA,NA,NA,NA,NA,NA,NA,NA,NA,NA,NA
VTTNSGNL,NA,NA,NA,NA,NA,NA,NA,NA,NA,NA,NA
VUTNSGNL,NA,NA,NA,NA,NA,NA,NA,NA,NA,NA,NA
VMTNSGNL,NA,NA,NA,NA,NA,NA,NA,NA,NA,NA,NA
VUNJEMUA,NA,NA,NA,NA,NA,NA,NA,NA,NA,NA,NA
VMNJEMUA,NA,NA,NA,NA,NA,NA,NA,NA,NA,NA,NA
PANYAMST,NA,NA,NA,NA,NA,NA,NA,NA,NA,NA,NA
PTNYAMST,NA,NA,NA,NA,NA,NA,NA,NA,NA,NA,NA
PUNYAMST,NA,NA,NA,NA,NA,NA,NA,NA,NA,NA,NA
PUNYGAIN,NA,NA,NA,NA,NA,NA,NA,NA,NA,NA,NA
PTNJ1418,NA,NA,NA,NA,NA,NA,NA,NA,NA,NA,NA
PUNJ1418,NA,NA,NA,NA,NA,NA,NA,NA,NA,NA,NA
VTNJ1418,NA,NA,NA,NA,NA,NA,NA,NA,NA,NA,NA
VUNJ1418,NA,NA,NA,NA,NA,NA,NA,NA,NA,NA,NA
VMNJ1418,NA,NA,NA,NA,NA,NA,NA,NA,NA,NA,NA
PSNJ0610,NA,NA,NA,NA,NA,NA,NA,NA,NA,NA,NA
VSNJ0610,NA,NA,NA,NA,NA,NA,NA,NA,NA,NA,NA
PUNYCHAM,NA,NA,NA,NA,NA,NA,NA,NA,NA,NA,NA
PTNJ1906,NA,NA,NA,NA,NA,NA,NA,NA,NA,NA,NA
PUNJ1906,NA,NA,NA,NA,NA,NA,NA,NA,NA,NA,NA
VTNJ1906,NA,NA,NA,NA,NA,NA,NA,NA,NA,NA,NA
VUNJ1906,NA,NA,NA,NA,NA,NA,NA,NA,NA,NA,NA
VMNJ1906,NA,NA,NA,NA,NA,NA,NA,NA,NA,NA,NA
VDFLWBST,NA,NA,NA,NA,NA,NA,NA,NA,NA,NA,NA
VBNJ1527,NA,NA,NA,NA,NA,NA,NA,NA,NA,NA,NA
PUNYWURT,NA,NA,NA,NA,NA,NA,NA,NA,NA,NA,NA
PUGAWREN,NA,NA,NA,NA,NA,NA,NA,NA,NA,NA,NA
PAGAWREN,NA,NA,NA,NA,NA,NA,NA,NA,NA,NA,NA
VUGAWREN,NA,NA,NA,NA,NA,NA,NA,NA,NA,NA,NA
VMGAWREN,NA,NA,NA,NA,NA,NA,NA,NA,NA,NA,NA
VAGAWREN,NA,NA,NA,NA,NA,NA,NA,NA,NA,NA,NA
PPFLLOXA,NA,NA,NA,NA,NA,NA,NA,NA,NA,NA,NA
VPFLLOXA,NA,NA,NA,NA,NA,NA,NA,NA,NA,NA,NA
PTNCWAXT,NA,NA,NA,NA,NA,NA,NA,NA,NA,NA,NA
PANCWAXT,NA,NA,NA,NA,NA,NA,NA,NA,NA,NA,NA
PCNCWAXT,NA,NA,NA,NA,NA,NA,NA,NA,NA,NA,NA
VTNCWAXT,NA,NA,NA,NA,NA,NA,NA,NA,NA,NA,NA
VMNCWAXT,NA,NA,NA,NA,NA,NA,NA,NA,NA,NA,NA
VANCWAXT,NA,NA,NA,NA,NA,NA,NA,NA,NA,NA,NA
PALADERI,NA,NA,NA,NA,NA,NA,NA,NA,NA,NA,NA
VALADERI,NA,NA,NA,NA,NA,NA,NA,NA,NA,NA,NA
VMPATHRN,NA,NA,NA,NA,NA,NA,NA,NA,NA,NA,NA
PPNJ1614,NA,NA,NA,NA,NA,NA,NA,NA,NA,NA,NA
VPNJ1614,NA,NA,NA,NA,NA,NA,NA,NA,NA,NA,NA
PTNJ1001,NA,NA,NA,NA,NA,NA,NA,NA,NA,NA,NA
VAVAWYTH,NA,NA,NA,NA,NA,NA,NA,NA,NA,NA,NA
VTVAWYTH,NA,NA,NA,NA,NA,NA,NA,NA,NA,NA,NA
VUVAWYTH,NA,NA,NA,NA,NA,NA,NA,NA,NA,NA,NA
VMVAWYTH,NA,NA,NA,NA,NA,NA,NA,NA,NA,NA,NA
PTKYCROL,NA,NA,NA,NA,NA,NA,NA,NA,NA,NA,NA
PAKYCROL,NA,NA,NA,NA,NA,NA,NA,NA,NA,NA,NA
PCKYCROL,NA,NA,NA,NA,NA,NA,NA,NA,NA,NA,NA
VTKYCROL,NA,NA,NA,NA,NA,NA,NA,NA,NA,NA,NA
VAKYCROL,NA,NA,NA,NA,NA,NA,NA,NA,NA,NA,NA
VMKYCROL,NA,NA,NA,NA,NA,NA,NA,NA,NA,NA,NA
PTNJ0909,NA,NA,NA,NA,NA,NA,NA,NA,NA,NA,NA
PANJWAEA,NA,NA,NA,NA,NA,NA,NA,NA,NA,NA,NA
VAGAMADI,NA,NA,NA,NA,NA,NA,NA,NA,NA,NA,NA
VAFLHNWS,NA,NA,NA,NA,NA,NA,NA,NA,NA,NA,NA
VUFLHNWS,NA,NA,NA,NA,NA,NA,NA,NA,NA,NA,NA
VMFLHNWS,NA,NA,NA,NA,NA,NA,NA,NA,NA,NA,NA
VTNJ0909,NA,NA,NA,NA,NA,NA,NA,NA,NA,NA,NA
VMNJ0909,NA,NA,NA,NA,NA,NA,NA,NA,NA,NA,NA
VATXCLIF,NA,NA,NA,NA,NA,NA,NA,NA,NA,NA,NA
PATXCLIF,NA,NA,NA,NA,NA,NA,NA,NA,NA,NA,NA
PUTXCLIF,NA,NA,NA,NA,NA,NA,NA,NA,NA,NA,NA
VUTXCLIF,NA,NA,NA,NA,NA,NA,NA,NA,NA,NA,NA
VMTXCLIF,NA,NA,NA,NA,NA,NA,NA,NA,NA,NA,NA
PTNJ1105,NA,NA,NA,NA,NA,NA,NA,NA,NA,NA,NA
PUNJ1105,NA,NA,NA,NA,NA,NA,NA,NA,NA,NA,NA
PCNJ0315,NA,NA,NA,NA,NA,NA,NA,NA,NA,NA,NA
PANJ0514,NA,NA,NA,NA,NA,NA,NA,NA,NA,NA,NA
VTMDELKT,NA,NA,NA,NA,NA,NA,NA,NA,NA,NA,NA
VUMDELKT,NA,NA,NA,NA,NA,NA,NA,NA,NA,NA,NA
VAMDELKT,NA,NA,NA,NA,NA,NA,NA,NA,NA,NA,NA
PAPAMANH,NA,NA,NA,NA,NA,NA,NA,NA,NA,NA,NA
VUNJLCMA,NA,NA,NA,NA,NA,NA,NA,NA,NA,NA,NA
VMNJLCMA,NA,NA,NA,NA,NA,NA,NA,NA,NA,NA,NA
PTNYOWVL,NA,NA,NA,NA,NA,NA,NA,NA,NA,NA,NA
PUNYOWVL,NA,NA,NA,NA,NA,NA,NA,NA,NA,NA,NA
VUTXWHTC,NA,NA,NA,NA,NA,NA,NA,NA,NA,NA,NA
VATXWHTC,NA,NA,NA,NA,NA,NA,NA,NA,NA,NA,NA
VMTXWHTC,NA,NA,NA,NA,NA,NA,NA,NA,NA,NA,NA
PUNJ1909,NA,NA,NA,NA,NA,NA,NA,NA,NA,NA,NA
PTNJ1909,NA,NA,NA,NA,NA,NA,NA,NA,NA,NA,NA
VTNJ1909,NA,NA,NA,NA,NA,NA,NA,NA,NA,NA,NA
VUNJ1909,NA,NA,NA,NA,NA,NA,NA,NA,NA,NA,NA
VMNJ1909,NA,NA,NA,NA,NA,NA,NA,NA,NA,NA,NA
PANJ0313,NA,NA,NA,NA,NA,NA,NA,NA,NA,NA,NA
PTGAEDIS,NA,NA,NA,NA,NA,NA,NA,NA,NA,NA,NA
PUGAEDIS,NA,NA,NA,NA,NA,NA,NA,NA,NA,NA,NA
VTGAEDIS,NA,NA,NA,NA,NA,NA,NA,NA,NA,NA,NA
VUGAEDIS,NA,NA,NA,NA,NA,NA,NA,NA,NA,NA,NA
VMGAEDIS,NA,NA,NA,NA,NA,NA,NA,NA,NA,NA,NA
PUNYHRSE,NA,NA,NA,NA,NA,NA,NA,NA,NA,NA,NA
VTNJ0901,NA,NA,NA,NA,NA,NA,NA,NA,NA,NA,NA
VMNJ0901,NA,NA,NA,NA,NA,NA,NA,NA,NA,NA,NA
PTNJ1113,NA,NA,NA,NA,NA,NA,NA,NA,NA,NA,NA
PUNJ1113,NA,NA,NA,NA,NA,NA,NA,NA,NA,NA,NA
PTNJ0904,NA,NA,NA,NA,NA,NA,NA,NA,NA,NA,NA
PUNJ0904,NA,NA,NA,NA,NA,NA,NA,NA,NA,NA,NA
PANJ0507,NA,NA,NA,NA,NA,NA,NA,NA,NA,NA,NA
PCNJ0507,NA,NA,NA,NA,NA,NA,NA,NA,NA,NA,NA
PTNJ1605,NA,NA,NA,NA,NA,NA,NA,NA,NA,NA,NA
PANJ0259,NA,NA,NA,NA,NA,NA,NA,NA,NA,NA,NA
VTNJ1607,NA,NA,NA,NA,NA,NA,NA,NA,NA,NA,NA
VMNJ1607,NA,NA,NA,NA,NA,NA,NA,NA,NA,NA,NA
VMLABERW,NA,NA,NA,NA,NA,NA,NA,NA,NA,NA,NA
VALABERW,NA,NA,NA,NA,NA,NA,NA,NA,NA,NA,NA
VULABERW,NA,NA,NA,NA,NA,NA,NA,NA,NA,NA,NA
VTLABERW,NA,NA,NA,NA,NA,NA,NA,NA,NA,NA,NA
PTLABERW,NA,NA,NA,NA,NA,NA,NA,NA,NA,NA,NA
PULABERW,NA,NA,NA,NA,NA,NA,NA,NA,NA,NA,NA
PALABERW,NA,NA,NA,NA,NA,NA,NA,NA,NA,NA,NA
PCTXWHTC,NA,NA,NA,NA,NA,NA,NA,NA,NA,NA,NA
PCNJ1401,NA,NA,NA,NA,NA,NA,NA,NA,NA,NA,NA
VTNCOAKI,NA,NA,NA,NA,NA,NA,NA,NA,NA,NA,NA
VUNCOAKI,NA,NA,NA,NA,NA,NA,NA,NA,NA,NA,NA
VMNCOAKI,NA,NA,NA,NA,NA,NA,NA,NA,NA,NA,NA
VANCOAKI,NA,NA,NA,NA,NA,NA,NA,NA,NA,NA,NA
PCNJ0322,NA,NA,NA,NA,NA,NA,NA,NA,NA,NA,NA
PANYUNYK,NA,NA,NA,NA,NA,NA,NA,NA,NA,NA,NA
PTNJ1018,NA,NA,NA,NA,NA,NA,NA,NA,NA,NA,NA
PTNJ2121,NA,NA,NA,NA,NA,NA,NA,NA,NA,NA,NA
PUNJ2121,NA,NA,NA,NA,NA,NA,NA,NA,NA,NA,NA
PGNJ2121,NA,NA,NA,NA,NA,NA,NA,NA,NA,NA,NA
VTNJ1528,NA,NA,NA,NA,NA,NA,NA,NA,NA,NA,NA
VUNJ1528,NA,NA,NA,NA,NA,NA,NA,NA,NA,NA,NA
VMNJ1528,NA,NA,NA,NA,NA,NA,NA,NA,NA,NA,NA
VTKYOAKG,NA,NA,NA,NA,NA,NA,NA,NA,NA,NA,NA
VUKYOAKG,NA,NA,NA,NA,NA,NA,NA,NA,NA,NA,NA
VAKYOAKG,NA,NA,NA,NA,NA,NA,NA,NA,NA,NA,NA
VMKYOAKG,NA,NA,NA,NA,NA,NA,NA,NA,NA,NA,NA
PUNJ1018,NA,NA,NA,NA,NA,NA,NA,NA,NA,NA,NA
PUPAMOMA,NA,NA,NA,NA,NA,NA,NA,NA,NA,NA,NA
VMPAMOMA,NA,NA,NA,NA,NA,NA,NA,NA,NA,NA,NA
VUPAMOMA,NA,NA,NA,NA,NA,NA,NA,NA,NA,NA,NA
PUNJ0418,NA,NA,NA,NA,NA,NA,NA,NA,NA,NA,NA
VUNJ0418,NA,NA,NA,NA,NA,NA,NA,NA,NA,NA,NA
VULAAPWD,NA,NA,NA,NA,NA,NA,NA,NA,NA,NA,NA
PCNJ1708,NA,NA,NA,NA,NA,NA,NA,NA,NA,NA,NA
PANJ1708,NA,NA,NA,NA,NA,NA,NA,NA,NA,NA,NA
PAPASUSQ,NA,NA,NA,NA,NA,NA,NA,NA,NA,NA,NA
VAPASUSQ,NA,NA,NA,NA,NA,NA,NA,NA,NA,NA,NA
VMPASUSQ,NA,NA,NA,NA,NA,NA,NA,NA,NA,NA,NA
PUNJCTSA,NA,NA,NA,NA,NA,NA,NA,NA,NA,NA,NA
PUNYWVIL,NA,NA,NA,NA,NA,NA,NA,NA,NA,NA,NA
PANJ1304,NA,NA,NA,NA,NA,NA,NA,NA,NA,NA,NA
PUNYPLMV,NA,NA,NA,NA,NA,NA,NA,NA,NA,NA,NA
PSNYPLMV,NA,NA,NA,NA,NA,NA,NA,NA,NA,NA,NA
PSPARIDL,NA,NA,NA,NA,NA,NA,NA,NA,NA,NA,NA
VSPARIDL,NA,NA,NA,NA,NA,NA,NA,NA,NA,NA,NA
VANJ1708,NA,NA,NA,NA,NA,NA,NA,NA,NA,NA,NA
VTVAKILM,NA,NA,NA,NA,NA,NA,NA,NA,NA,NA,NA
VUVAKILM,NA,NA,NA,NA,NA,NA,NA,NA,NA,NA,NA
VAVAKILM,NA,NA,NA,NA,NA,NA,NA,NA,NA,NA,NA
VUSCBRWC,NA,NA,NA,NA,NA,NA,NA,NA,NA,NA,NA
VMVAKILM,NA,NA,NA,NA,NA,NA,NA,NA,NA,NA,NA
VMSCBRWC,NA,NA,NA,NA,NA,NA,NA,NA,NA,NA,NA
VTNCSURF,NA,NA,NA,NA,NA,NA,NA,NA,NA,NA,NA
VUNCSURF,NA,NA,NA,NA,NA,NA,NA,NA,NA,NA,NA
VMNCSURF,NA,NA,NA,NA,NA,NA,NA,NA,NA,NA,NA
PTNJ1520,NA,NA,NA,NA,NA,NA,NA,NA,NA,NA,NA
PUNJ1520,NA,NA,NA,NA,NA,NA,NA,NA,NA,NA,NA
PCNJ1520,NA,NA,NA,NA,NA,NA,NA,NA,NA,NA,NA
VTNJ1520,NA,NA,NA,NA,NA,NA,NA,NA,NA,NA,NA
VUNJ1520,NA,NA,NA,NA,NA,NA,NA,NA,NA,NA,NA
VMNJ1520,NA,NA,NA,NA,NA,NA,NA,NA,NA,NA,NA
PTNJ1916,NA,NA,NA,NA,NA,NA,NA,NA,NA,NA,NA
PUNJ1916,NA,NA,NA,NA,NA,NA,NA,NA,NA,NA,NA
PTVAEMPO,NA,NA,NA,NA,NA,NA,NA,NA,NA,NA,NA
PUVAEMPO,NA,NA,NA,NA,NA,NA,NA,NA,NA,NA,NA
PAVAEMPO,NA,NA,NA,NA,NA,NA,NA,NA,NA,NA,NA
PCVAEMPO,NA,NA,NA,NA,NA,NA,NA,NA,NA,NA,NA
PUNYCHET,NA,NA,NA,NA,NA,NA,NA,NA,NA,NA,NA
VUNYCHET,NA,NA,NA,NA,NA,NA,NA,NA,NA,NA,NA
VMNYCHET,NA,NA,NA,NA,NA,NA,NA,NA,NA,NA,NA
PDMOROLL,NA,NA,NA,NA,NA,NA,NA,NA,NA,NA,NA
VDMOROLL,NA,NA,NA,NA,NA,NA,NA,NA,NA,NA,NA
PUNYROYA,NA,NA,NA,NA,NA,NA,NA,NA,NA,NA,NA
PUNJ1011,NA,NA,NA,NA,NA,NA,NA,NA,NA,NA,NA
PTNJ1011,NA,NA,NA,NA,NA,NA,NA,NA,NA,NA,NA
PTPABFCI,NA,NA,NA,NA,NA,NA,NA,NA,NA,NA,NA
PAPABFCI,NA,NA,NA,NA,NA,NA,NA,NA,NA,NA,NA
PAWVMORG,NA,NA,NA,NA,NA,NA,NA,NA,NA,NA,NA
VAWVMORG,NA,NA,NA,NA,NA,NA,NA,NA,NA,NA,NA
VMWVMORG,NA,NA,NA,NA,NA,NA,NA,NA,NA,NA,NA
PBNJ0217,NA,NA,NA,NA,NA,NA,NA,NA,NA,NA,NA
PCNJ0217,NA,NA,NA,NA,NA,NA,NA,NA,NA,NA,NA
PDNJ0217,NA,NA,NA,NA,NA,NA,NA,NA,NA,NA,NA
PENJ0217,NA,NA,NA,NA,NA,NA,NA,NA,NA,NA,NA
PHNJ0217,NA,NA,NA,NA,NA,NA,NA,NA,NA,NA,NA
PJNJ0217,NA,NA,NA,NA,NA,NA,NA,NA,NA,NA,NA
PLNJ0217,NA,NA,NA,NA,NA,NA,NA,NA,NA,NA,NA
PONJ0217,NA,NA,NA,NA,NA,NA,NA,NA,NA,NA,NA
PPNJ0217,NA,NA,NA,NA,NA,NA,NA,NA,NA,NA,NA
VBNJ0217,NA,NA,NA,NA,NA,NA,NA,NA,NA,NA,NA
VDNJ0217,NA,NA,NA,NA,NA,NA,NA,NA,NA,NA,NA
VENJ0217,NA,NA,NA,NA,NA,NA,NA,NA,NA,NA,NA
VHNJ0217,NA,NA,NA,NA,NA,NA,NA,NA,NA,NA,NA
VJNJ0217,NA,NA,NA,NA,NA,NA,NA,NA,NA,NA,NA
VLNJ0217,NA,NA,NA,NA,NA,NA,NA,NA,NA,NA,NA
VMNJ0217,NA,NA,NA,NA,NA,NA,NA,NA,NA,NA,NA
VONJ0217,NA,NA,NA,NA,NA,NA,NA,NA,NA,NA,NA
VPNJ0217,NA,NA,NA,NA,NA,NA,NA,NA,NA,NA,NA
VTNJ1105,NA,NA,NA,NA,NA,NA,NA,NA,NA,NA,NA
VUNJ1105,NA,NA,NA,NA,NA,NA,NA,NA,NA,NA,NA
VTNJ1904,NA,NA,NA,NA,NA,NA,NA,NA,NA,NA,NA
VUNJ1904,NA,NA,NA,NA,NA,NA,NA,NA,NA,NA,NA
VMNJ1904,NA,NA,NA,NA,NA,NA,NA,NA,NA,NA,NA
PUMDCHRT,NA,NA,NA,NA,NA,NA,NA,NA,NA,NA,NA
PUGACLEV,NA,NA,NA,NA,NA,NA,NA,NA,NA,NA,NA
PAGACLEV,NA,NA,NA,NA,NA,NA,NA,NA,NA,NA,NA
PANJ0330,NA,NA,NA,NA,NA,NA,NA,NA,NA,NA,NA
PUNYSCRN,NA,NA,NA,NA,NA,NA,NA,NA,NA,NA,NA
PADECHSW,NA,NA,NA,NA,NA,NA,NA,NA,NA,NA,NA
PTKYPIDS,NA,NA,NA,NA,NA,NA,NA,NA,NA,NA,NA
PCKYPIDS,NA,NA,NA,NA,NA,NA,NA,NA,NA,NA,NA
VTKYPIDS,NA,NA,NA,NA,NA,NA,NA,NA,NA,NA,NA
VMKYPIDS,NA,NA,NA,NA,NA,NA,NA,NA,NA,NA,NA
VFVACARR,NA,NA,NA,NA,NA,NA,NA,NA,NA,NA,NA
PUNJ0902,NA,NA,NA,NA,NA,NA,NA,NA,NA,NA,NA
PTNJ0902,NA,NA,NA,NA,NA,NA,NA,NA,NA,NA,NA
PUNCWALL,NA,NA,NA,NA,NA,NA,NA,NA,NA,NA,NA
VAPASUNB,NA,NA,NA,NA,NA,NA,NA,NA,NA,NA,NA
VMNCWALL,NA,NA,NA,NA,NA,NA,NA,NA,NA,NA,NA
VUNCWALL,NA,NA,NA,NA,NA,NA,NA,NA,NA,NA,NA
PUNYSEFA,NA,NA,NA,NA,NA,NA,NA,NA,NA,NA,NA
PANYSEFA,NA,NA,NA,NA,NA,NA,NA,NA,NA,NA,NA
PWNYSCRN,NA,NA,NA,NA,NA,NA,NA,NA,NA,NA,NA
VUNJHMUA,NA,NA,NA,NA,NA,NA,NA,NA,NA,NA,NA
VMNJHMUA,NA,NA,NA,NA,NA,NA,NA,NA,NA,NA,NA
PTNJ1409,NA,NA,NA,NA,NA,NA,NA,NA,NA,NA,NA
PUNJ1409,NA,NA,NA,NA,NA,NA,NA,NA,NA,NA,NA
PWNJ1409,NA,NA,NA,NA,NA,NA,NA,NA,NA,NA,NA
VTNJ1409,NA,NA,NA,NA,NA,NA,NA,NA,NA,NA,NA
VUNJ1409,NA,NA,NA,NA,NA,NA,NA,NA,NA,NA,NA
VWNJ1409,NA,NA,NA,NA,NA,NA,NA,NA,NA,NA,NA
VMNJ1409,NA,NA,NA,NA,NA,NA,NA,NA,NA,NA,NA
PTNJ2120,NA,NA,NA,NA,NA,NA,NA,NA,NA,NA,NA
PUNJ2120,NA,NA,NA,NA,NA,NA,NA,NA,NA,NA,NA
PUNYLKLZ,NA,NA,NA,NA,NA,NA,NA,NA,NA,NA,NA
VUNYLKLZ,NA,NA,NA,NA,NA,NA,NA,NA,NA,NA,NA
VMNYLKLZ,NA,NA,NA,NA,NA,NA,NA,NA,NA,NA,NA
PUGADARI,NA,NA,NA,NA,NA,NA,NA,NA,NA,NA,NA
PAGADARI,NA,NA,NA,NA,NA,NA,NA,NA,NA,NA,NA
PCGADARI,NA,NA,NA,NA,NA,NA,NA,NA,NA,NA,NA
PUNJ2006,NA,NA,NA,NA,NA,NA,NA,NA,NA,NA,NA
PTNJ0262,NA,NA,NA,NA,NA,NA,NA,NA,NA,NA,NA
VTNJ0262,NA,NA,NA,NA,NA,NA,NA,NA,NA,NA,NA
VMNJ0262,NA,NA,NA,NA,NA,NA,NA,NA,NA,NA,NA
PUNJ1408,NA,NA,NA,NA,NA,NA,NA,NA,NA,NA,NA
PTNJ1408,NA,NA,NA,NA,NA,NA,NA,NA,NA,NA,NA
PUALECAG,NA,NA,NA,NA,NA,NA,NA,NA,NA,NA,NA
VUNJEPSA,NA,NA,NA,NA,NA,NA,NA,NA,NA,NA,NA
PAWVWEST,NA,NA,NA,NA,NA,NA,NA,NA,NA,NA,NA
VAWVWEST,NA,NA,NA,NA,NA,NA,NA,NA,NA,NA,NA
VMWVWEST,NA,NA,NA,NA,NA,NA,NA,NA,NA,NA,NA
PTVAGRNV,NA,NA,NA,NA,NA,NA,NA,NA,NA,NA,NA
PUVAGRNV,NA,NA,NA,NA,NA,NA,NA,NA,NA,NA,NA
PAVAGRNV,NA,NA,NA,NA,NA,NA,NA,NA,NA,NA,NA
VTNYWAVL,NA,NA,NA,NA,NA,NA,NA,NA,NA,NA,NA
VUNYWAVL,NA,NA,NA,NA,NA,NA,NA,NA,NA,NA,NA
VMNYWAVL,NA,NA,NA,NA,NA,NA,NA,NA,NA,NA,NA
PUNYDMTN,NA,NA,NA,NA,NA,NA,NA,NA,NA,NA,NA
PAFLETON,NA,NA,NA,NA,NA,NA,NA,NA,NA,NA,NA
PCFLETON,NA,NA,NA,NA,NA,NA,NA,NA,NA,NA,NA
VAFLETON,NA,NA,NA,NA,NA,NA,NA,NA,NA,NA,NA
PANJ0261,NA,NA,NA,NA,NA,NA,NA,NA,NA,NA,NA
PCNJ0720,NA,NA,NA,NA,NA,NA,NA,NA,NA,NA,NA
VALADSPP,NA,NA,NA,NA,NA,NA,NA,NA,NA,NA,NA
VMLADSPP,NA,NA,NA,NA,NA,NA,NA,NA,NA,NA,NA
PCNJ1209,NA,NA,NA,NA,NA,NA,NA,NA,NA,NA,NA
PANJ0217,NA,NA,NA,NA,NA,NA,NA,NA,NA,NA,NA
VANJ0217,NA,NA,NA,NA,NA,NA,NA,NA,NA,NA,NA
PUWVPETE,NA,NA,NA,NA,NA,NA,NA,NA,NA,NA,NA
PAWVPETE,NA,NA,NA,NA,NA,NA,NA,NA,NA,NA,NA
VUWVPETE,NA,NA,NA,NA,NA,NA,NA,NA,NA,NA,NA
VAWVPETE,NA,NA,NA,NA,NA,NA,NA,NA,NA,NA,NA
VMWVPETE,NA,NA,NA,NA,NA,NA,NA,NA,NA,NA,NA
PUTXUJWA,NA,NA,NA,NA,NA,NA,NA,NA,NA,NA,NA
PTNJ1335,NA,NA,NA,NA,NA,NA,NA,NA,NA,NA,NA
PUNJ1335,NA,NA,NA,NA,NA,NA,NA,NA,NA,NA,NA
PTDEFELT,NA,NA,NA,NA,NA,NA,NA,NA,NA,NA,NA
PUDEFELT,NA,NA,NA,NA,NA,NA,NA,NA,NA,NA,NA
VAGATREN,NA,NA,NA,NA,NA,NA,NA,NA,NA,NA,NA
VTGATREN,NA,NA,NA,NA,NA,NA,NA,NA,NA,NA,NA
VMGATREN,NA,NA,NA,NA,NA,NA,NA,NA,NA,NA,NA
PAFLBONI,NA,NA,NA,NA,NA,NA,NA,NA,NA,NA,NA
PUFLBONI,NA,NA,NA,NA,NA,NA,NA,NA,NA,NA,NA
PUTXEMCS,NA,NA,NA,NA,NA,NA,NA,NA,NA,NA,NA
VUTXEMCS,NA,NA,NA,NA,NA,NA,NA,NA,NA,NA,NA
VMTXEMCS,NA,NA,NA,NA,NA,NA,NA,NA,NA,NA,NA
PUGAMEUC,NA,NA,NA,NA,NA,NA,NA,NA,NA,NA,NA
VMPAUCCT,NA,NA,NA,NA,NA,NA,NA,NA,NA,NA,NA
PTNJ2115,NA,NA,NA,NA,NA,NA,NA,NA,NA,NA,NA
PUNJ2115,NA,NA,NA,NA,NA,NA,NA,NA,NA,NA,NA
VTNJ1335,NA,NA,NA,NA,NA,NA,NA,NA,NA,NA,NA
VUNJ1335,NA,NA,NA,NA,NA,NA,NA,NA,NA,NA,NA
VMNJ1335,NA,NA,NA,NA,NA,NA,NA,NA,NA,NA,NA
PUGASCRE,NA,NA,NA,NA,NA,NA,NA,NA,NA,NA,NA
PANYGOSH,NA,NA,NA,NA,NA,NA,NA,NA,NA,NA,NA
VANYGOSH,NA,NA,NA,NA,NA,NA,NA,NA,NA,NA,NA
PTNYSCVL,NA,NA,NA,NA,NA,NA,NA,NA,NA,NA,NA
PUINMART,NA,NA,NA,NA,NA,NA,NA,NA,NA,NA,NA
PAINMART,NA,NA,NA,NA,NA,NA,NA,NA,NA,NA,NA
PSINMART,NA,NA,NA,NA,NA,NA,NA,NA,NA,NA,NA
PGINMART,NA,NA,NA,NA,NA,NA,NA,NA,NA,NA,NA
PVINMART,NA,NA,NA,NA,NA,NA,NA,NA,NA,NA,NA
PUGAHOGN,NA,NA,NA,NA,NA,NA,NA,NA,NA,NA,NA
PAGAHOGN,NA,NA,NA,NA,NA,NA,NA,NA,NA,NA,NA
VUGAHOGN,NA,NA,NA,NA,NA,NA,NA,NA,NA,NA,NA
VAGAHOGN,NA,NA,NA,NA,NA,NA,NA,NA,NA,NA,NA
VMGAHOGN,NA,NA,NA,NA,NA,NA,NA,NA,NA,NA,NA
PUWVCTUB,NA,NA,NA,NA,NA,NA,NA,NA,NA,NA,NA
PUNYMONV,NA,NA,NA,NA,NA,NA,NA,NA,NA,NA,NA
PUFLCHCY,NA,NA,NA,NA,NA,NA,NA,NA,NA,NA,NA
PTNJ0221,NA,NA,NA,NA,NA,NA,NA,NA,NA,NA,NA
PUNJ0221,NA,NA,NA,NA,NA,NA,NA,NA,NA,NA,NA
PUMOMILA,NA,NA,NA,NA,NA,NA,NA,NA,NA,NA,NA
PCMOMILA,NA,NA,NA,NA,NA,NA,NA,NA,NA,NA,NA
PAMDCHRT,NA,NA,NA,NA,NA,NA,NA,NA,NA,NA,NA
VTNJ0507,NA,NA,NA,NA,NA,NA,NA,NA,NA,NA,NA
VANJ0507,NA,NA,NA,NA,NA,NA,NA,NA,NA,NA,NA
VMNJ0507,NA,NA,NA,NA,NA,NA,NA,NA,NA,NA,NA
PTNYFRVL,NA,NA,NA,NA,NA,NA,NA,NA,NA,NA,NA
PUNYFRVL,NA,NA,NA,NA,NA,NA,NA,NA,NA,NA,NA
VTNYFRVL,NA,NA,NA,NA,NA,NA,NA,NA,NA,NA,NA
VUNYFRVL,NA,NA,NA,NA,NA,NA,NA,NA,NA,NA,NA
PTNJ1333,NA,NA,NA,NA,NA,NA,NA,NA,NA,NA,NA
PTNJ0715,NA,NA,NA,NA,NA,NA,NA,NA,NA,NA,NA
PTNYLAHO,NA,NA,NA,NA,NA,NA,NA,NA,NA,NA,NA
VATXKEMP,NA,NA,NA,NA,NA,NA,NA,NA,NA,NA,NA
PUMDWSTR,NA,NA,NA,NA,NA,NA,NA,NA,NA,NA,NA
VUMDWSTR,NA,NA,NA,NA,NA,NA,NA,NA,NA,NA,NA
PWNJ1415,NA,NA,NA,NA,NA,NA,NA,NA,NA,NA,NA
PUPASNDY,NA,NA,NA,NA,NA,NA,NA,NA,NA,NA,NA
VUPASNDY,NA,NA,NA,NA,NA,NA,NA,NA,NA,NA,NA
PTSCCHPN,NA,NA,NA,NA,NA,NA,NA,NA,NA,NA,NA
PASCCHPN,NA,NA,NA,NA,NA,NA,NA,NA,NA,NA,NA
VTSCCHPN,NA,NA,NA,NA,NA,NA,NA,NA,NA,NA,NA
VASCCHPN,NA,NA,NA,NA,NA,NA,NA,NA,NA,NA,NA
PUNJLAND,NA,NA,NA,NA,NA,NA,NA,NA,NA,NA,NA
PUMDDORC,NA,NA,NA,NA,NA,NA,NA,NA,NA,NA,NA
VUMDDORC,NA,NA,NA,NA,NA,NA,NA,NA,NA,NA,NA
PATXKEMP,NA,NA,NA,NA,NA,NA,NA,NA,NA,NA,NA
PTNYEWIL,NA,NA,NA,NA,NA,NA,NA,NA,NA,NA,NA
PUNYEWIL,NA,NA,NA,NA,NA,NA,NA,NA,NA,NA,NA
PANYEWIL,NA,NA,NA,NA,NA,NA,NA,NA,NA,NA,NA
PUWVPPSD,NA,NA,NA,NA,NA,NA,NA,NA,NA,NA,NA
PTNYITHA,NA,NA,NA,NA,NA,NA,NA,NA,NA,NA,NA
PTNJ2016,NA,NA,NA,NA,NA,NA,NA,NA,NA,NA,NA
PUNJ2016,NA,NA,NA,NA,NA,NA,NA,NA,NA,NA,NA
PUGAHCWA,NA,NA,NA,NA,NA,NA,NA,NA,NA,NA,NA
VUGAHCWA,NA,NA,NA,NA,NA,NA,NA,NA,NA,NA,NA
VMGAHCWA,NA,NA,NA,NA,NA,NA,NA,NA,NA,NA,NA
PUPAMAWA,NA,NA,NA,NA,NA,NA,NA,NA,NA,NA,NA
PTNJ1813,NA,NA,NA,NA,NA,NA,NA,NA,NA,NA,NA
PUNJ1813,NA,NA,NA,NA,NA,NA,NA,NA,NA,NA,NA
VTNJ1813,NA,NA,NA,NA,NA,NA,NA,NA,NA,NA,NA
VUNJ1813,NA,NA,NA,NA,NA,NA,NA,NA,NA,NA,NA
VMNJ1813,NA,NA,NA,NA,NA,NA,NA,NA,NA,NA,NA
PAKSLEOC,NA,NA,NA,NA,NA,NA,NA,NA,NA,NA,NA
PUKSLEOC,NA,NA,NA,NA,NA,NA,NA,NA,NA,NA,NA
PUIADURA,NA,NA,NA,NA,NA,NA,NA,NA,NA,NA,NA
PEIADURA,NA,NA,NA,NA,NA,NA,NA,NA,NA,NA,NA
PUGACAVE,NA,NA,NA,NA,NA,NA,NA,NA,NA,NA,NA
PCGACAVE,NA,NA,NA,NA,NA,NA,NA,NA,NA,NA,NA
PAGACAVE,NA,NA,NA,NA,NA,NA,NA,NA,NA,NA,NA
PUIAGUTN,NA,NA,NA,NA,NA,NA,NA,NA,NA,NA,NA
PAPANSEW,NA,NA,NA,NA,NA,NA,NA,NA,NA,NA,NA
VAPANSEW,NA,NA,NA,NA,NA,NA,NA,NA,NA,NA,NA
PUMDHAMP,NA,NA,NA,NA,NA,NA,NA,NA,NA,NA,NA
VMMDHAMP,NA,NA,NA,NA,NA,NA,NA,NA,NA,NA,NA
VUMDHAMP,NA,NA,NA,NA,NA,NA,NA,NA,NA,NA,NA
PUIACLAR,NA,NA,NA,NA,NA,NA,NA,NA,NA,NA,NA
PWNJ1335,NA,NA,NA,NA,NA,NA,NA,NA,NA,NA,NA
VWNJ1335,NA,NA,NA,NA,NA,NA,NA,NA,NA,NA,NA
PCGAJSPR,NA,NA,NA,NA,NA,NA,NA,NA,NA,NA,NA
PLGAJSPR,NA,NA,NA,NA,NA,NA,NA,NA,NA,NA,NA
VEGAJSPR,NA,NA,NA,NA,NA,NA,NA,NA,NA,NA,NA
VMGAJSPR,NA,NA,NA,NA,NA,NA,NA,NA,NA,NA,NA
PTNJ1439,NA,NA,NA,NA,NA,NA,NA,NA,NA,NA,NA
PUNJ1439,NA,NA,NA,NA,NA,NA,NA,NA,NA,NA,NA
PSNJ1439,NA,NA,NA,NA,NA,NA,NA,NA,NA,NA,NA
PAGAWICO,NA,NA,NA,NA,NA,NA,NA,NA,NA,NA,NA
VAGAWICO,NA,NA,NA,NA,NA,NA,NA,NA,NA,NA,NA
PUMOVAND,NA,NA,NA,NA,NA,NA,NA,NA,NA,NA,NA
VUMOVAND,NA,NA,NA,NA,NA,NA,NA,NA,NA,NA,NA
VMMOVAND,NA,NA,NA,NA,NA,NA,NA,NA,NA,NA,NA
PAVACFRG,NA,NA,NA,NA,NA,NA,NA,NA,NA,NA,NA
PTVACFRG,NA,NA,NA,NA,NA,NA,NA,NA,NA,NA,NA
PUVACFRG,NA,NA,NA,NA,NA,NA,NA,NA,NA,NA,NA
VAVACFRG,NA,NA,NA,NA,NA,NA,NA,NA,NA,NA,NA
VTVACFRG,NA,NA,NA,NA,NA,NA,NA,NA,NA,NA,NA
VUVACFRG,NA,NA,NA,NA,NA,NA,NA,NA,NA,NA,NA
VMVACFRG,NA,NA,NA,NA,NA,NA,NA,NA,NA,NA,NA
PTDEFRED,NA,NA,NA,NA,NA,NA,NA,NA,NA,NA,NA
PUDEFRED,NA,NA,NA,NA,NA,NA,NA,NA,NA,NA,NA
PTNJ0314,NA,NA,NA,NA,NA,NA,NA,NA,NA,NA,NA
PUNJ0314,NA,NA,NA,NA,NA,NA,NA,NA,NA,NA,NA
PTNYNPOR,NA,NA,NA,NA,NA,NA,NA,NA,NA,NA,NA
PTTNBAXT,NA,NA,NA,NA,NA,NA,NA,NA,NA,NA,NA
PUTNBAXT,NA,NA,NA,NA,NA,NA,NA,NA,NA,NA,NA
PCTNBAXT,NA,NA,NA,NA,NA,NA,NA,NA,NA,NA,NA
VTTNBAXT,NA,NA,NA,NA,NA,NA,NA,NA,NA,NA,NA
VUTNBAXT,NA,NA,NA,NA,NA,NA,NA,NA,NA,NA,NA
VMTNBAXT,NA,NA,NA,NA,NA,NA,NA,NA,NA,NA,NA
PUIAODEB,NA,NA,NA,NA,NA,NA,NA,NA,NA,NA,NA
PUIAMCLD,NA,NA,NA,NA,NA,NA,NA,NA,NA,NA,NA
PANJ0107,NA,NA,NA,NA,NA,NA,NA,NA,NA,NA,NA
PCNJ0107,NA,NA,NA,NA,NA,NA,NA,NA,NA,NA,NA
VANJ0107,NA,NA,NA,NA,NA,NA,NA,NA,NA,NA,NA
VMNJ0107,NA,NA,NA,NA,NA,NA,NA,NA,NA,NA,NA
PUIAELKH,NA,NA,NA,NA,NA,NA,NA,NA,NA,NA,NA
PUSCSGWD,NA,NA,NA,NA,NA,NA,NA,NA,NA,NA,NA
PASCSTGT,NA,NA,NA,NA,NA,NA,NA,NA,NA,NA,NA
VUSCSGWD,NA,NA,NA,NA,NA,NA,NA,NA,NA,NA,NA
VASCSTGT,NA,NA,NA,NA,NA,NA,NA,NA,NA,NA,NA
VMSCSTGT,NA,NA,NA,NA,NA,NA,NA,NA,NA,NA,NA
PUKSGRBC,NA,NA,NA,NA,NA,NA,NA,NA,NA,NA,NA
PUIAOAKC,NA,NA,NA,NA,NA,NA,NA,NA,NA,NA,NA
VUIAOAKC,NA,NA,NA,NA,NA,NA,NA,NA,NA,NA,NA
VMIAOAKC,NA,NA,NA,NA,NA,NA,NA,NA,NA,NA,NA
PTNJ0245,NA,NA,NA,NA,NA,NA,NA,NA,NA,NA,NA
PUNJ1021,NA,NA,NA,NA,NA,NA,NA,NA,NA,NA,NA
PUPAFARR,NA,NA,NA,NA,NA,NA,NA,NA,NA,NA,NA
VMPAFARR,NA,NA,NA,NA,NA,NA,NA,NA,NA,NA,NA
VUPAFARR,NA,NA,NA,NA,NA,NA,NA,NA,NA,NA,NA
PUIAERHC,NA,NA,NA,NA,NA,NA,NA,NA,NA,NA,NA
PATXSSCY,NA,NA,NA,NA,NA,NA,NA,NA,NA,NA,NA
PANHENFI,NA,NA,NA,NA,NA,NA,NA,NA,NA,NA,NA
PCDEOCVW,NA,NA,NA,NA,NA,NA,NA,NA,NA,NA,NA
PUTXSSCY,NA,NA,NA,NA,NA,NA,NA,NA,NA,NA,NA
PCTXSSCY,NA,NA,NA,NA,NA,NA,NA,NA,NA,NA,NA
PUVACCUS,NA,NA,NA,NA,NA,NA,NA,NA,NA,NA,NA
PAVAMANA,NA,NA,NA,NA,NA,NA,NA,NA,NA,NA,NA
PUVAMANA,NA,NA,NA,NA,NA,NA,NA,NA,NA,NA,NA
PCVAMANA,NA,NA,NA,NA,NA,NA,NA,NA,NA,NA,NA
PAMOLARC,NA,NA,NA,NA,NA,NA,NA,NA,NA,NA,NA
PUMOLARC,NA,NA,NA,NA,NA,NA,NA,NA,NA,NA,NA
PCMOLARC,NA,NA,NA,NA,NA,NA,NA,NA,NA,NA,NA
PUNYRVRH,NA,NA,NA,NA,NA,NA,NA,NA,NA,NA,NA
PAIAINDT,NA,NA,NA,NA,NA,NA,NA,NA,NA,NA,NA
PCIAINDT,NA,NA,NA,NA,NA,NA,NA,NA,NA,NA,NA
PUIAPLTH,NA,NA,NA,NA,NA,NA,NA,NA,NA,NA,NA
VUNYDMTN,NA,NA,NA,NA,NA,NA,NA,NA,NA,NA,NA
VMNYDMTN,NA,NA,NA,NA,NA,NA,NA,NA,NA,NA,NA
PUWVPARS,NA,NA,NA,NA,NA,NA,NA,NA,NA,NA,NA
PUNYBING,NA,NA,NA,NA,NA,NA,NA,NA,NA,NA,NA
PAKYCALV,NA,NA,NA,NA,NA,NA,NA,NA,NA,NA,NA
PTKYCALV,NA,NA,NA,NA,NA,NA,NA,NA,NA,NA,NA
PUKYCALS,NA,NA,NA,NA,NA,NA,NA,NA,NA,NA,NA
PCKYCALV,NA,NA,NA,NA,NA,NA,NA,NA,NA,NA,NA
PUNEMILF,NA,NA,NA,NA,NA,NA,NA,NA,NA,NA,NA
VUNEMILF,NA,NA,NA,NA,NA,NA,NA,NA,NA,NA,NA
VMNEMILF,NA,NA,NA,NA,NA,NA,NA,NA,NA,NA,NA
PTNJ1217,NA,NA,NA,NA,NA,NA,NA,NA,NA,NA,NA
PUNJ1217,NA,NA,NA,NA,NA,NA,NA,NA,NA,NA,NA
PUIAELKA,NA,NA,NA,NA,NA,NA,NA,NA,NA,NA,NA
VUIAELKA,NA,NA,NA,NA,NA,NA,NA,NA,NA,NA,NA
PAVAGLAX,NA,NA,NA,NA,NA,NA,NA,NA,NA,NA,NA
PUIAWAYL,NA,NA,NA,NA,NA,NA,NA,NA,NA,NA,NA
PUGAASHB,NA,NA,NA,NA,NA,NA,NA,NA,NA,NA,NA
PANJCTFD,NA,NA,NA,NA,NA,NA,NA,NA,NA,NA,NA
PUIADUNK,NA,NA,NA,NA,NA,NA,NA,NA,NA,NA,NA
PCNYGARD,NA,NA,NA,NA,NA,NA,NA,NA,NA,NA,NA
PANYGARD,NA,NA,NA,NA,NA,NA,NA,NA,NA,NA,NA
PTVADUBL,NA,NA,NA,NA,NA,NA,NA,NA,NA,NA,NA
PUVADUBL,NA,NA,NA,NA,NA,NA,NA,NA,NA,NA,NA
PAGAESMN,NA,NA,NA,NA,NA,NA,NA,NA,NA,NA,NA
PUGAESMN,NA,NA,NA,NA,NA,NA,NA,NA,NA,NA,NA
PTGAESMN,NA,NA,NA,NA,NA,NA,NA,NA,NA,NA,NA
PANJ1514,NA,NA,NA,NA,NA,NA,NA,NA,NA,NA,NA
VANJ1514,NA,NA,NA,NA,NA,NA,NA,NA,NA,NA,NA
PUIADIKE,NA,NA,NA,NA,NA,NA,NA,NA,NA,NA,NA
PAIADIKE,NA,NA,NA,NA,NA,NA,NA,NA,NA,NA,NA
PUGATYTY,NA,NA,NA,NA,NA,NA,NA,NA,NA,NA,NA
PANJ1506,NA,NA,NA,NA,NA,NA,NA,NA,NA,NA,NA
VANJ1506,NA,NA,NA,NA,NA,NA,NA,NA,NA,NA,NA
PAFLMNLA,NA,NA,NA,NA,NA,NA,NA,NA,NA,NA,NA
PTDE135,NA,NA,NA,NA,NA,NA,NA,NA,NA,NA,NA
PUDE135,NA,NA,NA,NA,NA,NA,NA,NA,NA,NA,NA
PADE135,NA,NA,NA,NA,NA,NA,NA,NA,NA,NA,NA
VTNJ0107,NA,NA,NA,NA,NA,NA,NA,NA,NA,NA,NA
VUNJ0107,NA,NA,NA,NA,NA,NA,NA,NA,NA,NA,NA
PATXSAFE,NA,NA,NA,NA,NA,NA,NA,NA,NA,NA,NA
PUFLMNLA,NA,NA,NA,NA,NA,NA,NA,NA,NA,NA,NA
PSNJ1313,NA,NA,NA,NA,NA,NA,NA,NA,NA,NA,NA
PWPASNDY,NA,NA,NA,NA,NA,NA,NA,NA,NA,NA,NA
PQNJ1912,NA,NA,NA,NA,NA,NA,NA,NA,NA,NA,NA
PBNJ1912,NA,NA,NA,NA,NA,NA,NA,NA,NA,NA,NA
PDNJ1912,NA,NA,NA,NA,NA,NA,NA,NA,NA,NA,NA
PVNJ1912,NA,NA,NA,NA,NA,NA,NA,NA,NA,NA,NA
PINJ1912,NA,NA,NA,NA,NA,NA,NA,NA,NA,NA,NA
PLNJ1912,NA,NA,NA,NA,NA,NA,NA,NA,NA,NA,NA
PXNJ1912,NA,NA,NA,NA,NA,NA,NA,NA,NA,NA,NA
PTNCWHIT,NA,NA,NA,NA,NA,NA,NA,NA,NA,NA,NA
VTNCWHIT,NA,NA,NA,NA,NA,NA,NA,NA,NA,NA,NA
PVPACAVB,NA,NA,NA,NA,NA,NA,NA,NA,NA,NA,NA
PWPACAVB,NA,NA,NA,NA,NA,NA,NA,NA,NA,NA,NA
VWPACAVB,NA,NA,NA,NA,NA,NA,NA,NA,NA,NA,NA
VCPACAVB,NA,NA,NA,NA,NA,NA,NA,NA,NA,NA,NA
PUNJ0205,NA,NA,NA,NA,NA,NA,NA,NA,NA,NA,NA
VUNJ0205,NA,NA,NA,NA,NA,NA,NA,NA,NA,NA,NA
VMNJ0205,NA,NA,NA,NA,NA,NA,NA,NA,NA,NA,NA
VTNJ0307,NA,NA,NA,NA,NA,NA,NA,NA,NA,NA,NA
VUNJ0307,NA,NA,NA,NA,NA,NA,NA,NA,NA,NA,NA
VMNJ0307,NA,NA,NA,NA,NA,NA,NA,NA,NA,NA,NA
PUIAGARN,NA,NA,NA,NA,NA,NA,NA,NA,NA,NA,NA
VUIAGARN,NA,NA,NA,NA,NA,NA,NA,NA,NA,NA,NA
PAMEKENC,NA,NA,NA,NA,NA,NA,NA,NA,NA,NA,NA
PUIAFOST,NA,NA,NA,NA,NA,NA,NA,NA,NA,NA,NA
VMIAFOST,NA,NA,NA,NA,NA,NA,NA,NA,NA,NA,NA
VUIAFOST,NA,NA,NA,NA,NA,NA,NA,NA,NA,NA,NA
PTNYSGFV,NA,NA,NA,NA,NA,NA,NA,NA,NA,NA,NA
PUNYSGFV,NA,NA,NA,NA,NA,NA,NA,NA,NA,NA,NA
PAIADRNT,NA,NA,NA,NA,NA,NA,NA,NA,NA,NA,NA
PUIADRNT,NA,NA,NA,NA,NA,NA,NA,NA,NA,NA,NA
PCIAOSGE,NA,NA,NA,NA,NA,NA,NA,NA,NA,NA,NA
VMIAOSGE,NA,NA,NA,NA,NA,NA,NA,NA,NA,NA,NA
PUPASPSA,NA,NA,NA,NA,NA,NA,NA,NA,NA,NA,NA
PSNJ0715,NA,NA,NA,NA,NA,NA,NA,NA,NA,NA,NA
PTNJ1901,NA,NA,NA,NA,NA,NA,NA,NA,NA,NA,NA
PUNJ1901,NA,NA,NA,NA,NA,NA,NA,NA,NA,NA,NA
PUKSGALE,NA,NA,NA,NA,NA,NA,NA,NA,NA,NA,NA
PANJ0425,NA,NA,NA,NA,NA,NA,NA,NA,NA,NA,NA
VANJ0425,NA,NA,NA,NA,NA,NA,NA,NA,NA,NA,NA
PZNJ0217,NA,NA,NA,NA,NA,NA,NA,NA,NA,NA,NA
VZNJ0217,NA,NA,NA,NA,NA,NA,NA,NA,NA,NA,NA
PDNJ1342,NA,NA,NA,NA,NA,NA,NA,NA,NA,NA,NA
PUTXETUD,NA,NA,NA,NA,NA,NA,NA,NA,NA,NA,NA
VUTXETUD,NA,NA,NA,NA,NA,NA,NA,NA,NA,NA,NA
VMTXETUD,NA,NA,NA,NA,NA,NA,NA,NA,NA,NA,NA
PTNJ1008,NA,NA,NA,NA,NA,NA,NA,NA,NA,NA,NA
VUVAMANA,NA,NA,NA,NA,NA,NA,NA,NA,NA,NA,NA
VAVAMANA,NA,NA,NA,NA,NA,NA,NA,NA,NA,NA,NA
VMVAMANA,NA,NA,NA,NA,NA,NA,NA,NA,NA,NA,NA
PANJ0701,NA,NA,NA,NA,NA,NA,NA,NA,NA,NA,NA
PCNJ0807,NA,NA,NA,NA,NA,NA,NA,NA,NA,NA,NA
PUWVMORG,NA,NA,NA,NA,NA,NA,NA,NA,NA,NA,NA
VUWVMORG,NA,NA,NA,NA,NA,NA,NA,NA,NA,NA,NA
PEIAGUTN,NA,NA,NA,NA,NA,NA,NA,NA,NA,NA,NA
PAFLNRFD,NA,NA,NA,NA,NA,NA,NA,NA,NA,NA,NA
PAWVSTAR,NA,NA,NA,NA,NA,NA,NA,NA,NA,NA,NA
VAWVSTAR,NA,NA,NA,NA,NA,NA,NA,NA,NA,NA,NA
VSFLWBST,NA,NA,NA,NA,NA,NA,NA,NA,NA,NA,NA
VWFLWBST,NA,NA,NA,NA,NA,NA,NA,NA,NA,NA,NA
PATXSWSC,NA,NA,NA,NA,NA,NA,NA,NA,NA,NA,NA
PUTXSWSC,NA,NA,NA,NA,NA,NA,NA,NA,NA,NA,NA
PSNJ1021,NA,NA,NA,NA,NA,NA,NA,NA,NA,NA,NA
PCFLGBOC,NA,NA,NA,NA,NA,NA,NA,NA,NA,NA,NA
PALAWINN,NA,NA,NA,NA,NA,NA,NA,NA,NA,NA,NA
PULAWINN,NA,NA,NA,NA,NA,NA,NA,NA,NA,NA,NA
PANYLNDV,NA,NA,NA,NA,NA,NA,NA,NA,NA,NA,NA
PTNYLNDV,NA,NA,NA,NA,NA,NA,NA,NA,NA,NA,NA
PAPAFARR,NA,NA,NA,NA,NA,NA,NA,NA,NA,NA,NA
VAPAFARR,NA,NA,NA,NA,NA,NA,NA,NA,NA,NA,NA
VAGALAVO,NA,NA,NA,NA,NA,NA,NA,NA,NA,NA,NA
PAGALAVO,NA,NA,NA,NA,NA,NA,NA,NA,NA,NA,NA
PPNJ1313,NA,NA,NA,NA,NA,NA,NA,NA,NA,NA,NA
PTNJ1432,NA,NA,NA,NA,NA,NA,NA,NA,NA,NA,NA
PUNJ1432,NA,NA,NA,NA,NA,NA,NA,NA,NA,NA,NA
VTNJ1432,NA,NA,NA,NA,NA,NA,NA,NA,NA,NA,NA
VUNJ1432,NA,NA,NA,NA,NA,NA,NA,NA,NA,NA,NA
VMNJ1432,NA,NA,NA,NA,NA,NA,NA,NA,NA,NA,NA
PCNJ0703,NA,NA,NA,NA,NA,NA,NA,NA,NA,NA,NA
PAGASPRI,NA,NA,NA,NA,NA,NA,NA,NA,NA,NA,NA
VAGASPRI,NA,NA,NA,NA,NA,NA,NA,NA,NA,NA,NA
PTGALAVO,NA,NA,NA,NA,NA,NA,NA,NA,NA,NA,NA
VTGALAVO,NA,NA,NA,NA,NA,NA,NA,NA,NA,NA,NA
PATNMOSH,NA,NA,NA,NA,NA,NA,NA,NA,NA,NA,NA
VATNMOSH,NA,NA,NA,NA,NA,NA,NA,NA,NA,NA,NA
PCNJ0802,NA,NA,NA,NA,NA,NA,NA,NA,NA,NA,NA
PTNJ0218,NA,NA,NA,NA,NA,NA,NA,NA,NA,NA,NA
PUNJ0218,NA,NA,NA,NA,NA,NA,NA,NA,NA,NA,NA
VTDEFRED,NA,NA,NA,NA,NA,NA,NA,NA,NA,NA,NA
VUDEFRED,NA,NA,NA,NA,NA,NA,NA,NA,NA,NA,NA
VMDEFRED,NA,NA,NA,NA,NA,NA,NA,NA,NA,NA,NA
PGNJ1419,NA,NA,NA,NA,NA,NA,NA,NA,NA,NA,NA
PUIACLER,NA,NA,NA,NA,NA,NA,NA,NA,NA,NA,NA
VMIACLER,NA,NA,NA,NA,NA,NA,NA,NA,NA,NA,NA
VUIACLER,NA,NA,NA,NA,NA,NA,NA,NA,NA,NA,NA
PCNJ1906,NA,NA,NA,NA,NA,NA,NA,NA,NA,NA,NA
PUIAVANM,NA,NA,NA,NA,NA,NA,NA,NA,NA,NA,NA
PGNJ0807,NA,NA,NA,NA,NA,NA,NA,NA,NA,NA,NA
VMMOMILA,NA,NA,NA,NA,NA,NA,NA,NA,NA,NA,NA
VUMOMILA,NA,NA,NA,NA,NA,NA,NA,NA,NA,NA,NA
VMNJ0902,NA,NA,NA,NA,NA,NA,NA,NA,NA,NA,NA
VUNJ0902,NA,NA,NA,NA,NA,NA,NA,NA,NA,NA,NA
VTNJ0902,NA,NA,NA,NA,NA,NA,NA,NA,NA,NA,NA
VMIAELKH,NA,NA,NA,NA,NA,NA,NA,NA,NA,NA,NA
VUIAELKH,NA,NA,NA,NA,NA,NA,NA,NA,NA,NA,NA
PANJ0709,NA,NA,NA,NA,NA,NA,NA,NA,NA,NA,NA
PTNJ0804,NA,NA,NA,NA,NA,NA,NA,NA,NA,NA,NA
PCGAWREN,NA,NA,NA,NA,NA,NA,NA,NA,NA,NA,NA
PUNJFTSA,NA,NA,NA,NA,NA,NA,NA,NA,NA,NA,NA
PTNJ0336,NA,NA,NA,NA,NA,NA,NA,NA,NA,NA,NA
PBNJ0412,NA,NA,NA,NA,NA,NA,NA,NA,NA,NA,NA
VBNJ0412,NA,NA,NA,NA,NA,NA,NA,NA,NA,NA,NA
VFGAHAWK,NA,NA,NA,NA,NA,NA,NA,NA,NA,NA,NA
PUNJ0506,NA,NA,NA,NA,NA,NA,NA,NA,NA,NA,NA
PTNJ0506,NA,NA,NA,NA,NA,NA,NA,NA,NA,NA,NA
VZGAHAWK,NA,NA,NA,NA,NA,NA,NA,NA,NA,NA,NA
PUNJ1523,NA,NA,NA,NA,NA,NA,NA,NA,NA,NA,NA
PWNJ1523,NA,NA,NA,NA,NA,NA,NA,NA,NA,NA,NA
PTNJ1523,NA,NA,NA,NA,NA,NA,NA,NA,NA,NA,NA
PCIAOAKC,NA,NA,NA,NA,NA,NA,NA,NA,NA,NA,NA
PUIALELA,NA,NA,NA,NA,NA,NA,NA,NA,NA,NA,NA
PAFLBELE,NA,NA,NA,NA,NA,NA,NA,NA,NA,NA,NA
PUNYJERU,NA,NA,NA,NA,NA,NA,NA,NA,NA,NA,NA
PWNJWDSA,NA,NA,NA,NA,NA,NA,NA,NA,NA,NA,NA
PWPAMAWA,NA,NA,NA,NA,NA,NA,NA,NA,NA,NA,NA
PAIAOKOB,NA,NA,NA,NA,NA,NA,NA,NA,NA,NA,NA
VUIAOKOB,NA,NA,NA,NA,NA,NA,NA,NA,NA,NA,NA
VAIAOKOB,NA,NA,NA,NA,NA,NA,NA,NA,NA,NA,NA
VMIAOKOB,NA,NA,NA,NA,NA,NA,NA,NA,NA,NA,NA
VUIACLAR,NA,NA,NA,NA,NA,NA,NA,NA,NA,NA,NA
PURIWOON,NA,NA,NA,NA,NA,NA,NA,NA,NA,NA,NA
PWRIWOON,NA,NA,NA,NA,NA,NA,NA,NA,NA,NA,NA
PUIAIDAG,NA,NA,NA,NA,NA,NA,NA,NA,NA,NA,NA
VMIAIDAG,NA,NA,NA,NA,NA,NA,NA,NA,NA,NA,NA
VUIAIDAG,NA,NA,NA,NA,NA,NA,NA,NA,NA,NA,NA
PUTXNHNT,NA,NA,NA,NA,NA,NA,NA,NA,NA,NA,NA
VMTXNHNT,NA,NA,NA,NA,NA,NA,NA,NA,NA,NA,NA
VUTXNHNT,NA,NA,NA,NA,NA,NA,NA,NA,NA,NA,NA
PANJ0821,NA,NA,NA,NA,NA,NA,NA,NA,NA,NA,NA
PUNYFORE,NA,NA,NA,NA,NA,NA,NA,NA,NA,NA,NA
PCNEMILF,NA,NA,NA,NA,NA,NA,NA,NA,NA,NA,NA
PAVACAMC,NA,NA,NA,NA,NA,NA,NA,NA,NA,NA,NA
PTVACAMC,NA,NA,NA,NA,NA,NA,NA,NA,NA,NA,NA
PCVACAMC,NA,NA,NA,NA,NA,NA,NA,NA,NA,NA,NA
VAVACAMC,NA,NA,NA,NA,NA,NA,NA,NA,NA,NA,NA
VMVACAMC,NA,NA,NA,NA,NA,NA,NA,NA,NA,NA,NA
VTVACAMC,NA,NA,NA,NA,NA,NA,NA,NA,NA,NA,NA
PDNJ0720,NA,NA,NA,NA,NA,NA,NA,NA,NA,NA,NA
PUNJ0912,NA,NA,NA,NA,NA,NA,NA,NA,NA,NA,NA
PAGAFRAN,NA,NA,NA,NA,NA,NA,NA,NA,NA,NA,NA
PCGAFRAN,NA,NA,NA,NA,NA,NA,NA,NA,NA,NA,NA
PAMDSMZO,NA,NA,NA,NA,NA,NA,NA,NA,NA,NA,NA
VAMDSMZO,NA,NA,NA,NA,NA,NA,NA,NA,NA,NA,NA
PADE22,NA,NA,NA,NA,NA,NA,NA,NA,NA,NA,NA
PTDE22,NA,NA,NA,NA,NA,NA,NA,NA,NA,NA,NA
PCDE22,NA,NA,NA,NA,NA,NA,NA,NA,NA,NA,NA
VADE22,NA,NA,NA,NA,NA,NA,NA,NA,NA,NA,NA
VMDE22,NA,NA,NA,NA,NA,NA,NA,NA,NA,NA,NA
VTDE22,NA,NA,NA,NA,NA,NA,NA,NA,NA,NA,NA
PKNJ0266,NA,NA,NA,NA,NA,NA,NA,NA,NA,NA,NA
PDNJ0266,NA,NA,NA,NA,NA,NA,NA,NA,NA,NA,NA
PCNJ0266,NA,NA,NA,NA,NA,NA,NA,NA,NA,NA,NA
PANYWAVL,NA,NA,NA,NA,NA,NA,NA,NA,NA,NA,NA
VANYWAVL,NA,NA,NA,NA,NA,NA,NA,NA,NA,NA,NA
PUNJ0707,NA,NA,NA,NA,NA,NA,NA,NA,NA,NA,NA
PTNJ0707,NA,NA,NA,NA,NA,NA,NA,NA,NA,NA,NA
PPNJ1524,NA,NA,NA,NA,NA,NA,NA,NA,NA,NA,NA
PTGAWREN,NA,NA,NA,NA,NA,NA,NA,NA,NA,NA,NA
VSGAWREN,NA,NA,NA,NA,NA,NA,NA,NA,NA,NA,NA
PTNJ1615,NA,NA,NA,NA,NA,NA,NA,NA,NA,NA,NA
PDNJ1505,NA,NA,NA,NA,NA,NA,NA,NA,NA,NA,NA
PPNJ1505,NA,NA,NA,NA,NA,NA,NA,NA,NA,NA,NA
PZNJ1505,NA,NA,NA,NA,NA,NA,NA,NA,NA,NA,NA
PCNJ1505,NA,NA,NA,NA,NA,NA,NA,NA,NA,NA,NA
PVNJ1505,NA,NA,NA,NA,NA,NA,NA,NA,NA,NA,NA
PUKSHUGO,NA,NA,NA,NA,NA,NA,NA,NA,NA,NA,NA
PCKSHUGO,NA,NA,NA,NA,NA,NA,NA,NA,NA,NA,NA
PUNJ0301,NA,NA,NA,NA,NA,NA,NA,NA,NA,NA,NA
PUKSLCCK,NA,NA,NA,NA,NA,NA,NA,NA,NA,NA,NA
PCKSLCCK,NA,NA,NA,NA,NA,NA,NA,NA,NA,NA,NA
PUPATOWA,NA,NA,NA,NA,NA,NA,NA,NA,NA,NA,NA
PUNYCHAT,NA,NA,NA,NA,NA,NA,NA,NA,NA,NA,NA
PCNYCHAT,NA,NA,NA,NA,NA,NA,NA,NA,NA,NA,NA
PUPABRAD,NA,NA,NA,NA,NA,NA,NA,NA,NA,NA,NA
PUNYWSTL,NA,NA,NA,NA,NA,NA,NA,NA,NA,NA,NA
VAKSOWCY,NA,NA,NA,NA,NA,NA,NA,NA,NA,NA,NA
VUKSOWCY,NA,NA,NA,NA,NA,NA,NA,NA,NA,NA,NA
PCMDDORC,NA,NA,NA,NA,NA,NA,NA,NA,NA,NA,NA
PBNJ1342,NA,NA,NA,NA,NA,NA,NA,NA,NA,NA,NA
PAGAMONR,NA,NA,NA,NA,NA,NA,NA,NA,NA,NA,NA
PCGAMETT,NA,NA,NA,NA,NA,NA,NA,NA,NA,NA,NA
PTNYPLAN,NA,NA,NA,NA,NA,NA,NA,NA,NA,NA,NA
PUNYPLAN,NA,NA,NA,NA,NA,NA,NA,NA,NA,NA,NA
PANYPLAN,NA,NA,NA,NA,NA,NA,NA,NA,NA,NA,NA
PAMDHAMP,NA,NA,NA,NA,NA,NA,NA,NA,NA,NA,NA
PUNYCPWA,NA,NA,NA,NA,NA,NA,NA,NA,NA,NA,NA
PUKSHILL,NA,NA,NA,NA,NA,NA,NA,NA,NA,NA,NA
PUSCBIWD,NA,NA,NA,NA,NA,NA,NA,NA,NA,NA,NA
PUIABMLD,NA,NA,NA,NA,NA,NA,NA,NA,NA,NA,NA
PCIABMLD,NA,NA,NA,NA,NA,NA,NA,NA,NA,NA,NA
VMIABMLD,NA,NA,NA,NA,NA,NA,NA,NA,NA,NA,NA
VUIABMLD,NA,NA,NA,NA,NA,NA,NA,NA,NA,NA,NA
PTNJ0722,NA,NA,NA,NA,NA,NA,NA,NA,NA,NA,NA
PAMOSCTT,NA,NA,NA,NA,NA,NA,NA,NA,NA,NA,NA
PUNJ0722,NA,NA,NA,NA,NA,NA,NA,NA,NA,NA,NA
PUMOSCTT,NA,NA,NA,NA,NA,NA,NA,NA,NA,NA,NA
VAMOSCTT,NA,NA,NA,NA,NA,NA,NA,NA,NA,NA,NA
VMMOSCTT,NA,NA,NA,NA,NA,NA,NA,NA,NA,NA,NA
VUMOSCTT,NA,NA,NA,NA,NA,NA,NA,NA,NA,NA,NA
PCVACCUS,NA,NA,NA,NA,NA,NA,NA,NA,NA,NA,NA
PUNJWTNA,NA,NA,NA,NA,NA,NA,NA,NA,NA,NA,NA
PUCTWWSA,NA,NA,NA,NA,NA,NA,NA,NA,NA,NA,NA
PUNYMECC,NA,NA,NA,NA,NA,NA,NA,NA,NA,NA,NA
PTNYMECC,NA,NA,NA,NA,NA,NA,NA,NA,NA,NA,NA
VMNYMECC,NA,NA,NA,NA,NA,NA,NA,NA,NA,NA,NA
VUNYMECC,NA,NA,NA,NA,NA,NA,NA,NA,NA,NA,NA
VTNYMECC,NA,NA,NA,NA,NA,NA,NA,NA,NA,NA,NA
PANJ0813,NA,NA,NA,NA,NA,NA,NA,NA,NA,NA,NA
PFTXMAVE,NA,NA,NA,NA,NA,NA,NA,NA,NA,NA,NA
PJTXMAVE,NA,NA,NA,NA,NA,NA,NA,NA,NA,NA,NA
PLTXMAVE,NA,NA,NA,NA,NA,NA,NA,NA,NA,NA,NA
PCTXMAVE,NA,NA,NA,NA,NA,NA,NA,NA,NA,NA,NA
PUTXMAVE,NA,NA,NA,NA,NA,NA,NA,NA,NA,NA,NA
PWTXMAVE,NA,NA,NA,NA,NA,NA,NA,NA,NA,NA,NA
PCDE21,NA,NA,NA,NA,NA,NA,NA,NA,NA,NA,NA
PUGAWSHN,NA,NA,NA,NA,NA,NA,NA,NA,NA,NA,NA
VBFLLABL,NA,NA,NA,NA,NA,NA,NA,NA,NA,NA,NA
VDFLLABL,NA,NA,NA,NA,NA,NA,NA,NA,NA,NA,NA
PTNJ1915,NA,NA,NA,NA,NA,NA,NA,NA,NA,NA,NA
PUNJ1915,NA,NA,NA,NA,NA,NA,NA,NA,NA,NA,NA
PTNJ1911,NA,NA,NA,NA,NA,NA,NA,NA,NA,NA,NA
PUPAALBN,NA,NA,NA,NA,NA,NA,NA,NA,NA,NA,NA
PWPAALBN,NA,NA,NA,NA,NA,NA,NA,NA,NA,NA,NA
PTNYMANO,NA,NA,NA,NA,NA,NA,NA,NA,NA,NA,NA
VMNYMANO,NA,NA,NA,NA,NA,NA,NA,NA,NA,NA,NA
VTNYMANO,NA,NA,NA,NA,NA,NA,NA,NA,NA,NA,NA
PTNCCLYD,NA,NA,NA,NA,NA,NA,NA,NA,NA,NA,NA
PUNCCLYD,NA,NA,NA,NA,NA,NA,NA,NA,NA,NA,NA
PATXMAVE,NA,NA,NA,NA,NA,NA,NA,NA,NA,NA,NA
PCNJ0511,NA,NA,NA,NA,NA,NA,NA,NA,NA,NA,NA
PNNJ2121,NA,NA,NA,NA,NA,NA,NA,NA,NA,NA,NA
PCNJ2121,NA,NA,NA,NA,NA,NA,NA,NA,NA,NA,NA
PONJ2121,NA,NA,NA,NA,NA,NA,NA,NA,NA,NA,NA
PUIAPLEA,NA,NA,NA,NA,NA,NA,NA,NA,NA,NA,NA
PUWVRCPS,NA,NA,NA,NA,NA,NA,NA,NA,NA,NA,NA
PPVAGLAX,NA,NA,NA,NA,NA,NA,NA,NA,NA,NA,NA
PCPAALBN,NA,NA,NA,NA,NA,NA,NA,NA,NA,NA,NA
PGPAALBN,NA,NA,NA,NA,NA,NA,NA,NA,NA,NA,NA
PUWVCOMA,NA,NA,NA,NA,NA,NA,NA,NA,NA,NA,NA
VUWVCOMA,NA,NA,NA,NA,NA,NA,NA,NA,NA,NA,NA
PUIAGILB,NA,NA,NA,NA,NA,NA,NA,NA,NA,NA,NA
PUGARCWS,NA,NA,NA,NA,NA,NA,NA,NA,NA,NA,NA
PAGAASTL,NA,NA,NA,NA,NA,NA,NA,NA,NA,NA,NA
PTNYWHTE,NA,NA,NA,NA,NA,NA,NA,NA,NA,NA,NA
VMIAPLEA,NA,NA,NA,NA,NA,NA,NA,NA,NA,NA,NA
VUIAPLEA,NA,NA,NA,NA,NA,NA,NA,NA,NA,NA,NA
PANJLMUA,NA,NA,NA,NA,NA,NA,NA,NA,NA,NA,NA
PUNJLMUA,NA,NA,NA,NA,NA,NA,NA,NA,NA,NA,NA
PCIAGARN,NA,NA,NA,NA,NA,NA,NA,NA,NA,NA,NA
VAIAGARN,NA,NA,NA,NA,NA,NA,NA,NA,NA,NA,NA
VMIAGARN,NA,NA,NA,NA,NA,NA,NA,NA,NA,NA,NA
PANJ1225,NA,NA,NA,NA,NA,NA,NA,NA,NA,NA,NA
PUIAELGI,NA,NA,NA,NA,NA,NA,NA,NA,NA,NA,NA
PUKYPWWC,NA,NA,NA,NA,NA,NA,NA,NA,NA,NA,NA
PAWVANST,NA,NA,NA,NA,NA,NA,NA,NA,NA,NA,NA
PUWVANST,NA,NA,NA,NA,NA,NA,NA,NA,NA,NA,NA
PUNJHTMA,NA,NA,NA,NA,NA,NA,NA,NA,NA,NA,NA
PUIANLON,NA,NA,NA,NA,NA,NA,NA,NA,NA,NA,NA
PAPAELAM,NA,NA,NA,NA,NA,NA,NA,NA,NA,NA,NA
PCPAELAM,NA,NA,NA,NA,NA,NA,NA,NA,NA,NA,NA
PUPAELAM,NA,NA,NA,NA,NA,NA,NA,NA,NA,NA,NA
PTNJ1812,NA,NA,NA,NA,NA,NA,NA,NA,NA,NA,NA
