SITE_NAME,Swipe_Checkbox?,Imported count,Screenshot name,LOGO Replaced,CSS saved,Redirect done,Undo Swipe,Undo CSS,Undo Redirect,PD_Site_URL,Merchant Code
PUNJ1201,UNCH,0,240826-223315_PUNJ1201_after.png,Error,Yes,Yes,NA,NA,NA,http://p5zlgintc01:16020/PayDirect/Merchant/Edit/644,35EDM-CARTU-CRTUP-W
PTNJ1201,UNCH,0,240826-223339_PTNJ1201_after.png,Error,Yes,Yes,NA,NA,NA,http://p5zlgintc01:16020/PayDirect/Merchant/Edit/645,35EDM-CARTT-CBTAX-W
PTNJ2009,UNCH,0,240826-223402_PTNJ2009_after.png,Error,Yes,Yes,NA,NA,NA,http://p5zlgintc01:16020/PayDirect/Merchant/Edit/656,35EDM-LINDT-LNTAX-W
PUNJ2009,UNCH,0,240826-223426_PUNJ2009_after.png,Error,Yes,Yes,NA,NA,NA,http://p5zlgintc01:16020/PayDirect/Merchant/Edit/657,35EDM-LINDE-LNNON-W
PTNJ0322,UNCH,0,240826-223450_PTNJ0322_after.png,Error,Yes,Yes,NA,NA,NA,http://p5zlgintc01:16020/PayDirect/Merchant/Edit/660,35EDM-MOORE-TMTAX-W
PUNJ0322,UNCH,0,240826-223513_PUNJ0322_after.png,Error,Yes,Yes,NA,NA,NA,http://p5zlgintc01:16020/PayDirect/Merchant/Edit/661,35EDM-MRSUT-TMUTL-W
PTNJ1353,UNCH,0,240826-223537_PTNJ1353_after.png,Error,Yes,Yes,NA,NA,NA,http://p5zlgintc01:16020/PayDirect/Merchant/Edit/663,35EDM-WLBBR-WLBTX-W
PTDECHSW,UNCH,0,240826-223601_PTDECHSW_after.png,Error,Yes,Yes,NA,NA,NA,http://p5zlgintc01:16020/PayDirect/Merchant/Edit/667,35EDM-CHESW-WBTAX-W
VTDECHSW,UNCH,0,240826-223624_VTDECHSW_after.png,Error,Yes,Yes,NA,NA,NA,http://p5zlgintc01:16020/PayDirect/Merchant/Edit/668,35EDM-CHESW-VTTAX-W
PTNJ0266,UNCH,0,240826-223648_PTNJ0266_after.png,Error,Yes,Yes,NA,NA,NA,http://p5zlgintc01:16020/PayDirect/Merchant/Edit/670,35EDM-WABER-WATAX-W
PTNJ0335,UNCH,0,240826-223712_PTNJ0335_after.png,Error,Yes,Yes,NA,NA,NA,http://p5zlgintc01:16020/PayDirect/Merchant/Edit/672,35EDM-TABER-TTTAX-W
PTNJ0220,UNCH,0,240826-223736_PTNJ0220_after.png,Error,Yes,Yes,NA,NA,NA,http://p5zlgintc01:16020/PayDirect/Merchant/Edit/673,35EDM-FRANK-FLTAX-W
PTNJ0802,UNCH,0,240826-223759_PTNJ0802_after.png,Error,Yes,Yes,NA,NA,NA,http://p5zlgintc01:16020/PayDirect/Merchant/Edit/674,35EDM-DTFRD-DTFTX-W
PTNJ0270,UNCH,0,240826-223823_PTNJ0270_after.png,Error,Yes,Yes,NA,NA,NA,http://p5zlgintc01:16020/PayDirect/Merchant/Edit/678,35EDM-WTTAX-WYTAX-W
PUNJ0270,UNCH,0,240826-223846_PUNJ0270_after.png,Error,Yes,Yes,NA,NA,NA,http://p5zlgintc01:16020/PayDirect/Merchant/Edit/679,35EDM-WYCTW-WNONT-W
PTNJ0408,UNCH,0,240826-223911_PTNJ0408_after.png,Error,Yes,Yes,NA,NA,NA,http://p5zlgintc01:16020/PayDirect/Merchant/Edit/683,35EDM-CAMDE-CATAX-W
PTNJ0318,UNCH,0,240826-223935_PTNJ0318_after.png,Error,Yes,Yes,NA,NA,NA,http://p5zlgintc01:16020/PayDirect/Merchant/Edit/684,35EDM-MANSF-MATAX-W
PUNYCONK,UNCH,0,240826-223959_PUNYCONK_after.png,Error,Yes,Yes,NA,NA,NA,http://p5zlgintc01:16020/PayDirect/Merchant/Edit/703,35EDM-CONKL-NTPRI-W
PTNJ1334,UNCH,0,240826-224023_PTNJ1334_after.png,Error,Yes,Yes,NA,NA,NA,http://p5zlgintc01:16020/PayDirect/Merchant/Edit/704,35EDM-MBWEB-MBTAX-W
PTNJ0504,UNCH,0,240826-224047_PTNJ0504_after.png,Error,Yes,Yes,NA,NA,NA,http://p5zlgintc01:16020/PayDirect/Merchant/Edit/722,35EDM-DENNI-DATAX-W
PTNJ0217,UNCH,0,240826-224110_PTNJ0217_after.png,Error,Yes,Yes,NA,NA,NA,http://p5zlgintc01:16020/PayDirect/Merchant/Edit/724,35EDM-FAIRL-FLTAX-W
PUNJ0217,UNCH,0,240826-224135_PUNJ0217_after.png,Error,Yes,Yes,NA,NA,NA,http://p5zlgintc01:16020/PayDirect/Merchant/Edit/725,35EDM-FAIRN-NTWEB-W
VTNJ0217,UNCH,0,240826-224158_VTNJ0217_after.png,Error,Yes,Yes,NA,NA,NA,http://p5zlgintc01:16020/PayDirect/Merchant/Edit/726,35EDM-FAIRL-VTTAX-W
VUNJ0217,UNCH,0,240826-224222_VUNJ0217_after.png,Error,Yes,Yes,NA,NA,NA,http://p5zlgintc01:16020/PayDirect/Merchant/Edit/727,35EDM-FAIRN-NTVTP-W
PMVATSH,UNCH,0,240826-224246_PMVATSH_after.png,Error,Yes,Yes,NA,NA,NA,http://p5zlgintc01:16020/PayDirect/Merchant/Edit/728,35EDM-SHVAM-MISCE-W
PTNJ0718,UNCH,0,240826-224310_PTNJ0718_after.png,Error,Yes,Yes,NA,NA,NA,http://p5zlgintc01:16020/PayDirect/Merchant/Edit/730,35EDM-ROSET-ROTAX-W
PUNJ0718,UNCH,0,240826-224333_PUNJ0718_after.png,Error,Yes,Yes,NA,NA,NA,http://p5zlgintc01:16020/PayDirect/Merchant/Edit/731,35EDM-ROSEN-RNTAX-W
PTNJ0102,UNCH,0,240826-224357_PTNJ0102_after.png,Error,Yes,Yes,NA,NA,NA,http://p5zlgintc01:16020/PayDirect/Merchant/Edit/740,35EDM-COACT-ACTAX-W
PUPAUFRD,UNCH,0,240826-224420_PUPAUFRD_after.png,Error,Yes,Yes,NA,NA,NA,http://p5zlgintc01:16020/PayDirect/Merchant/Edit/742,35EDM-UFNTW-UFNTW-W
PTNJ0821,UNCH,0,240826-224444_PTNJ0821_after.png,Error,Yes,Yes,NA,NA,NA,http://p5zlgintc01:16020/PayDirect/Merchant/Edit/743,35EDM-WESTV-WVTAX-W
PUNJ0821,UNCH,0,240826-224508_PUNJ0821_after.png,Error,Yes,Yes,NA,NA,NA,http://p5zlgintc01:16020/PayDirect/Merchant/Edit/744,35EDM-WESTN-WNTAX-W
PUNJ1603,UNCH,0,240826-224531_PUNJ1603_after.png,Error,Yes,Yes,NA,NA,NA,http://p5zlgintc01:16020/PayDirect/Merchant/Edit/759,35EDM-MANCH-MACHU-W
VTNJ0318,UNCH,0,240826-224555_VTNJ0318_after.png,Error,Yes,Yes,NA,NA,NA,http://p5zlgintc01:16020/PayDirect/Merchant/Edit/914,35EDM-MANSF-VTTAX-W
PTNJ1814,UNCH,0,240826-224619_PTNJ1814_after.png,Error,Yes,Yes,NA,NA,NA,http://p5zlgintc01:16020/PayDirect/Merchant/Edit/915,35EDM-NPTAX-NPBTX-W
PUNJ1814,UNCH,0,240826-224643_PUNJ1814_after.png,Yes,Yes,Yes,NA,NA,NA,http://p5zlgintc01:16020/PayDirect/Merchant/Edit/916,35EDM-NPNTX-NPNON-W
PTNJ0310,UNCH,0,240826-224648_PTNJ0310_after.png,Yes,Yes,Yes,NA,NA,NA,http://p5zlgintc01:16020/PayDirect/Merchant/Edit/917,35EDM-DELTX-DETAX-W
PUNJ0310,UNCH,0,240826-224652_PUNJ0310_after.png,Yes,Yes,Yes,NA,NA,NA,http://p5zlgintc01:16020/PayDirect/Merchant/Edit/918,35EDM-DENTX-DLNTX-W
PTNJ1525,UNCH,0,240826-224657_PTNJ1525_after.png,Yes,Yes,Yes,NA,NA,NA,http://p5zlgintc01:16020/PayDirect/Merchant/Edit/921,35EDM-PPTAX-PPTAX-W
PUNJ1525,UNCH,0,240826-224702_PUNJ1525_after.png,Yes,Yes,Yes,NA,NA,NA,http://p5zlgintc01:16020/PayDirect/Merchant/Edit/922,35EDM-PPNTX-PPBNT-W
PUNJ1309,UNCH,0,240826-224706_PUNJ1309_after.png,Yes,Yes,Yes,NA,NA,NA,http://p5zlgintc01:16020/PayDirect/Merchant/Edit/934,35EDM-BRIEN-BNTAX-W
PTNJ1309,UNCH,0,240826-224711_PTNJ1309_after.png,Yes,Yes,Yes,NA,NA,NA,http://p5zlgintc01:16020/PayDirect/Merchant/Edit/935,35EDM-BRIEL-BRTAX-W
PUNJ1502,UNCH,0,240826-224716_PUNJ1502_after.png,Yes,Yes,Yes,NA,NA,NA,http://p5zlgintc01:16020/PayDirect/Merchant/Edit/954,35EDM-BARNF-DATAX-W
PTNJ1502,UNCH,0,240826-224720_PTNJ1502_after.png,Yes,Yes,Yes,NA,NA,NA,http://p5zlgintc01:16020/PayDirect/Merchant/Edit/955,35EDM-BARNE-DATAX-W
VUNJ0306,Done,1,240826-224725_VUNJ0306_after.png,Yes,Yes,Yes,NA,NA,NA,http://p5zlgintc01:16020/PayDirect/Merchant/Edit/964,35EDM-BRLNT-NTXVT-W
VTNJ0306,Done,1,240826-224729_VTNJ0306_after.png,Yes,Yes,Yes,NA,NA,NA,http://p5zlgintc01:16020/PayDirect/Merchant/Edit/965,35EDM-BURTW-TAXVT-W
PTNJ0905,UNCH,1,240826-224734_PTNJ0905_after.png,Yes,Yes,Yes,NA,NA,NA,http://p5zlgintc01:16020/PayDirect/Merchant/Edit/973,35EDM-HOBOK-PDTAX-W
PTNJ0114,UNCH,1,240826-224738_PTNJ0114_after.png,Yes,Yes,Yes,NA,NA,NA,http://p5zlgintc01:16020/PayDirect/Merchant/Edit/974,35EDM-CLINT-PDTAX-W
PUNJ0114,UNCH,1,240826-224742_PUNJ0114_after.png,Yes,Yes,Yes,NA,NA,NA,http://p5zlgintc01:16020/PayDirect/Merchant/Edit/975,35EDM-CLINW-NOTAX-W
VUVATSH,Done,1,240826-224747_VUVATSH_after.png,Yes,Yes,Yes,NA,NA,NA,http://p5zlgintc01:16020/PayDirect/Merchant/Edit/1020,35EDM-SHVAM-MISVT-W
PTNJ1709,UNCH,1,240826-224751_PTNJ1709_after.png,Yes,Yes,Yes,NA,NA,NA,http://p5zlgintc01:16020/PayDirect/Merchant/Edit/1024,35EDM-PENNT-PDTAX-W
PUNJPNSV,UNCH,1,240826-225555_PUNJPNSV_after.png,Yes,Yes,Yes,NA,NA,NA,http://p5zlgintc01:16020/PayDirect/Merchant/Edit/1025,35EDM-PENNS-NOTAX-W
PTNJ1202,UNCH,1,240826-225559_PTNJ1202_after.png,Yes,Yes,Yes,NA,NA,NA,http://p5zlgintc01:16020/PayDirect/Merchant/Edit/1026,35EDM-CRANB-DATAX-W
PUNJ1202,UNCH,1,240826-225603_PUNJ1202_after.png,Yes,Yes,Yes,NA,NA,NA,http://p5zlgintc01:16020/PayDirect/Merchant/Edit/1027,35EDM-CRANN-NOTAX-W
PTNJ0514,UNCH,1,240826-225608_PTNJ0514_after.png,Yes,Yes,Yes,NA,NA,NA,http://p5zlgintc01:16020/PayDirect/Merchant/Edit/1028,35EDM-WILDT-DATAX-W
PUNJ0514,UNCH,1,240826-225612_PUNJ0514_after.png,Yes,Yes,Yes,NA,NA,NA,http://p5zlgintc01:16020/PayDirect/Merchant/Edit/1029,35EDM-WILDN-DATAX-W
PUNJ0808,UNCH,1,240826-225617_PUNJ0808_after.png,Yes,Yes,Yes,NA,NA,NA,http://p5zlgintc01:16020/PayDirect/Merchant/Edit/1030,35EDM-HARRN-DATAX-W
PTNJ0808,UNCH,1,240826-225621_PTNJ0808_after.png,Yes,Yes,Yes,NA,NA,NA,http://p5zlgintc01:16020/PayDirect/Merchant/Edit/1031,35EDM-HARRT-DATAX-W
PTNJ0721,UNCH,1,240826-225626_PTNJ0721_after.png,Yes,Yes,Yes,NA,NA,NA,http://p5zlgintc01:16020/PayDirect/Merchant/Edit/1092,35EDM-WCALT-WCTAX-W
PUNJ0721,UNCH,1,240826-225630_PUNJ0721_after.png,Yes,Yes,Yes,NA,NA,NA,http://p5zlgintc01:16020/PayDirect/Merchant/Edit/1093,35EDM-WCALU-WCPRI-W
PTNJ1327,UNCH,1,240826-225634_PTNJ1327_after.png,Yes,Yes,Yes,NA,NA,NA,http://p5zlgintc01:16020/PayDirect/Merchant/Edit/1096,35EDM-LONBR-DATAX-W
PTNJ1529,UNCH,1,240826-225639_PTNJ1529_after.png,Yes,Yes,Yes,NA,NA,NA,http://p5zlgintc01:16020/PayDirect/Merchant/Edit/1106,35EDM-SHIPT-SBTAX-W
PUNJ1529,UNCH,1,240826-225643_PUNJ1529_after.png,Yes,Yes,Yes,NA,NA,NA,http://p5zlgintc01:16020/PayDirect/Merchant/Edit/1107,35EDM-SHIPN-SBNTX-W
PUNJLEHM,UNCH,1,240826-225647_PUNJLEHM_after.png,Yes,Yes,Yes,NA,NA,NA,http://p5zlgintc01:16020/PayDirect/Merchant/Edit/1108,35EDM-LEGGH-UTILI-W
PTNJ0513,UNCH,1,240826-225652_PTNJ0513_after.png,Yes,Yes,Yes,NA,NA,NA,http://p5zlgintc01:16020/PayDirect/Merchant/Edit/1109,35EDM-WWTAX-WWTAX-W
PUNJ0513,UNCH,1,240826-225657_PUNJ0513_after.png,Yes,Yes,Yes,NA,NA,NA,http://p5zlgintc01:16020/PayDirect/Merchant/Edit/1110,35EDM-WWILD-WWNTX-W
VTNJ0111,Done,1,240826-225701_VTNJ0111_after.png,Yes,Yes,Yes,NA,NA,NA,http://p5zlgintc01:16020/PayDirect/Merchant/Edit/1112,35EDM-GALLO-TAXVT-W
VUNJ0111,Done,1,240826-225705_VUNJ0111_after.png,Yes,Yes,Yes,NA,NA,NA,http://p5zlgintc01:16020/PayDirect/Merchant/Edit/1113,35EDM-GALLP-NTXVT-W
PUPASUNB,UNCH,1,240826-225710_PUPASUNB_after.png,Yes,Yes,Yes,NA,NA,NA,http://p5zlgintc01:16020/PayDirect/Merchant/Edit/1116,35EDM-SUNNT-NOTAX-W
PUGADAWS,UNCH,1,240826-225714_PUGADAWS_after.png,Yes,Yes,Yes,NA,NA,NA,http://p5zlgintc01:16020/PayDirect/Merchant/Edit/1120,35EDM-DAWSN-NOTAX-W
PMNJ0514,UNCH,1,240826-225718_PMNJ0514_after.png,Yes,Yes,Yes,NA,NA,NA,http://p5zlgintc01:16020/PayDirect/Merchant/Edit/1121,35EDM-WILDM-MISCL-W
PTDECLAY,UNCH,1,240826-225723_PTDECLAY_after.png,Yes,Yes,Yes,NA,NA,NA,http://p5zlgintc01:16020/PayDirect/Merchant/Edit/1122,35EDM-CLATX-DATAX-W
PUDECLAY,UNCH,1,240826-225727_PUDECLAY_after.png,Yes,Yes,Yes,NA,NA,NA,http://p5zlgintc01:16020/PayDirect/Merchant/Edit/1123,35EDM-CLANT-NOTAX-W
VTDECLAY,Done,1,240826-225731_VTDECLAY_after.png,Yes,Yes,Yes,NA,NA,NA,http://p5zlgintc01:16020/PayDirect/Merchant/Edit/1125,35EDM-CLATX-VTTAX-W
VUDECLAY,Done,1,240826-225736_VUDECLAY_after.png,Yes,Yes,Yes,NA,NA,NA,http://p5zlgintc01:16020/PayDirect/Merchant/Edit/1126,35EDM-CLANT-VTNTA-W
PTNJ0418,UNCH,1,240826-225740_PTNJ0418_after.png,Yes,Yes,Yes,NA,NA,NA,http://p5zlgintc01:16020/PayDirect/Merchant/Edit/1127,35EDM-HADDT-DATAX-W
PTNJ1351,UNCH,1,240826-225745_PTNJ1351_after.png,Yes,Yes,Yes,NA,NA,NA,http://p5zlgintc01:16020/PayDirect/Merchant/Edit/1128,35EDM-UPPRF-DATAX-W
PTNJ1216,UNCH,1,240826-225750_PTNJ1216_after.png,Yes,Yes,Yes,NA,NA,NA,http://p5zlgintc01:16020/PayDirect/Merchant/Edit/1129,35EDM-PERTH-DATAX-W
PTNJ1218,UNCH,1,240826-225754_PTNJ1218_after.png,Yes,Yes,Yes,NA,NA,NA,http://p5zlgintc01:16020/PayDirect/Merchant/Edit/1135,35EDM-PLAIN-PLTAX-W
PTVAGRAY,UNCH,1,240826-225759_PTVAGRAY_after.png,Yes,Yes,Yes,NA,NA,NA,http://p5zlgintc01:16020/PayDirect/Merchant/Edit/1153,35EDM-GRAYT-GCTAX-W
PUVAGRAY,UNCH,1,240826-225803_PUVAGRAY_after.png,Yes,Yes,Yes,NA,NA,NA,http://p5zlgintc01:16020/PayDirect/Merchant/Edit/1154,35EDM-GRAYN-GCNTX-W
VTVAGRAY,Done,1,240826-225808_VTVAGRAY_after.png,Yes,Yes,Yes,NA,NA,NA,http://p5zlgintc01:16020/PayDirect/Merchant/Edit/1155,35EDM-GRAYT-GCVTX-W
VUVAGRAY,Done,1,240826-225812_VUVAGRAY_after.png,Yes,Yes,Yes,NA,NA,NA,http://p5zlgintc01:16020/PayDirect/Merchant/Edit/1156,35EDM-GRAYN-GCNVT-W
PTNJ1702,UNCH,1,240826-225817_PTNJ1702_after.png,Yes,Yes,Yes,NA,NA,NA,http://p5zlgintc01:16020/PayDirect/Merchant/Edit/1176,35EDM-CPTWP-CPTAX-W
PTNJ0223,UNCH,1,240826-225821_PTNJ0223_after.png,Yes,Yes,Yes,NA,NA,NA,http://p5zlgintc01:16020/PayDirect/Merchant/Edit/1183,35EDM-HACKT-HKTAX-W
PTNJ1319,UNCH,1,240826-225826_PTNJ1319_after.png,Yes,Yes,Yes,NA,NA,NA,http://p5zlgintc01:16020/PayDirect/Merchant/Edit/1186,35EDM-HIGHT-HITAX-W
PUNJ1319,UNCH,1,240826-225830_PUNJ1319_after.png,Yes,Yes,Yes,NA,NA,NA,http://p5zlgintc01:16020/PayDirect/Merchant/Edit/1187,35EDM-HIGHN-HINTX-W
PTNJ0210,UNCH,1,240826-225834_PTNJ0210_after.png,Yes,Yes,Yes,NA,NA,NA,http://p5zlgintc01:16020/PayDirect/Merchant/Edit/1193,35EDM-DUMON-DUTAX-W
PTNJ1506,UNCH,1,240826-225838_PTNJ1506_after.png,Yes,Yes,Yes,NA,NA,NA,http://p5zlgintc01:16020/PayDirect/Merchant/Edit/1194,35EDM-BRKLY-BETAX-W
PUNJ0510,UNCH,1,240826-225843_PUNJ0510_after.png,Yes,Yes,Yes,NA,NA,NA,http://p5zlgintc01:16020/PayDirect/Merchant/Edit/1195,35EDM-STONE-NOTAX-W
PUNJ1528,UNCH,1,240826-225847_PUNJ1528_after.png,Yes,Yes,Yes,NA,NA,NA,http://p5zlgintc01:16020/PayDirect/Merchant/Edit/1196,35EDM-SEAPK-PDTAX-W
PTNJ1528,UNCH,1,240826-225852_PTNJ1528_after.png,Yes,Yes,Yes,NA,NA,NA,http://p5zlgintc01:16020/PayDirect/Merchant/Edit/1197,35EDM-SEATX-PDTAX-W
PTNJ0701,UNCH,1,240826-225856_PTNJ0701_after.png,Yes,Yes,Yes,NA,NA,NA,http://p5zlgintc01:16020/PayDirect/Merchant/Edit/1205,35EDM-BELTX-WEBPR-W
PUNJ0701,UNCH,1,Step1_ImportSites_20260824_225336.png,Error,Yes,Yes,NA,NA,NA,http://p5zlgintc01:16020/PayDirect/Merchant/Edit/1206,35EDM-BELNT-WEBPR-W
PTNJ1708,UNCH,1,240826-225931_PTNJ1708_after.png,Yes,Yes,Yes,NA,NA,NA,http://p5zlgintc01:16020/PayDirect/Merchant/Edit/1208,35EDM-PENNG-PGTAX-W
PTNJ2006,UNCH,1,240826-225935_PTNJ2006_after.png,Yes,Yes,Yes,NA,NA,NA,http://p5zlgintc01:16020/PayDirect/Merchant/Edit/1209,35EDM-GARWD-GRTAX-W
PTNYFSHK,UNCH,1,240826-225939_PTNYFSHK_after.png,Yes,Yes,Yes,NA,NA,NA,http://p5zlgintc01:16020/PayDirect/Merchant/Edit/1210,35EDM-FISHK-FITAX-W
PUNYFSHK,UNCH,1,240826-225944_PUNYFSHK_after.png,Yes,Yes,Yes,NA,NA,NA,http://p5zlgintc01:16020/PayDirect/Merchant/Edit/1211,35EDM-FISHN-FINTX-W
PTNJ0425,UNCH,1,240826-225948_PTNJ0425_after.png,Yes,Yes,Yes,NA,NA,NA,http://p5zlgintc01:16020/PayDirect/Merchant/Edit/1220,35EDM-MTEPH-PDTAX-W
PUNJ0425,UNCH,1,240826-225953_PUNJ0425_after.png,Yes,Yes,Yes,NA,NA,NA,http://p5zlgintc01:16020/PayDirect/Merchant/Edit/1221,35EDM-MTEPR-NOTAX-W
VTNJ0425,Done,1,240826-225957_VTNJ0425_after.png,Yes,Yes,Yes,NA,NA,NA,http://p5zlgintc01:16020/PayDirect/Merchant/Edit/1222,35EDM-MTEPH-VTTAX-W
VUNJ0425,Done,1,240826-230756_VUNJ0425_after.png,Yes,Yes,Yes,NA,NA,NA,http://p5zlgintc01:16020/PayDirect/Merchant/Edit/1223,35EDM-MTEPR-VTTAX-W
VUNJBRCK,Done,1,240826-230800_VUNJBRCK_after.png,Yes,Yes,Yes,NA,NA,NA,http://p5zlgintc01:16020/PayDirect/Merchant/Edit/1224,35EDM-BTMUA-VTTAX-W
PTNJ0811,UNCH,1,240826-230805_PTNJ0811_after.png,Yes,Yes,Yes,NA,NA,NA,http://p5zlgintc01:16020/PayDirect/Merchant/Edit/1225,35EDM-MNRGL-PDTAX-W
PTGAWYNS,UNCH,1,240826-230810_PTGAWYNS_after.png,Yes,Yes,Yes,NA,NA,NA,http://p5zlgintc01:16020/PayDirect/Merchant/Edit/1226,35EDM-WYNSB-PDTAX-W
PUGAWYNS,UNCH,1,240826-230815_PUGAWYNS_after.png,Yes,Yes,Yes,NA,NA,NA,http://p5zlgintc01:16020/PayDirect/Merchant/Edit/1227,35EDM-WYNSR-NOTAX-W
PTNJ0241,UNCH,1,240826-230819_PTNJ0241_after.png,Yes,Yes,Yes,NA,NA,NA,http://p5zlgintc01:16020/PayDirect/Merchant/Edit/1234,35EDM-NORWO-NRTAX-W
PTNJ1214,UNCH,1,240826-230824_PTNJ1214_after.png,Yes,Yes,Yes,NA,NA,NA,http://p5zlgintc01:16020/PayDirect/Merchant/Edit/1235,35EDM-NBRUN-NBTAX-W
PTNJ0303,UNCH,1,240826-230828_PTNJ0303_after.png,Yes,Yes,Yes,NA,NA,NA,http://p5zlgintc01:16020/PayDirect/Merchant/Edit/1236,35EDM-CBORT-BORTX-W
PUNJ0303,UNCH,1,240826-230832_PUNJ0303_after.png,Yes,Yes,Yes,NA,NA,NA,http://p5zlgintc01:16020/PayDirect/Merchant/Edit/1237,35EDM-CBORN-BORPR-W
PTNJ0118,UNCH,1,240826-230837_PTNJ0118_after.png,Yes,Yes,Yes,NA,NA,NA,http://p5zlgintc01:16020/PayDirect/Merchant/Edit/1238,35EDM-NORFT-TXPRN-W
PUNJ0118,UNCH,1,240826-230842_PUNJ0118_after.png,Yes,Yes,Yes,NA,NA,NA,http://p5zlgintc01:16020/PayDirect/Merchant/Edit/1239,35EDM-NORFN-NTPRN-W
PTNJ0116,UNCH,1,240826-230846_PTNJ0116_after.png,Yes,Yes,Yes,NA,NA,NA,http://p5zlgintc01:16020/PayDirect/Merchant/Edit/1241,35EDM-MARGT-MGTAX-W
PUNJ0116,UNCH,1,240826-230851_PUNJ0116_after.png,Yes,Yes,Yes,NA,NA,NA,http://p5zlgintc01:16020/PayDirect/Merchant/Edit/1242,35EDM-MARGN-MRGNT-W
PTGAASTL,UNCH,1,240826-230855_PTGAASTL_after.png,Yes,Yes,Yes,NA,NA,NA,http://p5zlgintc01:16020/PayDirect/Merchant/Edit/1243,35EDM-AUSTX-DATAX-W
PUGAASTL,UNCH,1,240826-230900_PUGAASTL_after.png,Yes,Yes,Yes,NA,NA,NA,http://p5zlgintc01:16020/PayDirect/Merchant/Edit/1244,35EDM-AUSNT-NOTAX-W
PTNJ1712,UNCH,1,240826-230904_PTNJ1712_after.png,Yes,Yes,Yes,NA,NA,NA,http://p5zlgintc01:16020/PayDirect/Merchant/Edit/1245,35EDM-QUINT-DATAX-W
PUNJ1712,UNCH,1,240826-230909_PUNJ1712_after.png,Yes,Yes,Yes,NA,NA,NA,http://p5zlgintc01:16020/PayDirect/Merchant/Edit/1246,35EDM-QUINN-NOTAX-W
PUNCBEAU,UNCH,1,240826-230914_PUNCBEAU_after.png,Yes,Yes,Yes,NA,NA,NA,http://p5zlgintc01:16020/PayDirect/Merchant/Edit/1254,35EDM-BENTX-BNOTX-W
VUNCBEAU,Done,1,240826-230918_VUNCBEAU_after.png,Yes,Yes,Yes,NA,NA,NA,http://p5zlgintc01:16020/PayDirect/Merchant/Edit/1255,35EDM-BENTX-BNTVT-W
PUNJSTRS,UNCH,1,240826-230922_PUNJSTRS_after.png,Yes,Yes,Yes,NA,NA,NA,http://p5zlgintc01:16020/PayDirect/Merchant/Edit/1256,35EDM-STRSA-STRNT-W
VUNJSTRS,Done,1,240826-230927_VUNJSTRS_after.png,Yes,Yes,Yes,NA,NA,NA,http://p5zlgintc01:16020/PayDirect/Merchant/Edit/1257,35EDM-STRSA-STRVT-W
VMNJ0425,Done,1,240826-230932_VMNJ0425_after.png,Yes,Yes,Yes,NA,NA,NA,http://p5zlgintc01:16020/PayDirect/Merchant/Edit/1263,35EDM-MTEMS-MISVT-W
PTNJ0205,UNCH,1,240826-230937_PTNJ0205_after.png,Yes,Yes,Yes,NA,NA,NA,http://p5zlgintc01:16020/PayDirect/Merchant/Edit/1269,35EDM-CARLS-CBTAX-W
VTNJ0205,Done,1,240826-230942_VTNJ0205_after.png,Yes,Yes,Yes,NA,NA,NA,http://p5zlgintc01:16020/PayDirect/Merchant/Edit/1270,35EDM-CARLS-VTTAX-W
PTNJ0405,UNCH,1,240826-230946_PTNJ0405_after.png,Yes,Yes,Yes,NA,NA,NA,http://p5zlgintc01:16020/PayDirect/Merchant/Edit/1274,35EDM-BERTX-DATAX-W
PUNJ0405,UNCH,1,240826-230951_PUNJ0405_after.png,Yes,Yes,Yes,NA,NA,NA,http://p5zlgintc01:16020/PayDirect/Merchant/Edit/1275,35EDM-BLNNT-NOTAX-W
PTVAORTN,UNCH,1,240826-230956_PTVAORTN_after.png,Yes,Yes,Yes,NA,NA,NA,http://p5zlgintc01:16020/PayDirect/Merchant/Edit/1280,35EDM-ORNGE-PDTAX-W
PUVAORTN,UNCH,1,240826-231001_PUVAORTN_after.png,Yes,Yes,Yes,NA,NA,NA,http://p5zlgintc01:16020/PayDirect/Merchant/Edit/1281,35EDM-ORANG-NOTAX-W
PUNJ0333,UNCH,1,240826-231006_PUNJ0333_after.png,Yes,Yes,Yes,NA,NA,NA,http://p5zlgintc01:16020/PayDirect/Merchant/Edit/1290,35EDM-STHAM-NOTAX-W
PTNJ0333,UNCH,1,240826-231010_PTNJ0333_after.png,Yes,Yes,Yes,NA,NA,NA,http://p5zlgintc01:16020/PayDirect/Merchant/Edit/1291,35EDM-STHMP-PDTAX-W
PMVAABIN,UNCH,1,240826-231015_PMVAABIN_after.png,Yes,Yes,Yes,NA,NA,NA,http://p5zlgintc01:16020/PayDirect/Merchant/Edit/1292,35EDM-ABGDN-MISCE-W
PTNJ0605,UNCH,1,240826-231020_PTNJ0605_after.png,Yes,Yes,Yes,NA,NA,NA,http://p5zlgintc01:16020/PayDirect/Merchant/Edit/1293,35EDM-FRFLD-PDTAX-W
VTNJ0605,Done,1,240826-231024_VTNJ0605_after.png,Yes,Yes,Yes,NA,NA,NA,http://p5zlgintc01:16020/PayDirect/Merchant/Edit/1294,35EDM-FRFLD-VTTAX-W
VMFLLABL,Done,1,240826-231029_VMFLLABL_after.png,Yes,Yes,Yes,NA,NA,NA,http://p5zlgintc01:16020/PayDirect/Merchant/Edit/1310,35EDM-LABLL-MISCE-W
VUFLLABL,Done,1,240826-231033_VUFLLABL_after.png,Yes,Yes,Yes,NA,NA,NA,http://p5zlgintc01:16020/PayDirect/Merchant/Edit/1311,35EDM-LABEL-PDVTW-W
VTVAORTN,Done,1,240826-231038_VTVAORTN_after.png,Yes,Yes,Yes,NA,NA,NA,http://p5zlgintc01:16020/PayDirect/Merchant/Edit/1312,35EDM-ORNGE-TAXVT-W
VUVAORTN,Done,1,240826-231043_VUVAORTN_after.png,Yes,Yes,Yes,NA,NA,NA,http://p5zlgintc01:16020/PayDirect/Merchant/Edit/1313,35EDM-ORANG-NTXVT-W
VMVAORTN,Done,1,240826-231047_VMVAORTN_after.png,Yes,Yes,Yes,NA,NA,NA,http://p5zlgintc01:16020/PayDirect/Merchant/Edit/1314,35EDM-ORGMI-MISVT-W
PMVAORTN,UNCH,1,240826-231052_PMVAORTN_after.png,Yes,Yes,Yes,NA,NA,NA,http://p5zlgintc01:16020/PayDirect/Merchant/Edit/1315,35EDM-ORGMI-MISWB-W
PTNJ1530,UNCH,1,240826-231057_PTNJ1530_after.png,Yes,Yes,Yes,NA,NA,NA,http://p5zlgintc01:16020/PayDirect/Merchant/Edit/1316,35EDM-STRTX-DATAX-W
PUNJLCMA,UNCH,1,240826-231101_PUNJLCMA_after.png,Yes,Yes,Yes,NA,NA,NA,http://p5zlgintc01:16020/PayDirect/Merchant/Edit/1317,35EDM-LACEY-NOTAX-W
PTNJ0401,UNCH,1,240826-231106_PTNJ0401_after.png,Yes,Yes,Yes,NA,NA,NA,http://p5zlgintc01:16020/PayDirect/Merchant/Edit/1321,35EDM-AUDUB-ATTAX-W
PUNJ0401,UNCH,1,240826-231110_PUNJ0401_after.png,Yes,Yes,Yes,NA,NA,NA,http://p5zlgintc01:16020/PayDirect/Merchant/Edit/1322,35EDM-AUDUN-ANTAX-W
PMNCBEAU,UNCH,1,240826-231114_PMNCBEAU_after.png,Yes,Yes,Yes,NA,NA,NA,http://p5zlgintc01:16020/PayDirect/Merchant/Edit/1323,35EDM-BEMTX-BMISC-W
VMNCBEAU,Done,1,240826-231119_VMNCBEAU_after.png,Yes,Yes,Yes,NA,NA,NA,http://p5zlgintc01:16020/PayDirect/Merchant/Edit/1324,35EDM-BEMTX-VMISC-W
PTNJ1707,UNCH,1,240826-231123_PTNJ1707_after.png,Yes,Yes,Yes,NA,NA,NA,http://p5zlgintc01:16020/PayDirect/Merchant/Edit/1325,35EDM-OLDSM-DATAX-W
PTNJ0426,UNCH,1,240826-231128_PTNJ0426_after.png,Yes,Yes,Yes,NA,NA,NA,http://p5zlgintc01:16020/PayDirect/Merchant/Edit/1328,35EDM-OAKTX-PDTAX-W
PUNJ0426,UNCH,1,240826-231133_PUNJ0426_after.png,Yes,Yes,Yes,NA,NA,NA,http://p5zlgintc01:16020/PayDirect/Merchant/Edit/1329,35EDM-OAKNX-NONTX-W
PUNCMONT,UNCH,1,240826-231137_PUNCMONT_after.png,Yes,Yes,Yes,NA,NA,NA,http://p5zlgintc01:16020/PayDirect/Merchant/Edit/1330,35EDM-MTGRY-UTLTY-W
PTNJ1527,UNCH,1,240826-231142_PTNJ1527_after.png,Yes,Yes,Yes,NA,NA,NA,http://p5zlgintc01:16020/PayDirect/Merchant/Edit/1331,35EDM-SEASI-SHTAX-W
PUNJ1527,UNCH,1,240826-231837_PUNJ1527_after.png,Yes,Yes,Yes,NA,NA,NA,http://p5zlgintc01:16020/PayDirect/Merchant/Edit/1333,35EDM-SEASN-SHNON-W
PTNJ0705,UNCH,1,240826-231841_PTNJ0705_after.png,Yes,Yes,Yes,NA,NA,NA,http://p5zlgintc01:16020/PayDirect/Merchant/Edit/1337,35EDM-CEONJ-EOTAX-W
PTNJ0720,UNCH,1,240826-231846_PTNJ0720_after.png,Yes,Yes,Yes,NA,NA,NA,http://p5zlgintc01:16020/PayDirect/Merchant/Edit/1338,35EDM-TOVTX-TVPRN-W
PUNJ0720,UNCH,1,240826-231850_PUNJ0720_after.png,Yes,Yes,Yes,NA,NA,NA,http://p5zlgintc01:16020/PayDirect/Merchant/Edit/1339,35EDM-TOVNT-TOVNT-W
PMNJ1527,UNCH,1,240826-231854_PMNJ1527_after.png,Yes,Yes,Yes,NA,NA,NA,http://p5zlgintc01:16020/PayDirect/Merchant/Edit/1341,35EDM-SEASM-SHMIS-W
PTVANARR,UNCH,1,240826-231859_PTVANARR_after.png,Yes,Yes,Yes,NA,NA,NA,http://p5zlgintc01:16020/PayDirect/Merchant/Edit/1343,35EDM-NARRO-NATAX-W
PUVANARR,UNCH,1,240826-231903_PUVANARR_after.png,Yes,Yes,Yes,NA,NA,NA,http://p5zlgintc01:16020/PayDirect/Merchant/Edit/1344,35EDM-NARRN-NNTAX-W
PMVANARR,UNCH,1,240826-231908_PMVANARR_after.png,Yes,Yes,Yes,NA,NA,NA,http://p5zlgintc01:16020/PayDirect/Merchant/Edit/1345,35EDM-NARRM-NMISC-W
VTVANARR,Done,1,240826-231913_VTVANARR_after.png,Yes,Yes,Yes,NA,NA,NA,http://p5zlgintc01:16020/PayDirect/Merchant/Edit/1346,35EDM-NARRO-VTTAX-W
VUVANARR,Done,1,240826-231918_VUVANARR_after.png,Yes,Yes,Yes,NA,NA,NA,http://p5zlgintc01:16020/PayDirect/Merchant/Edit/1347,35EDM-NARRN-VTNON-W
VMVANARR,Done,1,240826-231924_VMVANARR_after.png,Yes,Yes,Yes,NA,NA,NA,http://p5zlgintc01:16020/PayDirect/Merchant/Edit/1348,35EDM-NARRM-VTMIS-W
PTNJ0101,UNCH,1,240826-231928_PTNJ0101_after.png,Yes,Yes,Yes,NA,NA,NA,http://p5zlgintc01:16020/PayDirect/Merchant/Edit/1349,35EDM-ABSEC-ABTAX-W
PUNJ0101,UNCH,1,240826-231933_PUNJ0101_after.png,Yes,Yes,Yes,NA,NA,NA,http://p5zlgintc01:16020/PayDirect/Merchant/Edit/1350,35EDM-AGNCY-ANTAX-W
PTNJ1344,UNCH,1,240826-231937_PTNJ1344_after.png,Yes,Yes,Yes,NA,NA,NA,http://p5zlgintc01:16020/PayDirect/Merchant/Edit/1351,35EDM-SHREW-DATAX-W
PTNJ0309,UNCH,1,240826-231942_PTNJ0309_after.png,Yes,Yes,Yes,NA,NA,NA,http://p5zlgintc01:16020/PayDirect/Merchant/Edit/1353,35EDM-DLCTX-DATAX-W
PUNJLBSA,UNCH,1,240826-231947_PUNJLBSA_after.png,Yes,Yes,Yes,NA,NA,NA,http://p5zlgintc01:16020/PayDirect/Merchant/Edit/1354,35EDM-LOBRC-PDWEB-W
PUGACOCH,UNCH,1,240826-231952_PUGACOCH_after.png,Yes,Yes,Yes,NA,NA,NA,http://p5zlgintc01:16020/PayDirect/Merchant/Edit/1355,35EDM-COCHR-PDWEB-W
VUGACOCH,Done,1,240826-231956_VUGACOCH_after.png,Yes,Yes,Yes,NA,NA,NA,http://p5zlgintc01:16020/PayDirect/Merchant/Edit/1356,35EDM-COCHR-NONVT-W
VTGACOCH,Done,1,240826-232001_VTGACOCH_after.png,Yes,Yes,Yes,NA,NA,NA,http://p5zlgintc01:16020/PayDirect/Merchant/Edit/1358,35EDM-CCHRN-TAXVT-W
PTGARDGA,UNCH,1,240826-232006_PTGARDGA_after.png,Yes,Yes,Yes,NA,NA,NA,http://p5zlgintc01:16020/PayDirect/Merchant/Edit/1366,35EDM-RVRDL-RVTAX-W
PTNJ1210,UNCH,1,240826-232010_PTNJ1210_after.png,Yes,Yes,Yes,NA,NA,NA,http://p5zlgintc01:16020/PayDirect/Merchant/Edit/1386,35EDM-MIDTX-DATAX-W
PUNJ1210,UNCH,1,240826-232015_PUNJ1210_after.png,Yes,Yes,Yes,NA,NA,NA,http://p5zlgintc01:16020/PayDirect/Merchant/Edit/1387,35EDM-MIDNT-NOTAX-W
PMMDHAVR,UNCH,1,240826-232019_PMMDHAVR_after.png,Yes,Yes,Yes,NA,NA,NA,http://p5zlgintc01:16020/PayDirect/Merchant/Edit/1388,35EDM-HAVMS-MISWB-W
VMMDHAVR,Done,1,240826-232024_VMMDHAVR_after.png,Yes,Yes,Yes,NA,NA,NA,http://p5zlgintc01:16020/PayDirect/Merchant/Edit/1389,35EDM-HAVMS-VTMSC-W
VUMDHAVR,Done,1,240826-232028_VUMDHAVR_after.png,Yes,Yes,Yes,NA,NA,NA,http://p5zlgintc01:16020/PayDirect/Merchant/Edit/1390,35EDM-HAVNT-VTNTX-W
VTMDHAVR,Done,1,240826-232032_VTMDHAVR_after.png,Yes,Yes,Yes,NA,NA,NA,http://p5zlgintc01:16020/PayDirect/Merchant/Edit/1391,35EDM-HAVRD-VTTAX-W
PTNJ0708,UNCH,1,240826-232037_PTNJ0708_after.png,Yes,Yes,Yes,NA,NA,NA,http://p5zlgintc01:16020/PayDirect/Merchant/Edit/1392,35EDM-GLRIT-GRTAX-W
PUNJ0708,UNCH,1,240826-232041_PUNJ0708_after.png,Yes,Yes,Yes,NA,NA,NA,http://p5zlgintc01:16020/PayDirect/Merchant/Edit/1393,35EDM-GLRIN-GRUTI-W
PUPASTLN,UNCH,1,240826-232046_PUPASTLN_after.png,Yes,Yes,Yes,NA,NA,NA,http://p5zlgintc01:16020/PayDirect/Merchant/Edit/1398,35EDM-STEEL-NOTAX-W
PTMDDELM,UNCH,1,240826-232050_PTMDDELM_after.png,Yes,Yes,Yes,NA,NA,NA,http://p5zlgintc01:16020/PayDirect/Merchant/Edit/1416,35EDM-DELTW-DATAX-W
PUMDDELM,UNCH,1,240826-232055_PUMDDELM_after.png,Yes,Yes,Yes,NA,NA,NA,http://p5zlgintc01:16020/PayDirect/Merchant/Edit/1418,35EDM-DELMT-DATAX-W
PTDE334,UNCH,1,240826-232059_PTDE334_after.png,Yes,Yes,Yes,NA,NA,NA,http://p5zlgintc01:16020/PayDirect/Merchant/Edit/1419,35EDM-DEWTW-DBTAX-W
PUNJ1224,UNCH,1,240826-232104_PUNJ1224_after.png,Yes,Yes,Yes,NA,NA,NA,http://p5zlgintc01:16020/PayDirect/Merchant/Edit/1420,35EDM-SPOTS-NOTAX-W
PTNJ1224,UNCH,1,240826-232109_PTNJ1224_after.png,Yes,Yes,Yes,NA,NA,NA,http://p5zlgintc01:16020/PayDirect/Merchant/Edit/1421,35EDM-SPOTW-PDTAX-W
PADE334,UNCH,1,240826-232113_PADE334_after.png,Yes,Yes,Yes,NA,NA,NA,http://p5zlgintc01:16020/PayDirect/Merchant/Edit/1422,35EDM-DEWMW-DBMIS-W
VUNJMPWA,Done,1,240826-232118_VUNJMPWA_after.png,Yes,Yes,Yes,NA,NA,NA,http://p5zlgintc01:16020/PayDirect/Merchant/Edit/1425,35EDM-MPWCU-MPWVT-W
PTNJ1304,UNCH,1,240826-232122_PTNJ1304_after.png,Yes,Yes,Yes,NA,NA,NA,http://p5zlgintc01:16020/PayDirect/Merchant/Edit/1427,35EDM-ASBUR-PDTAX-W
PUNJ1304,UNCH,1,240826-232127_PUNJ1304_after.png,Yes,Yes,Yes,NA,NA,NA,http://p5zlgintc01:16020/PayDirect/Merchant/Edit/1428,35EDM-ASBUY-NOTAX-W
PTNJ1922,UNCH,1,240826-232132_PTNJ1922_after.png,Yes,Yes,Yes,NA,NA,NA,http://p5zlgintc01:16020/PayDirect/Merchant/Edit/1432,35EDM-VERNO-VETAX-W
PTNJ1209,UNCH,1,240826-232136_PTNJ1209_after.png,Yes,Yes,Yes,NA,NA,NA,http://p5zlgintc01:16020/PayDirect/Merchant/Edit/1433,35EDM-METUC-METAX-W
VMNJ1527,Done,1,240826-232141_VMNJ1527_after.png,Yes,Yes,Yes,NA,NA,NA,http://p5zlgintc01:16020/PayDirect/Merchant/Edit/1435,35EDM-SEASM-VTMIS-W
VUNJ1527,Done,1,240826-232146_VUNJ1527_after.png,Yes,Yes,Yes,NA,NA,NA,http://p5zlgintc01:16020/PayDirect/Merchant/Edit/1436,35EDM-SEASN-VTNON-W
VTNJ1527,Done,1,240826-232150_VTNJ1527_after.png,Yes,Yes,Yes,NA,NA,NA,http://p5zlgintc01:16020/PayDirect/Merchant/Edit/1437,35EDM-SEASI-VTTAX-W
PTNYWALT,UNCH,1,240826-232155_PTNYWALT_after.png,Yes,Yes,Yes,NA,NA,NA,http://p5zlgintc01:16020/PayDirect/Merchant/Edit/1438,35EDM-WALTN-SHTAX-W
VTNYWALT,Done,1,240826-232159_VTNYWALT_after.png,Yes,Yes,Yes,NA,NA,NA,http://p5zlgintc01:16020/PayDirect/Merchant/Edit/1439,35EDM-WALTN-VTTAX-W
PUNYWALT,UNCH,1,240826-232204_PUNYWALT_after.png,Yes,Yes,Yes,NA,NA,NA,http://p5zlgintc01:16020/PayDirect/Merchant/Edit/1441,35EDM-WALNT-NTPRN-W
VUNYWALT,Done,1,240826-232208_VUNYWALT_after.png,Yes,Yes,Yes,NA,NA,NA,http://p5zlgintc01:16020/PayDirect/Merchant/Edit/1442,35EDM-WALNT-VTPRN-W
PTNJ0807,UNCH,1,240826-232213_PTNJ0807_after.png,Yes,Yes,Yes,NA,NA,NA,http://p5zlgintc01:16020/PayDirect/Merchant/Edit/1445,35EDM-GRNTX-DATAX-W
PUNJ0807,UNCH,1,240826-232217_PUNJ0807_after.png,Yes,Yes,Yes,NA,NA,NA,http://p5zlgintc01:16020/PayDirect/Merchant/Edit/1446,35EDM-GRNNT-NOTAX-W
PUNJ1103,UNCH,1,240826-232222_PUNJ1103_after.png,Yes,Yes,Yes,NA,NA,NA,http://p5zlgintc01:16020/PayDirect/Merchant/Edit/1450,35EDM-HAMNO-NOTAX-W
PTNJ1103,UNCH,1,240826-232952_PTNJ1103_after.png,Yes,Yes,Yes,NA,NA,NA,http://p5zlgintc01:16020/PayDirect/Merchant/Edit/1451,35EDM-HAMTX-DATAX-W
VUNJDEPT,Done,1,240826-232957_VUNJDEPT_after.png,Yes,Yes,Yes,NA,NA,NA,http://p5zlgintc01:16020/PayDirect/Merchant/Edit/1452,35EDM-DFORD-VTDPT-W
VUPAWYOM,Done,1,240826-233002_VUPAWYOM_after.png,Yes,Yes,Yes,NA,NA,NA,http://p5zlgintc01:16020/PayDirect/Merchant/Edit/1457,35EDM-WYMIS-PDNVT-W
VMPAWYOM,Done,1,240826-233006_VMPAWYOM_after.png,Yes,Yes,Yes,NA,NA,NA,http://p5zlgintc01:16020/PayDirect/Merchant/Edit/1458,35EDM-WYMIS-MISCE-W
PTNJ0104,UNCH,1,240826-233011_PTNJ0104_after.png,Yes,Yes,Yes,NA,NA,NA,http://p5zlgintc01:16020/PayDirect/Merchant/Edit/1459,35EDM-BUETX-DATAX-W
PUFLWILD,UNCH,1,240826-233016_PUFLWILD_after.png,Yes,Yes,Yes,NA,NA,NA,http://p5zlgintc01:16020/PayDirect/Merchant/Edit/1462,35EDM-WILDW-NOTAX-W
PMVAKILM,UNCH,1,240826-233020_PMVAKILM_after.png,Yes,Yes,Yes,NA,NA,NA,http://p5zlgintc01:16020/PayDirect/Merchant/Edit/1464,35EDM-KILMC-KILPD-W
VTNJ1506,Done,1,240826-233025_VTNJ1506_after.png,Yes,Yes,Yes,NA,NA,NA,http://p5zlgintc01:16020/PayDirect/Merchant/Edit/1466,35EDM-BRKLY-VTTAX-W
PTKYOAKG,UNCH,1,240826-233030_PTKYOAKG_after.png,Yes,Yes,Yes,NA,NA,NA,http://p5zlgintc01:16020/PayDirect/Merchant/Edit/1469,35EDM-OAKGR-NOTAX-W
PTGAPELH,UNCH,1,240826-233034_PTGAPELH_after.png,Yes,Yes,Yes,NA,NA,NA,http://p5zlgintc01:16020/PayDirect/Merchant/Edit/1470,35EDM-PELHA-PTGA1-W
PUGAPELH,UNCH,1,240826-233039_PUGAPELH_after.png,Yes,Yes,Yes,NA,NA,NA,http://p5zlgintc01:16020/PayDirect/Merchant/Edit/1471,35EDM-PELHA-PUGA1-W
PUGABRYN,UNCH,1,240826-233043_PUGABRYN_after.png,Yes,Yes,Yes,NA,NA,NA,http://p5zlgintc01:16020/PayDirect/Merchant/Edit/1474,35EDM-BRYAN-NOWEB-W
VUGABRYN,Done,1,240826-233048_VUGABRYN_after.png,Yes,Yes,Yes,NA,NA,NA,http://p5zlgintc01:16020/PayDirect/Merchant/Edit/1477,35EDM-BRYAN-NOWVT-W
VMGABRYN,Done,1,240826-233053_VMGABRYN_after.png,Yes,Yes,Yes,NA,NA,NA,http://p5zlgintc01:16020/PayDirect/Merchant/Edit/1478,35EDM-BRYAN-MISVT-W
VTDESFRD,Done,1,240826-233057_VTDESFRD_after.png,Yes,Yes,Yes,NA,NA,NA,http://p5zlgintc01:16020/PayDirect/Merchant/Edit/1480,35EDM-SEAFO-VTTAX-W
VUDESFRD,Done,1,240826-233102_VUDESFRD_after.png,Yes,Yes,Yes,NA,NA,NA,http://p5zlgintc01:16020/PayDirect/Merchant/Edit/1481,35EDM-SEAFP-NONVT-W
VMDESFRD,Done,1,240826-233107_VMDESFRD_after.png,Yes,Yes,Yes,NA,NA,NA,http://p5zlgintc01:16020/PayDirect/Merchant/Edit/1482,35EDM-SEAFR-MPDVT-W
PTDE134,UNCH,1,240826-233111_PTDE134_after.png,Yes,Yes,Yes,NA,NA,NA,http://p5zlgintc01:16020/PayDirect/Merchant/Edit/1484,35EDM-SOUTH-DATAX-W
PUPADTMA,UNCH,1,240826-233116_PUPADTMA_after.png,Yes,Yes,Yes,NA,NA,NA,http://p5zlgintc01:16020/PayDirect/Merchant/Edit/1485,35EDM-DOYTW-NOTXP-W
PUNJBWSA,UNCH,1,240826-233120_PUNJBWSA_after.png,Yes,Yes,Yes,NA,NA,NA,http://p5zlgintc01:16020/PayDirect/Merchant/Edit/1486,35EDM-BEACH-NOTAX-W
PUNCSHAR,UNCH,1,240826-233125_PUNCSHAR_after.png,Yes,Yes,Yes,NA,NA,NA,http://p5zlgintc01:16020/PayDirect/Merchant/Edit/1487,35EDM-SHARP-NOTAX-W
PTNJ0412,UNCH,1,240826-233130_PTNJ0412_after.png,Yes,Yes,Yes,NA,NA,NA,http://p5zlgintc01:16020/PayDirect/Merchant/Edit/1488,35EDM-CWOOD-DATAX-W
PUNJ0412,UNCH,1,240826-233134_PUNJ0412_after.png,Yes,Yes,Yes,NA,NA,NA,http://p5zlgintc01:16020/PayDirect/Merchant/Edit/1490,35EDM-CWOOD-NOTAX-W
PTNYERCH,UNCH,1,240826-233139_PTNYERCH_after.png,Yes,Yes,Yes,NA,NA,NA,http://p5zlgintc01:16020/PayDirect/Merchant/Edit/1496,35EDM-EASTR-DATAX-W
PTNJ2010,UNCH,1,240826-233143_PTNJ2010_after.png,Yes,Yes,Yes,NA,NA,NA,http://p5zlgintc01:16020/PayDirect/Merchant/Edit/1498,35EDM-MOUNT-PDTAX-W
PTNJ1603,UNCH,1,240826-233148_PTNJ1603_after.png,Yes,Yes,Yes,NA,NA,NA,http://p5zlgintc01:16020/PayDirect/Merchant/Edit/1500,35EDM-MANCH-PDTAX-W
PTNJ0817,UNCH,1,240826-233152_PTNJ0817_after.png,Yes,Yes,Yes,NA,NA,NA,http://p5zlgintc01:16020/PayDirect/Merchant/Edit/1501,35EDM-SWENJ-DATAX-W
PUNJ0817,UNCH,1,240826-233157_PUNJ0817_after.png,Yes,Yes,Yes,NA,NA,NA,http://p5zlgintc01:16020/PayDirect/Merchant/Edit/1502,35EDM-SWENJ-NTWEB-W
PTNJ0267,UNCH,1,240826-233201_PTNJ0267_after.png,Yes,Yes,Yes,NA,NA,NA,http://p5zlgintc01:16020/PayDirect/Merchant/Edit/1505,35EDM-WWOOD-DATAX-W
VTNJ0817,Done,1,240826-233206_VTNJ0817_after.png,Yes,Yes,Yes,NA,NA,NA,http://p5zlgintc01:16020/PayDirect/Merchant/Edit/1506,35EDM-SWENJ-TXVTP-W
VUNJ0817,Done,1,240826-233211_VUNJ0817_after.png,Yes,Yes,Yes,NA,NA,NA,http://p5zlgintc01:16020/PayDirect/Merchant/Edit/1507,35EDM-SWENJ-NTXVP-W
PTNJ1321,UNCH,1,240826-233215_PTNJ1321_after.png,Yes,Yes,Yes,NA,NA,NA,http://p5zlgintc01:16020/PayDirect/Merchant/Edit/1510,35EDM-HOWTN-TAXPR-W
PUNJ1321,UNCH,1,240826-233220_PUNJ1321_after.png,Yes,Yes,Yes,NA,NA,NA,http://p5zlgintc01:16020/PayDirect/Merchant/Edit/1511,35EDM-HOWTN-NTXPR-W
PUNJ1713,UNCH,1,240826-233224_PUNJ1713_after.png,Yes,Yes,Yes,NA,NA,NA,http://p5zlgintc01:16020/PayDirect/Merchant/Edit/1516,35EDM-SALEM-NOWEB-W
PTNJ1713,UNCH,1,240826-233229_PTNJ1713_after.png,Yes,Yes,Yes,NA,NA,NA,http://p5zlgintc01:16020/PayDirect/Merchant/Edit/1517,35EDM-SALEM-PDTAX-W
PUGAHAWK,UNCH,1,240826-233233_PUGAHAWK_after.png,Yes,Yes,Yes,NA,NA,NA,http://p5zlgintc01:16020/PayDirect/Merchant/Edit/1518,35EDM-HAWKI-NOWEB-W
VUGAHAWK,Done,1,240826-233238_VUGAHAWK_after.png,Yes,Yes,Yes,NA,NA,NA,http://p5zlgintc01:16020/PayDirect/Merchant/Edit/1519,35EDM-HAWKI-NOWVF-W
VMGAHAWK,Done,1,240826-233243_VMGAHAWK_after.png,Yes,Yes,Yes,NA,NA,NA,http://p5zlgintc01:16020/PayDirect/Merchant/Edit/1520,35EDM-HAWKI-MISVT-W
VTNJ0601,Done,1,240826-233248_VTNJ0601_after.png,Yes,Yes,Yes,NA,NA,NA,http://p5zlgintc01:16020/PayDirect/Merchant/Edit/1521,35EDM-BRIDG-VTTAX-W
VUNJ0601,Done,1,240826-233253_VUNJ0601_after.png,Yes,Yes,Yes,NA,NA,NA,http://p5zlgintc01:16020/PayDirect/Merchant/Edit/1522,35EDM-BRUTL-VTWEB-W
VMNJ0601,Done,1,240826-233257_VMNJ0601_after.png,Yes,Yes,Yes,NA,NA,NA,http://p5zlgintc01:16020/PayDirect/Merchant/Edit/1523,35EDM-BRDGT-VTWEB-W
PUPAELTN,UNCH,1,240826-233302_PUPAELTN_after.png,Yes,Yes,Yes,NA,NA,NA,http://p5zlgintc01:16020/PayDirect/Merchant/Edit/1527,35EDM-ELIZA-NOTAX-W
VUPAELTN,Done,1,240826-233307_VUPAELTN_after.png,Yes,Yes,Yes,NA,NA,NA,http://p5zlgintc01:16020/PayDirect/Merchant/Edit/1529,35EDM-ELIZA-VTNT1-W
PTNJ2011,UNCH,1,240826-233311_PTNJ2011_after.png,Yes,Yes,Yes,NA,NA,NA,http://p5zlgintc01:16020/PayDirect/Merchant/Edit/1531,35EDM-NPROV-NPTAX-W
PTNJ0423,UNCH,1,240826-233316_PTNJ0423_after.png,Yes,Yes,Yes,NA,NA,NA,http://p5zlgintc01:16020/PayDirect/Merchant/Edit/1533,35EDM-MAGNO-PDTAX-W
PUNJ0423,UNCH,1,240826-233320_PUNJ0423_after.png,Yes,Yes,Yes,NA,NA,NA,http://p5zlgintc01:16020/PayDirect/Merchant/Edit/1534,35EDM-MAGNO-NOWEB-W
PTDE23,UNCH,1,240826-233325_PTDE23_after.png,Yes,Yes,Yes,NA,NA,NA,http://p5zlgintc01:16020/PayDirect/Merchant/Edit/1535,35EDM-MIDTW-TAXWB-W
PUDE23,UNCH,1,240826-233329_PUDE23_after.png,Yes,Yes,Yes,NA,NA,NA,http://p5zlgintc01:16020/PayDirect/Merchant/Edit/1536,35EDM-MIDTW-NTWEB-W
VTDE23,Done,1,240826-233334_VTDE23_after.png,Yes,Yes,Yes,NA,NA,NA,http://p5zlgintc01:16020/PayDirect/Merchant/Edit/1537,35EDM-MIDTW-TAXVT-W
VUDE23,Done,1,Step1_ImportSites_20260824_232739.png,Error,Yes,Yes,NA,NA,NA,http://p5zlgintc01:16020/PayDirect/Merchant/Edit/1538,35EDM-MIDTW-NTXVT-W
VMDE23,Done,1,240826-234008_VMDE23_after.png,Yes,Yes,Yes,NA,NA,NA,http://p5zlgintc01:16020/PayDirect/Merchant/Edit/1539,35EDM-MIDTW-MISVT-W
PTNJ1405,UNCH,1,240826-234012_PTNJ1405_after.png,Yes,Yes,Yes,NA,NA,NA,http://p5zlgintc01:16020/PayDirect/Merchant/Edit/1540,35EDM-CHATH-TAXWB-W
PUNJ1405,UNCH,1,240826-234016_PUNJ1405_after.png,Yes,Yes,Yes,NA,NA,NA,http://p5zlgintc01:16020/PayDirect/Merchant/Edit/1541,35EDM-CHATH-NTWEB-W
PMNJ1405,UNCH,1,240826-234020_PMNJ1405_after.png,Yes,Yes,Yes,NA,NA,NA,http://p5zlgintc01:16020/PayDirect/Merchant/Edit/1542,35EDM-CHATH-MISWB-W
PUNYROUS,UNCH,1,240826-234025_PUNYROUS_after.png,Yes,Yes,Yes,NA,NA,NA,http://p5zlgintc01:16020/PayDirect/Merchant/Edit/1546,35EDM-ROUSE-NONTX-W
PTGAROCK,UNCH,1,240826-234029_PTGAROCK_after.png,Yes,Yes,Yes,NA,NA,NA,http://p5zlgintc01:16020/PayDirect/Merchant/Edit/1547,35EDM-ROCKM-PDTAX-W
PUGAROCK,UNCH,1,Step1_ImportSites_20260824_233842.png,Error,Yes,Yes,NA,NA,NA,http://p5zlgintc01:16020/PayDirect/Merchant/Edit/1548,35EDM-ROCKM-NOWEB-W
VTGAROCK,Done,1,240826-234104_VTGAROCK_after.png,Yes,Yes,Yes,NA,NA,NA,http://p5zlgintc01:16020/PayDirect/Merchant/Edit/1549,35EDM-ROCKM-TAXVT-W
VUGAROCK,Done,1,240826-234108_VUGAROCK_after.png,Yes,Yes,Yes,NA,NA,NA,http://p5zlgintc01:16020/PayDirect/Merchant/Edit/1550,35EDM-ROCKM-NOWVF-W
VMGAROCK,Done,1,240826-234112_VMGAROCK_after.png,Yes,Yes,Yes,NA,NA,NA,http://p5zlgintc01:16020/PayDirect/Merchant/Edit/1551,35EDM-ROCKM-MISVT-W
PUNJPNSA,UNCH,1,240826-234116_PUNJPNSA_after.png,Yes,Yes,Yes,NA,NA,NA,http://p5zlgintc01:16020/PayDirect/Merchant/Edit/1552,35EDM-PENSA-NOWEB-W
VUPASUNB,Done,1,240826-234120_VUPASUNB_after.png,Yes,Yes,Yes,NA,NA,NA,http://p5zlgintc01:16020/PayDirect/Merchant/Edit/1553,35EDM-SUNNT-NOWVF-W
VMPASUNB,Done,1,240826-234124_VMPASUNB_after.png,Yes,Yes,Yes,NA,NA,NA,http://p5zlgintc01:16020/PayDirect/Merchant/Edit/1554,35EDM-SUNNT-MISVT-W
PTNJ1524,UNCH,1,240826-234128_PTNJ1524_after.png,Yes,Yes,Yes,NA,NA,NA,http://p5zlgintc01:16020/PayDirect/Merchant/Edit/1555,35EDM-PLUMS-PDTAX-W
PTNJ1517,UNCH,1,240826-234133_PTNJ1517_after.png,Yes,Yes,Yes,NA,NA,NA,http://p5zlgintc01:16020/PayDirect/Merchant/Edit/1556,35EDM-LEHTT-DATAX-W
VMNJ0802,Done,1,240826-234137_VMNJ0802_after.png,Yes,Yes,Yes,NA,NA,NA,http://p5zlgintc01:16020/PayDirect/Merchant/Edit/1581,35EDM-DTFRD-MISVT-W
VTNJ0802,Done,1,240826-234141_VTNJ0802_after.png,Yes,Yes,Yes,NA,NA,NA,http://p5zlgintc01:16020/PayDirect/Merchant/Edit/1582,35EDM-DTFRD-TAXVT-W
VUNJPNSA,Done,1,240826-234145_VUNJPNSA_after.png,Yes,Yes,Yes,NA,NA,NA,http://p5zlgintc01:16020/PayDirect/Merchant/Edit/1586,35EDM-PENSA-NTXVT-W
VMNJPNSA,Done,1,240826-234149_VMNJPNSA_after.png,Yes,Yes,Yes,NA,NA,NA,http://p5zlgintc01:16020/PayDirect/Merchant/Edit/1587,35EDM-PENSA-MISVT-W
VMGADAWS,Done,1,240826-234153_VMGADAWS_after.png,Yes,Yes,Yes,NA,NA,NA,http://p5zlgintc01:16020/PayDirect/Merchant/Edit/1588,35EDM-DAWSN-MSCVT-W
VUGADAWS,Done,1,240826-234157_VUGADAWS_after.png,Yes,Yes,Yes,NA,NA,NA,http://p5zlgintc01:16020/PayDirect/Merchant/Edit/1589,35EDM-DAWSN-NTXVT-W
VMNJLOWM,Done,1,240826-234202_VMNJLOWM_after.png,Yes,Yes,Yes,NA,NA,NA,http://p5zlgintc01:16020/PayDirect/Merchant/Edit/1590,35EDM-LOUTL-MISCW-W
VUNJLOWM,Done,1,240826-234206_VUNJLOWM_after.png,Yes,Yes,Yes,NA,NA,NA,http://p5zlgintc01:16020/PayDirect/Merchant/Edit/1591,35EDM-LOUTL-NOTAX-W
PMNCWILK,UNCH,1,240826-234210_PMNCWILK_after.png,Yes,Yes,Yes,NA,NA,NA,http://p5zlgintc01:16020/PayDirect/Merchant/Edit/1592,35EDM-WLKSB-MISCW-W
PTNJ1017,UNCH,1,240826-234214_PTNJ1017_after.png,Yes,Yes,Yes,NA,NA,NA,http://p5zlgintc01:16020/PayDirect/Merchant/Edit/1594,35EDM-LAMBE-PDTAX-W
PTNJ1606,UNCH,1,240826-234218_PTNJ1606_after.png,Yes,Yes,Yes,NA,NA,NA,http://p5zlgintc01:16020/PayDirect/Merchant/Edit/1596,35EDM-NHALE-PDTAX-W
PUGABOWD,UNCH,1,240826-234222_PUGABOWD_after.png,Yes,Yes,Yes,NA,NA,NA,http://p5zlgintc01:16020/PayDirect/Merchant/Edit/1601,35EDM-BOWDO-NTWEB-W
VUGABOWD,Done,1,240826-234226_VUGABOWD_after.png,Yes,Yes,Yes,NA,NA,NA,http://p5zlgintc01:16020/PayDirect/Merchant/Edit/1602,35EDM-BOWDO-NTXVT-W
VMGABOWD,Done,1,240826-234230_VMGABOWD_after.png,Yes,Yes,Yes,NA,NA,NA,http://p5zlgintc01:16020/PayDirect/Merchant/Edit/1603,35EDM-BOWDO-MISVT-W
PTNJ2116,UNCH,1,240826-234234_PTNJ2116_after.png,Yes,Yes,Yes,NA,NA,NA,http://p5zlgintc01:16020/PayDirect/Merchant/Edit/1604,35EDM-MSFWA-DATAX-W
PTNJ1223,UNCH,1,240826-234238_PTNJ1223_after.png,Yes,Yes,Yes,NA,NA,NA,http://p5zlgintc01:16020/PayDirect/Merchant/Edit/1605,35EDM-STHRV-DATAX-W
PTNJ1303,UNCH,1,240826-234243_PTNJ1303_after.png,Yes,Yes,Yes,NA,NA,NA,http://p5zlgintc01:16020/PayDirect/Merchant/Edit/1606,35EDM-ALLEN-TAXWB-W
PUNJ1303,UNCH,1,240826-234247_PUNJ1303_after.png,Yes,Yes,Yes,NA,NA,NA,http://p5zlgintc01:16020/PayDirect/Merchant/Edit/1607,35EDM-ALLEN-NTXWB-W
PMNJ1303,UNCH,1,240826-234251_PMNJ1303_after.png,Yes,Yes,Yes,NA,NA,NA,http://p5zlgintc01:16020/PayDirect/Merchant/Edit/1608,35EDM-ALLEN-MSCWB-W
PTNJ1206,UNCH,1,240826-234256_PTNJ1206_after.png,Yes,Yes,Yes,NA,NA,NA,http://p5zlgintc01:16020/PayDirect/Merchant/Edit/1610,35EDM-HELME-PDTAX-W
PUNJ1206,UNCH,1,240826-234300_PUNJ1206_after.png,Yes,Yes,Yes,NA,NA,NA,http://p5zlgintc01:16020/PayDirect/Merchant/Edit/1611,35EDM-HELME-NOWEB-W
PTNJ0815,UNCH,1,240826-234304_PTNJ0815_after.png,Yes,Yes,Yes,NA,NA,NA,http://p5zlgintc01:16020/PayDirect/Merchant/Edit/1612,35EDM-PITMN-PDTAX-W
PUNJ0815,UNCH,1,240826-234308_PUNJ0815_after.png,Yes,Yes,Yes,NA,NA,NA,http://p5zlgintc01:16020/PayDirect/Merchant/Edit/1613,35EDM-PITMN-NOWEB-W
PTNJ0330,UNCH,1,240826-234312_PTNJ0330_after.png,Yes,Yes,Yes,NA,NA,NA,http://p5zlgintc01:16020/PayDirect/Merchant/Edit/1615,35EDM-RIVSD-TXWEB-W
PUNJ0330,UNCH,1,240826-234316_PUNJ0330_after.png,Yes,Yes,Yes,NA,NA,NA,http://p5zlgintc01:16020/PayDirect/Merchant/Edit/1616,35EDM-RIVSD-NTWEB-W
PTNJ0411,UNCH,1,240826-234320_PTNJ0411_after.png,Yes,Yes,Yes,NA,NA,NA,http://p5zlgintc01:16020/PayDirect/Merchant/Edit/1632,35EDM-CLEME-TXWEB-W
PUNJ0411,UNCH,1,240826-234325_PUNJ0411_after.png,Yes,Yes,Yes,NA,NA,NA,http://p5zlgintc01:16020/PayDirect/Merchant/Edit/1633,35EDM-CLEME-NXWEB-W
PTNJ0413,UNCH,1,240826-234329_PTNJ0413_after.png,Yes,Yes,Yes,NA,NA,NA,http://p5zlgintc01:16020/PayDirect/Merchant/Edit/1634,35EDM-GIBBS-TXWEB-W
PUNJ0413,UNCH,1,240826-234333_PUNJ0413_after.png,Yes,Yes,Yes,NA,NA,NA,http://p5zlgintc01:16020/PayDirect/Merchant/Edit/1635,35EDM-GIBBS-NXWEB-W
PTNJ2018,UNCH,1,240826-234337_PTNJ2018_after.png,Yes,Yes,Yes,NA,NA,NA,http://p5zlgintc01:16020/PayDirect/Merchant/Edit/1636,35EDM-SUMMI-TXWEB-W
PUNJ2018,UNCH,1,240826-234341_PUNJ2018_after.png,Yes,Yes,Yes,NA,NA,NA,http://p5zlgintc01:16020/PayDirect/Merchant/Edit/1637,35EDM-SUMMI-NXWEB-W
PUNYPKSK,UNCH,1,240826-234345_PUNYPKSK_after.png,Yes,Yes,Yes,NA,NA,NA,http://p5zlgintc01:16020/PayDirect/Merchant/Edit/1640,35EDM-PEEKS-NOWEB-W
PUNYGOSH,UNCH,1,240826-234350_PUNYGOSH_after.png,Yes,Yes,Yes,NA,NA,NA,http://p5zlgintc01:16020/PayDirect/Merchant/Edit/1641,35EDM-VGOSH-NOWEB-W
PTNYGOSH,UNCH,1,240826-234354_PTNYGOSH_after.png,Yes,Yes,Yes,NA,NA,NA,http://p5zlgintc01:16020/PayDirect/Merchant/Edit/1642,35EDM-VGOSH-PDTAX-W
PUNJMHMA,UNCH,1,240826-234358_PUNJMHMA_after.png,Yes,Yes,Yes,NA,NA,NA,http://p5zlgintc01:16020/PayDirect/Merchant/Edit/1647,35EDM-MHOLL-NOTAX-W
PUPAKENN,UNCH,1,240826-235043_PUPAKENN_after.png,Yes,Yes,Yes,NA,NA,NA,http://p5zlgintc01:16020/PayDirect/Merchant/Edit/1653,35EDM-KENNE-NOWEB-W
PTNJ1317,UNCH,1,240826-235047_PTNJ1317_after.png,Yes,Yes,Yes,NA,NA,NA,http://p5zlgintc01:16020/PayDirect/Merchant/Edit/1657,35EDM-FHOLD-TAXWB-W
PUNJ1317,UNCH,1,240826-235051_PUNJ1317_after.png,Yes,Yes,Yes,NA,NA,NA,http://p5zlgintc01:16020/PayDirect/Merchant/Edit/1658,35EDM-FHOLD-NTXWB-W
PUNJPGSA,UNCH,1,240826-235055_PUNJPGSA_after.png,Yes,Yes,Yes,NA,NA,NA,http://p5zlgintc01:16020/PayDirect/Merchant/Edit/1659,35EDM-PEGRO-NOTAX-W
PUSCBCPS,UNCH,1,240826-235100_PUSCBCPS_after.png,Yes,Yes,Yes,NA,NA,NA,http://p5zlgintc01:16020/PayDirect/Merchant/Edit/1662,35EDM-BCPSD-NONWB-W
PTNJ1348,UNCH,1,240826-235104_PTNJ1348_after.png,Yes,Yes,Yes,NA,NA,NA,http://p5zlgintc01:16020/PayDirect/Merchant/Edit/1668,35EDM-SPRNG-PDTAX-W
PUNJ1348,UNCH,1,240826-235108_PUNJ1348_after.png,Yes,Yes,Yes,NA,NA,NA,http://p5zlgintc01:16020/PayDirect/Merchant/Edit/1669,35EDM-SPRNG-NOWEB-W
PMPANCSL,UNCH,1,240826-235113_PMPANCSL_after.png,Yes,Yes,Yes,NA,NA,NA,http://p5zlgintc01:16020/PayDirect/Merchant/Edit/1671,35EDM-NEWCA-MISCW-W
PTNJ1314,UNCH,1,240826-235117_PTNJ1314_after.png,Yes,Yes,Yes,NA,NA,NA,http://p5zlgintc01:16020/PayDirect/Merchant/Edit/1680,35EDM-FAIRH-DATAX-W
VTNC600,Done,1,240826-235121_VTNC600_after.png,Yes,Yes,Yes,NA,NA,NA,http://p5zlgintc01:16020/PayDirect/Merchant/Edit/1681,35EDM-INDIA-VTTAX-W
PTNJ0214,UNCH,1,240826-235126_PTNJ0214_after.png,Yes,Yes,Yes,NA,NA,NA,http://p5zlgintc01:16020/PayDirect/Merchant/Edit/1682,35EDM-EMERS-PDTAX-W
PTMDSMRS,UNCH,1,240826-235130_PTMDSMRS_after.png,Yes,Yes,Yes,NA,NA,NA,http://p5zlgintc01:16020/PayDirect/Merchant/Edit/1683,35EDM-SOMCO-DATAX-W
VTMDSMRS,Done,1,240826-235134_VTMDSMRS_after.png,Yes,Yes,Yes,NA,NA,NA,http://p5zlgintc01:16020/PayDirect/Merchant/Edit/1684,35EDM-SOMCO-VTTAX-W
VMMDSMRS,Done,1,240826-235139_VMMDSMRS_after.png,Yes,Yes,Yes,NA,NA,NA,http://p5zlgintc01:16020/PayDirect/Merchant/Edit/1685,35EDM-SOMCO-NOTAX-W
VMNC600,Done,1,240826-235143_VMNC600_after.png,Yes,Yes,Yes,NA,NA,NA,http://p5zlgintc01:16020/PayDirect/Merchant/Edit/1695,35EDM-INDIA-NOTAX-W
PTNJ0109,UNCH,1,240826-235148_PTNJ0109_after.png,Yes,Yes,Yes,NA,NA,NA,http://p5zlgintc01:16020/PayDirect/Merchant/Edit/1701,35EDM-ESTEL-PDTAX-W
PUNJ1608,UNCH,1,240826-235152_PUNJ1608_after.png,Yes,Yes,Yes,NA,NA,NA,http://p5zlgintc01:16020/PayDirect/Merchant/Edit/1702,35EDM-PATER-NOWEB-W
PTNJ1608,UNCH,1,240826-235156_PTNJ1608_after.png,Yes,Yes,Yes,NA,NA,NA,http://p5zlgintc01:16020/PayDirect/Merchant/Edit/1703,35EDM-PATER-PDTAX-W
VMNJ1608,Done,1,240826-235200_VMNJ1608_after.png,Yes,Yes,Yes,NA,NA,NA,http://p5zlgintc01:16020/PayDirect/Merchant/Edit/1704,35EDM-PATER-MISVT-W
VUNJ1608,Done,1,240826-235204_VUNJ1608_after.png,Yes,Yes,Yes,NA,NA,NA,http://p5zlgintc01:16020/PayDirect/Merchant/Edit/1705,35EDM-PATER-NOWVF-W
VTNJ1608,Done,1,240826-235209_VTNJ1608_after.png,Yes,Yes,Yes,NA,NA,NA,http://p5zlgintc01:16020/PayDirect/Merchant/Edit/1706,35EDM-PATER-TAXVT-W
PTNJ0311,UNCH,1,240826-235213_PTNJ0311_after.png,Yes,Yes,Yes,NA,NA,NA,http://p5zlgintc01:16020/PayDirect/Merchant/Edit/1707,35EDM-EASTA-EATAX-W
PTGACLAX,UNCH,1,240826-235217_PTGACLAX_after.png,Yes,Yes,Yes,NA,NA,NA,http://p5zlgintc01:16020/PayDirect/Merchant/Edit/1708,35EDM-CLAXT-TAXWB-W
PUGACLAX,UNCH,1,240826-235221_PUGACLAX_after.png,Yes,Yes,Yes,NA,NA,NA,http://p5zlgintc01:16020/PayDirect/Merchant/Edit/1709,35EDM-CLAXT-NTXWB-W
PTNJ0334,UNCH,1,240826-235225_PTNJ0334_after.png,Yes,Yes,Yes,NA,NA,NA,http://p5zlgintc01:16020/PayDirect/Merchant/Edit/1711,35EDM-SRNFD-PDTAX-W
PMMDSMRS,UNCH,1,240826-235229_PMMDSMRS_after.png,Yes,Yes,Yes,NA,NA,NA,http://p5zlgintc01:16020/PayDirect/Merchant/Edit/1719,35EDM-SOMCO-MSCWB-W
PTNJ1308,UNCH,1,240826-235233_PTNJ1308_after.png,Yes,Yes,Yes,NA,NA,NA,http://p5zlgintc01:16020/PayDirect/Merchant/Edit/1721,35EDM-BRADL-PDTAX-W
PUNJ1308,UNCH,1,240826-235237_PUNJ1308_after.png,Yes,Yes,Yes,NA,NA,NA,http://p5zlgintc01:16020/PayDirect/Merchant/Edit/1722,35EDM-BRADL-NOWEB-W
PUNJCPSA,UNCH,1,240826-235242_PUNJCPSA_after.png,Yes,Yes,Yes,NA,NA,NA,http://p5zlgintc01:16020/PayDirect/Merchant/Edit/1723,35EDM-CPSEW-CNTAX-W
PTNJ0268,UNCH,1,240826-235246_PTNJ0268_after.png,Yes,Yes,Yes,NA,NA,NA,http://p5zlgintc01:16020/PayDirect/Merchant/Edit/1724,35EDM-WOODC-DATAX-W
PMNJ0404,UNCH,1,240826-235250_PMNJ0404_after.png,Yes,Yes,Yes,NA,NA,NA,http://p5zlgintc01:16020/PayDirect/Merchant/Edit/1729,35EDM-BELLM-MISWB-W
PUNJ0404,UNCH,1,240826-235254_PUNJ0404_after.png,Yes,Yes,Yes,NA,NA,NA,http://p5zlgintc01:16020/PayDirect/Merchant/Edit/1730,35EDM-BELLM-NOWEB-W
VUNJ0404,Done,1,240826-235258_VUNJ0404_after.png,Yes,Yes,Yes,NA,NA,NA,http://p5zlgintc01:16020/PayDirect/Merchant/Edit/1731,35EDM-BELLM-NOWVF-W
PTNJ0404,UNCH,1,240826-235303_PTNJ0404_after.png,Yes,Yes,Yes,NA,NA,NA,http://p5zlgintc01:16020/PayDirect/Merchant/Edit/1732,35EDM-BELLM-PDTAX-W
VTNJ0404,Done,1,240826-235307_VTNJ0404_after.png,Yes,Yes,Yes,NA,NA,NA,http://p5zlgintc01:16020/PayDirect/Merchant/Edit/1733,35EDM-BELLM-TAXVT-W
PTNJ0908,UNCH,1,240826-235311_PTNJ0908_after.png,Yes,Yes,Yes,NA,NA,NA,http://p5zlgintc01:16020/PayDirect/Merchant/Edit/1736,35EDM-NORTB-PDTAX-W
VUSCBCPS,Done,1,240826-235316_VUSCBCPS_after.png,Yes,Yes,Yes,NA,NA,NA,http://p5zlgintc01:16020/PayDirect/Merchant/Edit/1740,35EDM-BCPSD-NONTV-W
PUNJETSA,UNCH,1,240826-235320_PUNJETSA_after.png,Yes,Yes,Yes,NA,NA,NA,http://p5zlgintc01:16020/PayDirect/Merchant/Edit/1744,35EDM-EAMUA-NTPRN-W
VUNJETSA,Done,1,240826-235324_VUNJETSA_after.png,Yes,Yes,Yes,NA,NA,NA,http://p5zlgintc01:16020/PayDirect/Merchant/Edit/1745,35EDM-EAMUA-NTVTP-W
PUNCSURF,UNCH,1,240826-235328_PUNCSURF_after.png,Yes,Yes,Yes,NA,NA,NA,http://p5zlgintc01:16020/PayDirect/Merchant/Edit/1747,35EDM-SURFC-NOWEB-W
PTNCSURF,UNCH,1,240826-235332_PTNCSURF_after.png,Yes,Yes,Yes,NA,NA,NA,http://p5zlgintc01:16020/PayDirect/Merchant/Edit/1748,35EDM-SURFC-TAXPR-W
PTNJ0261,UNCH,1,240826-235337_PTNJ0261_after.png,Yes,Yes,Yes,NA,NA,NA,http://p5zlgintc01:16020/PayDirect/Merchant/Edit/1749,35EDM-TNFLY-TNTAX-W
PUGAFRAN,UNCH,1,240826-235341_PUGAFRAN_after.png,Yes,Yes,Yes,NA,NA,NA,http://p5zlgintc01:16020/PayDirect/Merchant/Edit/1753,35EDM-FRACO-NOTAX-W
PTNJ0208,UNCH,1,240826-235346_PTNJ0208_after.png,Yes,Yes,Yes,NA,NA,NA,http://p5zlgintc01:16020/PayDirect/Merchant/Edit/1754,35EDM-CRESS-DATAX-W
PTGAHOME,UNCH,1,240826-235350_PTGAHOME_after.png,Yes,Yes,Yes,NA,NA,NA,http://p5zlgintc01:16020/PayDirect/Merchant/Edit/1758,35EDM-HOMER-DATAX-W
PUGAHOME,UNCH,1,240826-235354_PUGAHOME_after.png,Yes,Yes,Yes,NA,NA,NA,http://p5zlgintc01:16020/PayDirect/Merchant/Edit/1759,35EDM-HOMER-NOTAX-W
PUNYPNYN,UNCH,1,240826-235358_PUNYPNYN_after.png,Yes,Yes,Yes,NA,NA,NA,http://p5zlgintc01:16020/PayDirect/Merchant/Edit/1760,35EDM-PNYEN-NOTAX-W
PUPALEHG,UNCH,1,240826-235402_PUPALEHG_after.png,Yes,Yes,Yes,NA,NA,NA,http://p5zlgintc01:16020/PayDirect/Merchant/Edit/1761,35EDM-LEHIG-NOWEB-W
VUPALEHG,Done,1,240826-235406_VUPALEHG_after.png,Yes,Yes,Yes,NA,NA,NA,http://p5zlgintc01:16020/PayDirect/Merchant/Edit/1762,35EDM-LEHIG-NOWVF-W
PTNYCHES,UNCH,1,240826-235410_PTNYCHES_after.png,Yes,Yes,Yes,NA,NA,NA,http://p5zlgintc01:16020/PayDirect/Merchant/Edit/1764,35EDM-VILCH-PDTAX-W
PUNYCHES,UNCH,1,250826-000045_PUNYCHES_after.png,Yes,Yes,Yes,NA,NA,NA,http://p5zlgintc01:16020/PayDirect/Merchant/Edit/1765,35EDM-VILCH-NOWEB-W
PMNYCHES,UNCH,1,250826-000049_PMNYCHES_after.png,Yes,Yes,Yes,NA,NA,NA,http://p5zlgintc01:16020/PayDirect/Merchant/Edit/1766,35EDM-VILCH-MISWB-W
PTGAAUBN,UNCH,1,250826-000054_PTGAAUBN_after.png,Yes,Yes,Yes,NA,NA,NA,http://p5zlgintc01:16020/PayDirect/Merchant/Edit/1767,35EDM-AUBUR-PDTAX-W
PUGAAUBN,UNCH,1,250826-000058_PUGAAUBN_after.png,Yes,Yes,Yes,NA,NA,NA,http://p5zlgintc01:16020/PayDirect/Merchant/Edit/1768,35EDM-AUBUR-NOWEB-W
VTGAAUBN,Done,1,250826-000102_VTGAAUBN_after.png,Yes,Yes,Yes,NA,NA,NA,http://p5zlgintc01:16020/PayDirect/Merchant/Edit/1769,35EDM-AUBUR-TAXVT-W
VUGAAUBN,Done,1,250826-000106_VUGAAUBN_after.png,Yes,Yes,Yes,NA,NA,NA,http://p5zlgintc01:16020/PayDirect/Merchant/Edit/1770,35EDM-AUBUR-NOWVF-W
VMGAAUBN,Done,1,250826-000110_VMGAAUBN_after.png,Yes,Yes,Yes,NA,NA,NA,http://p5zlgintc01:16020/PayDirect/Merchant/Edit/1771,35EDM-AUBUR-MISVT-W
PTGAWSHN,UNCH,1,250826-000114_PTGAWSHN_after.png,Yes,Yes,Yes,NA,NA,NA,http://p5zlgintc01:16020/PayDirect/Merchant/Edit/1772,35EDM-WASGA-PDTAX-W
VTGAWSHN,Done,1,250826-000118_VTGAWSHN_after.png,Yes,Yes,Yes,NA,NA,NA,http://p5zlgintc01:16020/PayDirect/Merchant/Edit/1774,35EDM-WASGA-TAXVT-W
VUGAWSHN,Done,1,250826-000122_VUGAWSHN_after.png,Yes,Yes,Yes,NA,NA,NA,http://p5zlgintc01:16020/PayDirect/Merchant/Edit/1775,35EDM-WASGA-NOWVF-W
VMGAWSHN,Done,1,250826-000126_VMGAWSHN_after.png,Yes,Yes,Yes,NA,NA,NA,http://p5zlgintc01:16020/PayDirect/Merchant/Edit/1776,35EDM-WASGA-MISVT-W
PUNJ0516,UNCH,1,250826-000130_PUNJ0516_after.png,Yes,Yes,Yes,NA,NA,NA,http://p5zlgintc01:16020/PayDirect/Merchant/Edit/1778,35EDM-WDBNT-NOTAX-W
PTNJ0201,UNCH,1,250826-000134_PTNJ0201_after.png,Yes,Yes,Yes,NA,NA,NA,http://p5zlgintc01:16020/PayDirect/Merchant/Edit/1785,35EDM-ALLED-DATAX-W
PUNJ1318,UNCH,1,250826-000138_PUNJ1318_after.png,Yes,Yes,Yes,NA,NA,NA,http://p5zlgintc01:16020/PayDirect/Merchant/Edit/1786,35EDM-HAZLT-NTWEB-W
PTNJ2112,UNCH,1,250826-000142_PTNJ2112_after.png,Yes,Yes,Yes,NA,NA,NA,http://p5zlgintc01:16020/PayDirect/Merchant/Edit/1789,35EDM-INDEP-TXPRN-W
VPNJ0908,Done,1,250826-000147_VPNJ0908_after.png,Yes,Yes,Yes,NA,NA,NA,http://p5zlgintc01:16020/PayDirect/Merchant/Edit/1791,35EDM-NORTB-POOLV-W
VDNJ0908,Done,1,250826-000151_VDNJ0908_after.png,Yes,Yes,Yes,NA,NA,NA,http://p5zlgintc01:16020/PayDirect/Merchant/Edit/1792,35EDM-NORTB-DOGVT-W
VCNJ0908,Done,1,250826-000155_VCNJ0908_after.png,Yes,Yes,Yes,NA,NA,NA,http://p5zlgintc01:16020/PayDirect/Merchant/Edit/1793,35EDM-NORTB-CPCEV-W
PMGASOFU,UNCH,1,250826-000200_PMGASOFU_after.png,Yes,Yes,Yes,NA,NA,NA,http://p5zlgintc01:16020/PayDirect/Merchant/Edit/1794,35EDM-SOFUL-NOTAX-W
VMGASOFU,Done,1,250826-000204_VMGASOFU_after.png,Yes,Yes,Yes,NA,NA,NA,http://p5zlgintc01:16020/PayDirect/Merchant/Edit/1795,35EDM-SOFUL-NTVTE-W
PTNJ1711,UNCH,1,250826-000208_PTNJ1711_after.png,Yes,Yes,Yes,NA,NA,NA,http://p5zlgintc01:16020/PayDirect/Merchant/Edit/1801,35EDM-PITTS-PITAX-W
PMGABOWD,UNCH,1,Step1_ImportSites_20260824_235902.png,Error,Yes,Yes,NA,NA,NA,http://p5zlgintc01:16020/PayDirect/Merchant/Edit/1802,35EDM-BOWDO-MISWB-W
VUNJACSC,Done,1,250826-000243_VUNJACSC_after.png,Yes,Yes,Yes,NA,NA,NA,http://p5zlgintc01:16020/PayDirect/Merchant/Edit/1803,35EDM-ACSCO-NTXVT-W
VMNJACSC,Done,1,250826-000247_VMNJACSC_after.png,Yes,Yes,Yes,NA,NA,NA,http://p5zlgintc01:16020/PayDirect/Merchant/Edit/1804,35EDM-ACSCO-MISVT-W
PUNYHARM,UNCH,1,250826-000251_PUNYHARM_after.png,Yes,Yes,Yes,NA,NA,NA,http://p5zlgintc01:16020/PayDirect/Merchant/Edit/1807,35EDM-HARRI-NOTAX-W
VUFLUMAT,Done,1,250826-000255_VUFLUMAT_after.png,Yes,Yes,Yes,NA,NA,NA,http://p5zlgintc01:16020/PayDirect/Merchant/Edit/1812,35EDM-UMATI-NTXVT-W
VMFLUMAT,Done,1,250826-000259_VMFLUMAT_after.png,Yes,Yes,Yes,NA,NA,NA,http://p5zlgintc01:16020/PayDirect/Merchant/Edit/1813,35EDM-UMATI-MISVT-W
PTNJ0244,UNCH,1,250826-000303_PTNJ0244_after.png,Yes,Yes,Yes,NA,NA,NA,http://p5zlgintc01:16020/PayDirect/Merchant/Edit/1814,35EDM-ORADE-DATAX-W
PUNJ0244,UNCH,1,250826-000307_PUNJ0244_after.png,Yes,Yes,Yes,NA,NA,NA,http://p5zlgintc01:16020/PayDirect/Merchant/Edit/1815,35EDM-ORADE-NOTAX-W
PUGAMONR,UNCH,1,250826-000311_PUGAMONR_after.png,Yes,Yes,Yes,NA,NA,NA,http://p5zlgintc01:16020/PayDirect/Merchant/Edit/1824,35EDM-MONCO-NTXWB-W
VUGAMONR,Done,1,250826-000315_VUGAMONR_after.png,Yes,Yes,Yes,NA,NA,NA,http://p5zlgintc01:16020/PayDirect/Merchant/Edit/1825,35EDM-MONCO-NTXVT-W
PUNYLNVL,UNCH,1,250826-000320_PUNYLNVL_after.png,Yes,Yes,Yes,NA,NA,NA,http://p5zlgintc01:16020/PayDirect/Merchant/Edit/1827,35EDM-LANVL-NTPRN-W
PUNJ1340,UNCH,1,250826-000324_PUNJ1340_after.png,Yes,Yes,Yes,NA,NA,NA,http://p5zlgintc01:16020/PayDirect/Merchant/Edit/1828,35EDM-ROOSE-NTPRN-W
PTNCFLAT,UNCH,1,250826-000329_PTNCFLAT_after.png,Yes,Yes,Yes,NA,NA,NA,http://p5zlgintc01:16020/PayDirect/Merchant/Edit/1829,35EDM-FLATR-TXWEB-W
PTNJ1340,UNCH,1,250826-000333_PTNJ1340_after.png,Yes,Yes,Yes,NA,NA,NA,http://p5zlgintc01:16020/PayDirect/Merchant/Edit/1830,35EDM-ROOSE-TWPRN-W
PUGAHCWS,UNCH,1,250826-000338_PUGAHCWS_after.png,Yes,Yes,Yes,NA,NA,NA,http://p5zlgintc01:16020/PayDirect/Merchant/Edit/1834,35EDM-HARTC-NTWEB-W
VUGAHCWS,Done,1,250826-000342_VUGAHCWS_after.png,Yes,Yes,Yes,NA,NA,NA,http://p5zlgintc01:16020/PayDirect/Merchant/Edit/1835,35EDM-HARTC-NTXVT-W
PTNJ1336,UNCH,1,250826-000348_PTNJ1336_after.png,Yes,Yes,Yes,NA,NA,NA,http://p5zlgintc01:16020/PayDirect/Merchant/Edit/1837,35EDM-NEPTU-TXWEB-W
PUNJ1336,UNCH,1,250826-000352_PUNJ1336_after.png,Yes,Yes,Yes,NA,NA,NA,http://p5zlgintc01:16020/PayDirect/Merchant/Edit/1838,35EDM-NEPTU-NTXWB-W
PUNJ1204,UNCH,1,250826-000357_PUNJ1204_after.png,Yes,Yes,Yes,NA,NA,NA,http://p5zlgintc01:16020/PayDirect/Merchant/Edit/1841,35EDM-EASTB-PUNJ1-W
PTNJ1204,UNCH,1,250826-000401_PTNJ1204_after.png,Yes,Yes,Yes,NA,NA,NA,http://p5zlgintc01:16020/PayDirect/Merchant/Edit/1842,35EDM-EASTB-PTNJ1-W
PTNJ0301,UNCH,1,250826-000406_PTNJ0301_after.png,Yes,Yes,Yes,NA,NA,NA,http://p5zlgintc01:16020/PayDirect/Merchant/Edit/1843,35EDM-BASSR-TXWEB-W
PTDE21,UNCH,1,250826-000410_PTDE21_after.png,Yes,Yes,Yes,NA,NA,NA,http://p5zlgintc01:16020/PayDirect/Merchant/Edit/1844,35EDM-NEWCD-TXWEB-W
PMDE21,UNCH,1,250826-000414_PMDE21_after.png,Yes,Yes,Yes,NA,NA,NA,http://p5zlgintc01:16020/PayDirect/Merchant/Edit/1845,35EDM-NEWCD-MSWEB-W
VUPAKENN,Done,1,250826-000418_VUPAKENN_after.png,Yes,Yes,Yes,NA,NA,NA,http://p5zlgintc01:16020/PayDirect/Merchant/Edit/1847,35EDM-KENNE-NOWVF-W
VMPAKENN,Done,1,250826-000423_VMPAKENN_after.png,Yes,Yes,Yes,NA,NA,NA,http://p5zlgintc01:16020/PayDirect/Merchant/Edit/1848,35EDM-KENNE-MISVT-W
PUPASUGR,UNCH,1,250826-000427_PUPASUGR_after.png,Yes,Yes,Yes,NA,NA,NA,http://p5zlgintc01:16020/PayDirect/Merchant/Edit/1856,35EDM-SUGAR-NTWEB-W
PTNYPATC,UNCH,1,250826-000431_PTNYPATC_after.png,Yes,Yes,Yes,NA,NA,NA,http://p5zlgintc01:16020/PayDirect/Merchant/Edit/1857,35EDM-PTNYP-TXPRN-W
PUNJ0247,UNCH,1,250826-000435_PUNJ0247_after.png,Yes,Yes,Yes,NA,NA,NA,http://p5zlgintc01:16020/PayDirect/Merchant/Edit/1858,35EDM-PARKR-NOTAX-W
PTNJ1401,UNCH,1,250826-000439_PTNJ1401_after.png,Yes,Yes,Yes,NA,NA,NA,http://p5zlgintc01:16020/PayDirect/Merchant/Edit/1867,35EDM-BOONT-TXWEB-W
PUNJ1401,UNCH,1,250826-001155_PUNJ1401_after.png,Yes,Yes,Yes,NA,NA,NA,http://p5zlgintc01:16020/PayDirect/Merchant/Edit/1868,35EDM-BOONT-NTWEB-W
PUNCGATE,UNCH,1,250826-001159_PUNCGATE_after.png,Yes,Yes,Yes,NA,NA,NA,http://p5zlgintc01:16020/PayDirect/Merchant/Edit/1869,35EDM-GATES-NTWEB-W
PTNYMALO,UNCH,1,250826-001203_PTNYMALO_after.png,Yes,Yes,Yes,NA,NA,NA,http://p5zlgintc01:16020/PayDirect/Merchant/Edit/1871,35EDM-MALON-DATAX-W
PUNYMALO,UNCH,1,250826-001207_PUNYMALO_after.png,Yes,Yes,Yes,NA,NA,NA,http://p5zlgintc01:16020/PayDirect/Merchant/Edit/1872,35EDM-MALON-NOTAX-W
PTVATAPP,UNCH,1,250826-001212_PTVATAPP_after.png,Yes,Yes,Yes,NA,NA,NA,http://p5zlgintc01:16020/PayDirect/Merchant/Edit/1873,35EDM-TAPPA-TXWEB-W
PUVATAPP,UNCH,1,250826-001216_PUVATAPP_after.png,Yes,Yes,Yes,NA,NA,NA,http://p5zlgintc01:16020/PayDirect/Merchant/Edit/1874,35EDM-TAPPA-NTWEB-W
PMVATAPP,UNCH,1,250826-001221_PMVATAPP_after.png,Yes,Yes,Yes,NA,NA,NA,http://p5zlgintc01:16020/PayDirect/Merchant/Edit/1875,35EDM-TAPPA-MSWEB-W
PTNJ0614,UNCH,1,250826-001225_PTNJ0614_after.png,Yes,Yes,Yes,NA,NA,NA,http://p5zlgintc01:16020/PayDirect/Merchant/Edit/1882,35EDM-VINEL-DATAX-W
PTNJ1343,UNCH,1,250826-001229_PTNJ1343_after.png,Yes,Yes,Yes,NA,NA,NA,http://p5zlgintc01:16020/PayDirect/Merchant/Edit/1883,35EDM-SEAGI-DATAX-W
PUNJ1343,UNCH,1,250826-001234_PUNJ1343_after.png,Yes,Yes,Yes,NA,NA,NA,http://p5zlgintc01:16020/PayDirect/Merchant/Edit/1884,35EDM-SEAGI-NOTAX-W
PUNJWILM,UNCH,1,250826-001238_PUNJWILM_after.png,Yes,Yes,Yes,NA,NA,NA,http://p5zlgintc01:16020/PayDirect/Merchant/Edit/1890,35EDM-WIMUA-NTWEB-W
PUNJ0323,UNCH,1,250826-001242_PUNJ0323_after.png,Yes,Yes,Yes,NA,NA,NA,http://p5zlgintc01:16020/PayDirect/Merchant/Edit/1891,35EDM-HOLLY-NTWEB-W
PUNJ1009,UNCH,1,250826-001247_PUNJ1009_after.png,Yes,Yes,Yes,NA,NA,NA,http://p5zlgintc01:16020/PayDirect/Merchant/Edit/1892,35EDM-FLEMI-NOWEB-W
VTNCFLAT,Done,1,250826-001251_VTNCFLAT_after.png,Yes,Yes,Yes,NA,NA,NA,http://p5zlgintc01:16020/PayDirect/Merchant/Edit/1893,35EDM-FLATR-TAXVT-W
VMNCFLAT,Done,1,250826-001255_VMNCFLAT_after.png,Yes,Yes,Yes,NA,NA,NA,http://p5zlgintc01:16020/PayDirect/Merchant/Edit/1894,35EDM-FLATR-MISVT-W
PUFLWBST,UNCH,1,250826-001259_PUFLWBST_after.png,Yes,Yes,Yes,NA,NA,NA,http://p5zlgintc01:16020/PayDirect/Merchant/Edit/1896,35EDM-WEBST-NOWEB-W
PTNJ1101,UNCH,1,250826-001303_PTNJ1101_after.png,Yes,Yes,Yes,NA,NA,NA,http://p5zlgintc01:16020/PayDirect/Merchant/Edit/1900,35EDM-EASTW-PDTAX-W
PTNJ1311,UNCH,1,250826-001308_PTNJ1311_after.png,Yes,Yes,Yes,NA,NA,NA,http://p5zlgintc01:16020/PayDirect/Merchant/Edit/1908,35EDM-DEALB-PDTAX-W
PUNJ1311,UNCH,1,250826-001313_PUNJ1311_after.png,Yes,Yes,Yes,NA,NA,NA,http://p5zlgintc01:16020/PayDirect/Merchant/Edit/1909,35EDM-DEALB-NOWEB-W
PUPACMPH,UNCH,1,250826-001317_PUPACMPH_after.png,Yes,Yes,Yes,NA,NA,NA,http://p5zlgintc01:16020/PayDirect/Merchant/Edit/1910,35EDM-CAMPH-NTWEB-W
PUNJ1406,UNCH,1,250826-001321_PUNJ1406_after.png,Yes,Yes,Yes,NA,NA,NA,http://p5zlgintc01:16020/PayDirect/Merchant/Edit/1911,35EDM-CHETR-NTWEB-W
PTNJ1406,UNCH,1,250826-001325_PTNJ1406_after.png,Yes,Yes,Yes,NA,NA,NA,http://p5zlgintc01:16020/PayDirect/Merchant/Edit/1912,35EDM-CHETR-PDTAX-W
PUNYNORW,UNCH,1,250826-001329_PUNYNORW_after.png,Yes,Yes,Yes,NA,NA,NA,http://p5zlgintc01:16020/PayDirect/Merchant/Edit/1918,35EDM-NORWI-NOTAX-W
PUPAWORC,UNCH,1,250826-001333_PUPAWORC_after.png,Yes,Yes,Yes,NA,NA,NA,http://p5zlgintc01:16020/PayDirect/Merchant/Edit/1922,35EDM-WORCE-NOWEB-W
VMFLWBST,Done,1,250826-001338_VMFLWBST_after.png,Yes,Yes,Yes,NA,NA,NA,http://p5zlgintc01:16020/PayDirect/Merchant/Edit/1923,35EDM-WEBST-MISVT-W
VUFLWBST,Done,1,250826-001342_VUFLWBST_after.png,Yes,Yes,Yes,NA,NA,NA,http://p5zlgintc01:16020/PayDirect/Merchant/Edit/1924,35EDM-WEBST-NOWVF-W
PTNJ1821,UNCH,1,250826-001346_PTNJ1821_after.png,Yes,Yes,Yes,NA,NA,NA,http://p5zlgintc01:16020/PayDirect/Merchant/Edit/1927,35EDM-WATCH-TXWEB-W
PMNJ0330,UNCH,1,250826-001350_PMNJ0330_after.png,Yes,Yes,Yes,NA,NA,NA,http://p5zlgintc01:16020/PayDirect/Merchant/Edit/1928,35EDM-RIVSD-MIWEB-W
PMNJ0327,UNCH,1,250826-001354_PMNJ0327_after.png,Yes,Yes,Yes,NA,NA,NA,http://p5zlgintc01:16020/PayDirect/Merchant/Edit/1936,35EDM-PALUT-MSCPR-W
PUNJ1821,UNCH,1,250826-001358_PUNJ1821_after.png,Yes,Yes,Yes,NA,NA,NA,http://p5zlgintc01:16020/PayDirect/Merchant/Edit/1937,35EDM-WATCH-NOTAX-W
PTNJ1802,UNCH,1,250826-001402_PTNJ1802_after.png,Yes,Yes,Yes,NA,NA,NA,http://p5zlgintc01:16020/PayDirect/Merchant/Edit/1939,35EDM-BNTWP-TXWEB-W
PUNJ1802,UNCH,1,250826-001407_PUNJ1802_after.png,Yes,Yes,Yes,NA,NA,NA,http://p5zlgintc01:16020/PayDirect/Merchant/Edit/1940,35EDM-BNTWP-NTWEB-W
VTNJ1918,Done,1,250826-001411_VTNJ1918_after.png,Yes,Yes,Yes,NA,NA,NA,http://p5zlgintc01:16020/PayDirect/Merchant/Edit/1949,35EDM-SPART-VTTAX-W
VUNJ1918,Done,1,250826-001415_VUNJ1918_after.png,Yes,Yes,Yes,NA,NA,NA,http://p5zlgintc01:16020/PayDirect/Merchant/Edit/1950,35EDM-SPUTL-NOWVF-W
VMNCBHIS,Done,1,250826-001419_VMNCBHIS_after.png,Yes,Yes,Yes,NA,NA,NA,http://p5zlgintc01:16020/PayDirect/Merchant/Edit/1952,35EDM-BHEAD-MISCV-W
VUNCBHIS,Done,1,250826-001424_VUNCBHIS_after.png,Yes,Yes,Yes,NA,NA,NA,http://p5zlgintc01:16020/PayDirect/Merchant/Edit/1953,35EDM-BHEAD-NOTVT-W
PUNCBHIS,UNCH,1,250826-001428_PUNCBHIS_after.png,Yes,Yes,Yes,NA,NA,NA,http://p5zlgintc01:16020/PayDirect/Merchant/Edit/1954,35EDM-BHEAD-NTWEB-W
PCNCBHIS,UNCH,1,250826-001432_PCNCBHIS_after.png,Yes,Yes,Yes,NA,NA,NA,http://p5zlgintc01:16020/PayDirect/Merchant/Edit/1955,35EDM-BHEAD-VRWEB-W
PUNYJERI,UNCH,1,250826-001436_PUNYJERI_after.png,Yes,Yes,Yes,NA,NA,NA,http://p5zlgintc01:16020/PayDirect/Merchant/Edit/1958,35EDM-JERIC-NOTAX-W
PUNYMAYV,UNCH,1,250826-001440_PUNYMAYV_after.png,Yes,Yes,Yes,NA,NA,NA,http://p5zlgintc01:16020/PayDirect/Merchant/Edit/1959,35EDM-VMBWS-NOWEB-W
PTNJ0251,UNCH,1,250826-001444_PTNJ0251_after.png,Yes,Yes,Yes,NA,NA,NA,http://p5zlgintc01:16020/PayDirect/Merchant/Edit/1961,35EDM-RIDGE-RWTAX-W
PMNC600,UNCH,1,250826-001449_PMNC600_after.png,Yes,Yes,Yes,NA,NA,NA,http://p5zlgintc01:16020/PayDirect/Merchant/Edit/1962,35EDM-INDIA-MISWB-W
PTNJ0120,UNCH,1,250826-001453_PTNJ0120_after.png,Yes,Yes,Yes,NA,NA,NA,http://p5zlgintc01:16020/PayDirect/Merchant/Edit/1967,35EDM-PORTR-TXPRN-W
PUPAWWTP,UNCH,1,250826-001458_PUPAWWTP_after.png,Yes,Yes,Yes,NA,NA,NA,http://p5zlgintc01:16020/PayDirect/Merchant/Edit/1968,35EDM-WESTW-NOTAX-W
PTNJ0263,UNCH,1,250826-001502_PTNJ0263_after.png,Yes,Yes,Yes,NA,NA,NA,http://p5zlgintc01:16020/PayDirect/Merchant/Edit/1969,35EDM-UPUFE-UPUFE-W
PUSCBELT,UNCH,1,250826-001506_PUSCBELT_after.png,Yes,Yes,Yes,NA,NA,NA,http://p5zlgintc01:16020/PayDirect/Merchant/Edit/1970,35EDM-BELTO-NOTAX-W
PTNJ1706,UNCH,1,250826-001511_PTNJ1706_after.png,Yes,Yes,Yes,NA,NA,NA,http://p5zlgintc01:16020/PayDirect/Merchant/Edit/1971,35EDM-MANNI-TAXWB-W
PTNJ1715,UNCH,1,250826-001515_PTNJ1715_after.png,Yes,Yes,Yes,NA,NA,NA,http://p5zlgintc01:16020/PayDirect/Merchant/Edit/1972,35EDM-WOODS-TXWEB-W
PMNJ1715,UNCH,1,250826-001519_PMNJ1715_after.png,Yes,Yes,Yes,NA,NA,NA,http://p5zlgintc01:16020/PayDirect/Merchant/Edit/1973,35EDM-WOODS-MSWEB-W
PUNJ1715,UNCH,1,250826-001523_PUNJ1715_after.png,Yes,Yes,Yes,NA,NA,NA,http://p5zlgintc01:16020/PayDirect/Merchant/Edit/1974,35EDM-WOODS-NTXWB-W
VMVATAPP,Done,1,250826-002242_VMVATAPP_after.png,Yes,Yes,Yes,NA,NA,NA,http://p5zlgintc01:16020/PayDirect/Merchant/Edit/1975,35EDM-TAPPA-MSVTW-W
VUVATAPP,Done,1,250826-002246_VUVATAPP_after.png,Yes,Yes,Yes,NA,NA,NA,http://p5zlgintc01:16020/PayDirect/Merchant/Edit/1976,35EDM-TAPPA-NTVTW-W
VTVATAPP,Done,1,250826-002251_VTVATAPP_after.png,Yes,Yes,Yes,NA,NA,NA,http://p5zlgintc01:16020/PayDirect/Merchant/Edit/1977,35EDM-TAPPA-TXVTW-W
PUNJCSEW,UNCH,1,250826-002255_PUNJCSEW_after.png,Yes,Yes,Yes,NA,NA,NA,http://p5zlgintc01:16020/PayDirect/Merchant/Edit/1979,35EDM-CINNM-NOTAX-W
PUPADUBO,UNCH,1,250826-002259_PUPADUBO_after.png,Yes,Yes,Yes,NA,NA,NA,http://p5zlgintc01:16020/PayDirect/Merchant/Edit/1982,35EDM-DUBOI-NOTXW-W
VMNYNORW,Done,1,250826-002303_VMNYNORW_after.png,Yes,Yes,Yes,NA,NA,NA,http://p5zlgintc01:16020/PayDirect/Merchant/Edit/1983,35EDM-NORWI-MISVT-W
VUNYNORW,Done,1,250826-002307_VUNYNORW_after.png,Yes,Yes,Yes,NA,NA,NA,http://p5zlgintc01:16020/PayDirect/Merchant/Edit/1984,35EDM-NORWI-NOWVF-W
PTNYNYAK,UNCH,1,250826-002312_PTNYNYAK_after.png,Yes,Yes,Yes,NA,NA,NA,http://p5zlgintc01:16020/PayDirect/Merchant/Edit/1988,35EDM-NYACK-DATAX-W
PTNJ1701,UNCH,1,250826-002316_PTNJ1701_after.png,Yes,Yes,Yes,NA,NA,NA,http://p5zlgintc01:16020/PayDirect/Merchant/Edit/1992,35EDM-ALLOW-TAXWB-W
PUNJ1701,UNCH,1,250826-002320_PUNJ1701_after.png,Yes,Yes,Yes,NA,NA,NA,http://p5zlgintc01:16020/PayDirect/Merchant/Edit/1993,35EDM-ALLOW-NTXWB-W
PTNJ0434,UNCH,1,250826-002324_PTNJ0434_after.png,Yes,Yes,Yes,NA,NA,NA,http://p5zlgintc01:16020/PayDirect/Merchant/Edit/1995,35EDM-VOORE-TAXWB-W
PUNJ0434,UNCH,1,250826-002328_PUNJ0434_after.png,Yes,Yes,Yes,NA,NA,NA,http://p5zlgintc01:16020/PayDirect/Merchant/Edit/1996,35EDM-VOORE-NTXWB-W
PAMDSMCM,UNCH,1,250826-002332_PAMDSMCM_after.png,Yes,Yes,Yes,NA,NA,NA,http://p5zlgintc01:16020/PayDirect/Merchant/Edit/1999,35EDM-SAICO-ARWEB-W
PUMDSMCM,UNCH,1,250826-002337_PUMDSMCM_after.png,Yes,Yes,Yes,NA,NA,NA,http://p5zlgintc01:16020/PayDirect/Merchant/Edit/2000,35EDM-SAICO-NOWEB-W
PAFLUMAT,UNCH,1,250826-002343_PAFLUMAT_after.png,Yes,Yes,Yes,NA,NA,NA,http://p5zlgintc01:16020/PayDirect/Merchant/Edit/2005,35EDM-UMATI-ARWEB-W
PAGADAWS,UNCH,1,250826-002349_PAGADAWS_after.png,Yes,Yes,Yes,NA,NA,NA,http://p5zlgintc01:16020/PayDirect/Merchant/Edit/2006,35EDM-DAWSN-ARWEB-W
VUPAWWTP,Done,1,250826-002353_VUPAWWTP_after.png,Yes,Yes,Yes,NA,NA,NA,http://p5zlgintc01:16020/PayDirect/Merchant/Edit/2008,35EDM-WESTW-NOWVF-W
VTGAFORT,Done,1,250826-002357_VTGAFORT_after.png,Yes,Yes,Yes,NA,NA,NA,http://p5zlgintc01:16020/PayDirect/Merchant/Edit/2009,35EDM-FRTVC-TAXVT-W
VMGAFORT,Done,1,250826-002402_VMGAFORT_after.png,Yes,Yes,Yes,NA,NA,NA,http://p5zlgintc01:16020/PayDirect/Merchant/Edit/2010,35EDM-FRTVC-MISVT-W
VAGAFORT,Done,1,250826-002406_VAGAFORT_after.png,Yes,Yes,Yes,NA,NA,NA,http://p5zlgintc01:16020/PayDirect/Merchant/Edit/2011,35EDM-FRTVC-ARVTW-W
PTGAFORT,UNCH,1,250826-002410_PTGAFORT_after.png,Yes,Yes,Yes,NA,NA,NA,http://p5zlgintc01:16020/PayDirect/Merchant/Edit/2012,35EDM-FRTVC-PDTAX-W
VAGACLAY,Done,1,250826-002415_VAGACLAY_after.png,Yes,Yes,Yes,NA,NA,NA,http://p5zlgintc01:16020/PayDirect/Merchant/Edit/2014,35EDM-CLYCO-ARVTW-W
VMGACLAY,Done,1,250826-002419_VMGACLAY_after.png,Yes,Yes,Yes,NA,NA,NA,http://p5zlgintc01:16020/PayDirect/Merchant/Edit/2015,35EDM-CLYCO-MISVT-W
VUGACLAY,Done,1,250826-002423_VUGACLAY_after.png,Yes,Yes,Yes,NA,NA,NA,http://p5zlgintc01:16020/PayDirect/Merchant/Edit/2016,35EDM-CLYCO-NOWVF-W
PUGACLAY,UNCH,1,250826-002427_PUGACLAY_after.png,Yes,Yes,Yes,NA,NA,NA,http://p5zlgintc01:16020/PayDirect/Merchant/Edit/2017,35EDM-CLYCO-NOWEB-W
PMGACLAY,UNCH,1,250826-002432_PMGACLAY_after.png,Yes,Yes,Yes,NA,NA,NA,http://p5zlgintc01:16020/PayDirect/Merchant/Edit/2018,35EDM-CLYCO-MISWB-W
PAGACLAY,UNCH,1,250826-002436_PAGACLAY_after.png,Yes,Yes,Yes,NA,NA,NA,http://p5zlgintc01:16020/PayDirect/Merchant/Edit/2019,35EDM-CLYCO-ARWEB-W
PTNJ1604,UNCH,1,250826-002440_PTNJ1604_after.png,Yes,Yes,Yes,NA,NA,NA,http://p5zlgintc01:16020/PayDirect/Merchant/Edit/2020,35EDM-HAWTH-PDTAX-W
PUNJ1604,UNCH,1,250826-002444_PUNJ1604_after.png,Yes,Yes,Yes,NA,NA,NA,http://p5zlgintc01:16020/PayDirect/Merchant/Edit/2021,35EDM-HAWTH-NOWEB-W
VAPAWETM,Done,1,250826-002449_VAPAWETM_after.png,Yes,Yes,Yes,NA,NA,NA,http://p5zlgintc01:16020/PayDirect/Merchant/Edit/2022,35EDM-WESER-ARVTW-W
VMPAWETM,Done,1,250826-002453_VMPAWETM_after.png,Yes,Yes,Yes,NA,NA,NA,http://p5zlgintc01:16020/PayDirect/Merchant/Edit/2023,35EDM-WESER-MISVT-W
VUPAWETM,Done,1,250826-002457_VUPAWETM_after.png,Yes,Yes,Yes,NA,NA,NA,http://p5zlgintc01:16020/PayDirect/Merchant/Edit/2024,35EDM-WESER-NOWVF-W
PUPAWETM,UNCH,1,250826-002501_PUPAWETM_after.png,Yes,Yes,Yes,NA,NA,NA,http://p5zlgintc01:16020/PayDirect/Merchant/Edit/2025,35EDM-WESER-NOWEB-W
PUNJ0812,UNCH,1,250826-002505_PUNJ0812_after.png,Yes,Yes,Yes,NA,NA,NA,http://p5zlgintc01:16020/PayDirect/Merchant/Edit/2026,35EDM-NATPK-NOWEB-W
PTNJ0812,UNCH,1,250826-002510_PTNJ0812_after.png,Yes,Yes,Yes,NA,NA,NA,http://p5zlgintc01:16020/PayDirect/Merchant/Edit/2027,35EDM-NATPK-PDTAX-W
VUNJ0812,Done,1,250826-002514_VUNJ0812_after.png,Yes,Yes,Yes,NA,NA,NA,http://p5zlgintc01:16020/PayDirect/Merchant/Edit/2028,35EDM-NATPK-NOWVF-W
VTNJ0812,Done,1,250826-002518_VTNJ0812_after.png,Yes,Yes,Yes,NA,NA,NA,http://p5zlgintc01:16020/PayDirect/Merchant/Edit/2029,35EDM-NATPK-TAXVT-W
PTNJ1010,UNCH,1,250826-002523_PTNJ1010_after.png,Yes,Yes,Yes,NA,NA,NA,http://p5zlgintc01:16020/PayDirect/Merchant/Edit/2031,35EDM-FRKTP-PDTAX-W
PUPASTCL,UNCH,1,250826-002528_PUPASTCL_after.png,Yes,Yes,Yes,NA,NA,NA,http://p5zlgintc01:16020/PayDirect/Merchant/Edit/2032,35EDM-STCLA-NOWEB-W
PUNJTMSA,UNCH,1,Step1_ImportSites_20260825_002039.png,Error,Yes,Yes,NA,NA,NA,http://p5zlgintc01:16020/PayDirect/Merchant/Edit/2035,35EDM-MDTSA-NTWEB-W
PTNJ0824,UNCH,1,250826-002603_PTNJ0824_after.png,Yes,Yes,Yes,NA,NA,NA,http://p5zlgintc01:16020/PayDirect/Merchant/Edit/2036,35EDM-WOOLW-TXWPR-W
PUNJ0403,UNCH,1,250826-002607_PUNJ0403_after.png,Yes,Yes,Yes,NA,NA,NA,http://p5zlgintc01:16020/PayDirect/Merchant/Edit/2037,35EDM-BARRI-NTWPR-W
PTNJ0403,UNCH,1,250826-002612_PTNJ0403_after.png,Yes,Yes,Yes,NA,NA,NA,http://p5zlgintc01:16020/PayDirect/Merchant/Edit/2038,35EDM-BARRI-TXWPR-W
VTNJ0418,Done,1,250826-002616_VTNJ0418_after.png,Yes,Yes,Yes,NA,NA,NA,http://p5zlgintc01:16020/PayDirect/Merchant/Edit/2039,35EDM-HADDT-TAXVT-W
VMNJ0418,Done,1,250826-002620_VMNJ0418_after.png,Yes,Yes,Yes,NA,NA,NA,http://p5zlgintc01:16020/PayDirect/Merchant/Edit/2040,35EDM-HADDT-MISVT-W
PTNJ0424,UNCH,1,250826-002625_PTNJ0424_after.png,Yes,Yes,Yes,NA,NA,NA,http://p5zlgintc01:16020/PayDirect/Merchant/Edit/2046,35EDM-MERCH-TXWEB-W
PUNJ0424,UNCH,1,250826-002629_PUNJ0424_after.png,Yes,Yes,Yes,NA,NA,NA,http://p5zlgintc01:16020/PayDirect/Merchant/Edit/2047,35EDM-MERCH-NTWEB-W
PUNJDSEW,UNCH,1,250826-002633_PUNJDSEW_after.png,Yes,Yes,Yes,NA,NA,NA,http://p5zlgintc01:16020/PayDirect/Merchant/Edit/2048,35EDM-DELAN-NTWEB-W
PANCBHIS,UNCH,1,250826-002637_PANCBHIS_after.png,Yes,Yes,Yes,NA,NA,NA,http://p5zlgintc01:16020/PayDirect/Merchant/Edit/2051,35EDM-BHEAD-ARWEB-W
PTNJ1503,UNCH,1,250826-002642_PTNJ1503_after.png,Yes,Yes,Yes,NA,NA,NA,http://p5zlgintc01:16020/PayDirect/Merchant/Edit/2052,35EDM-BAYHD-TAXPR-W
PUNJ1503,UNCH,1,250826-003407_PUNJ1503_after.png,Yes,Yes,Yes,NA,NA,NA,http://p5zlgintc01:16020/PayDirect/Merchant/Edit/2053,35EDM-BAYHD-NTXPR-W
PANCNPRT,UNCH,1,250826-003412_PANCNPRT_after.png,Yes,Yes,Yes,NA,NA,NA,http://p5zlgintc01:16020/PayDirect/Merchant/Edit/2062,35EDM-NEWPO-ARWPR-W
PUNCNPRT,UNCH,1,250826-003416_PUNCNPRT_after.png,Yes,Yes,Yes,NA,NA,NA,http://p5zlgintc01:16020/PayDirect/Merchant/Edit/2063,35EDM-NEWPO-NTXWP-W
PTNCNPRT,UNCH,1,250826-003420_PTNCNPRT_after.png,Yes,Yes,Yes,NA,NA,NA,http://p5zlgintc01:16020/PayDirect/Merchant/Edit/2064,35EDM-NEWPO-TAXWP-W
PUNJ1214,UNCH,1,250826-003424_PUNJ1214_after.png,Yes,Yes,Yes,NA,NA,NA,http://p5zlgintc01:16020/PayDirect/Merchant/Edit/2065,35EDM-NBRUN-NTXWP-W
PUNJBCSA,UNCH,1,250826-003429_PUNJBCSA_after.png,Yes,Yes,Yes,NA,NA,NA,http://p5zlgintc01:16020/PayDirect/Merchant/Edit/2069,35EDM-BEVER-NTWEB-W
PCNJ0418,UNCH,1,250826-003434_PCNJ0418_after.png,Yes,Yes,Yes,NA,NA,NA,http://p5zlgintc01:16020/PayDirect/Merchant/Edit/2070,35EDM-HADDT-VARWB-W
PTNJ0123,UNCH,1,250826-003438_PTNJ0123_after.png,Yes,Yes,Yes,NA,NA,NA,http://p5zlgintc01:16020/PayDirect/Merchant/Edit/2071,35EDM-WEYMO-TAXWB-W
VTNJ0505,Done,1,250826-003442_VTNJ0505_after.png,Yes,Yes,Yes,NA,NA,NA,http://p5zlgintc01:16020/PayDirect/Merchant/Edit/2075,35EDM-LOWER-VTTAX-W
PUNJ0415,UNCH,1,250826-003446_PUNJ0415_after.png,Yes,Yes,Yes,NA,NA,NA,http://p5zlgintc01:16020/PayDirect/Merchant/Edit/2078,35EDM-GLOUD-NTXWP-W
VMNJ0505,Done,1,250826-003451_VMNJ0505_after.png,Yes,Yes,Yes,NA,NA,NA,http://p5zlgintc01:16020/PayDirect/Merchant/Edit/2080,35EDM-LOWER-MSCVT-W
VUPASTCL,Done,1,250826-003455_VUPASTCL_after.png,Yes,Yes,Yes,NA,NA,NA,http://p5zlgintc01:16020/PayDirect/Merchant/Edit/2083,35EDM-STCLA-NTXVT-W
VUNCNPRT,Done,1,250826-003459_VUNCNPRT_after.png,Yes,Yes,Yes,NA,NA,NA,http://p5zlgintc01:16020/PayDirect/Merchant/Edit/2086,35EDM-NEWPO-NOWVF-W
VTNCNPRT,Done,1,250826-003503_VTNCNPRT_after.png,Yes,Yes,Yes,NA,NA,NA,http://p5zlgintc01:16020/PayDirect/Merchant/Edit/2087,35EDM-NEWPO-TAXVT-W
VMNCNPRT,Done,1,250826-003507_VMNCNPRT_after.png,Yes,Yes,Yes,NA,NA,NA,http://p5zlgintc01:16020/PayDirect/Merchant/Edit/2088,35EDM-NEWPO-MISVT-W
VANCNPRT,Done,1,250826-003512_VANCNPRT_after.png,Yes,Yes,Yes,NA,NA,NA,http://p5zlgintc01:16020/PayDirect/Merchant/Edit/2089,35EDM-NEWPO-ARVTW-W
PANJ0102,UNCH,1,250826-003516_PANJ0102_after.png,Yes,Yes,Yes,NA,NA,NA,http://p5zlgintc01:16020/PayDirect/Merchant/Edit/2093,35EDM-COACT-ARWEB-W
PCSCBELT,UNCH,1,250826-003520_PCSCBELT_after.png,Yes,Yes,Yes,NA,NA,NA,http://p5zlgintc01:16020/PayDirect/Merchant/Edit/2097,35EDM-BELTO-VARWB-W
VAMDBATN,Done,1,250826-003524_VAMDBATN_after.png,Yes,Yes,Yes,NA,NA,NA,http://p5zlgintc01:16020/PayDirect/Merchant/Edit/2099,35EDM-BELMD-ARVTP-W
VMMDBATN,Done,1,250826-003528_VMMDBATN_after.png,Yes,Yes,Yes,NA,NA,NA,http://p5zlgintc01:16020/PayDirect/Merchant/Edit/2100,35EDM-BELMD-MSVTP-W
VUMDBATN,Done,1,250826-003533_VUMDBATN_after.png,Yes,Yes,Yes,NA,NA,NA,http://p5zlgintc01:16020/PayDirect/Merchant/Edit/2101,35EDM-BELMD-NTVTP-W
VTMDBATN,Done,1,250826-003537_VTMDBATN_after.png,Yes,Yes,Yes,NA,NA,NA,http://p5zlgintc01:16020/PayDirect/Merchant/Edit/2102,35EDM-BELMD-TXVTP-W
PAMDBATN,UNCH,1,250826-003541_PAMDBATN_after.png,Yes,Yes,Yes,NA,NA,NA,http://p5zlgintc01:16020/PayDirect/Merchant/Edit/2103,35EDM-BELMD-ARWEB-W
PUMDBATN,UNCH,1,250826-003545_PUMDBATN_after.png,Yes,Yes,Yes,NA,NA,NA,http://p5zlgintc01:16020/PayDirect/Merchant/Edit/2104,35EDM-BELMD-NTWEB-W
PTMDBATN,UNCH,1,250826-003559_PTMDBATN_after.png,Yes,Yes,Yes,NA,NA,NA,http://p5zlgintc01:16020/PayDirect/Merchant/Edit/2105,35EDM-BELMD-TXWEB-W
VTMDFRST,Done,1,250826-003603_VTMDFRST_after.png,Yes,Yes,Yes,NA,NA,NA,http://p5zlgintc01:16020/PayDirect/Merchant/Edit/2107,35EDM-FROST-TAXVT-W
VUMDFRST,Done,1,250826-003607_VUMDFRST_after.png,Yes,Yes,Yes,NA,NA,NA,http://p5zlgintc01:16020/PayDirect/Merchant/Edit/2109,35EDM-FROST-NOWVF-W
VMMDFRST,Done,1,250826-003612_VMMDFRST_after.png,Yes,Yes,Yes,NA,NA,NA,http://p5zlgintc01:16020/PayDirect/Merchant/Edit/2110,35EDM-FROST-MISWB-W
PUNYPLWD,UNCH,1,250826-003616_PUNYPLWD_after.png,Yes,Yes,Yes,NA,NA,NA,http://p5zlgintc01:16020/PayDirect/Merchant/Edit/2111,35EDM-PLVWD-NOWEB-W
PTNJ1612,UNCH,1,250826-003621_PTNJ1612_after.png,Yes,Yes,Yes,NA,NA,NA,http://p5zlgintc01:16020/PayDirect/Merchant/Edit/2113,35EDM-TOTOW-PDTAX-W
PUNJ1612,UNCH,1,250826-003625_PUNJ1612_after.png,Yes,Yes,Yes,NA,NA,NA,http://p5zlgintc01:16020/PayDirect/Merchant/Edit/2114,35EDM-TOTOW-NOWEB-W
PTNJ0431,UNCH,1,250826-003629_PTNJ0431_after.png,Yes,Yes,Yes,NA,NA,NA,http://p5zlgintc01:16020/PayDirect/Merchant/Edit/2115,35EDM-SDALE-PDTAX-W
PUNJ0431,UNCH,1,250826-003635_PUNJ0431_after.png,Yes,Yes,Yes,NA,NA,NA,http://p5zlgintc01:16020/PayDirect/Merchant/Edit/2116,35EDM-SDALE-NOWEB-W
PTNYSPVL,UNCH,1,250826-003639_PTNYSPVL_after.png,Yes,Yes,Yes,NA,NA,NA,http://p5zlgintc01:16020/PayDirect/Merchant/Edit/2117,35EDM-SANDP-TAXWP-W
PUNYSPVL,UNCH,1,250826-003643_PUNYSPVL_after.png,Yes,Yes,Yes,NA,NA,NA,http://p5zlgintc01:16020/PayDirect/Merchant/Edit/2118,35EDM-SANDP-NTXWP-W
PCNJ0806,UNCH,1,250826-003647_PCNJ0806_after.png,Yes,Yes,Yes,NA,NA,NA,http://p5zlgintc01:16020/PayDirect/Merchant/Edit/2121,35EDM-GLASS-VRWEB-W
PANJ0806,UNCH,1,250826-003651_PANJ0806_after.png,Yes,Yes,Yes,NA,NA,NA,http://p5zlgintc01:16020/PayDirect/Merchant/Edit/2122,35EDM-GLASS-ARWEB-W
VAVAT17,Done,1,250826-003656_VAVAT17_after.png,Yes,Yes,Yes,NA,NA,NA,http://p5zlgintc01:16020/PayDirect/Merchant/Edit/2123,35EDM-SBOST-ARVIT-W
VTVAT17,Done,1,250826-003700_VTVAT17_after.png,Yes,Yes,Yes,NA,NA,NA,http://p5zlgintc01:16020/PayDirect/Merchant/Edit/2124,35EDM-SBOST-TXVIT-W
VMVAT17,Done,1,250826-003704_VMVAT17_after.png,Yes,Yes,Yes,NA,NA,NA,http://p5zlgintc01:16020/PayDirect/Merchant/Edit/2125,35EDM-SBOST-MISVT-W
PAVAT17,UNCH,1,250826-003708_PAVAT17_after.png,Yes,Yes,Yes,NA,NA,NA,http://p5zlgintc01:16020/PayDirect/Merchant/Edit/2126,35EDM-SBOST-ARWEB-W
PTVAT17,UNCH,1,250826-003712_PTVAT17_after.png,Yes,Yes,Yes,NA,NA,NA,http://p5zlgintc01:16020/PayDirect/Merchant/Edit/2127,35EDM-SBOST-TXWEB-W
PUNJ2108,UNCH,1,250826-003717_PUNJ2108_after.png,Yes,Yes,Yes,NA,NA,NA,http://p5zlgintc01:16020/PayDirect/Merchant/Edit/2128,35EDM-HACKE-NTWEB-W
PTNJ2108,UNCH,1,250826-003721_PTNJ2108_after.png,Yes,Yes,Yes,NA,NA,NA,http://p5zlgintc01:16020/PayDirect/Merchant/Edit/2129,35EDM-HACKE-TXWEB-W
VUNJ0436,Done,1,250826-003725_VUNJ0436_after.png,Yes,Yes,Yes,NA,NA,NA,http://p5zlgintc01:16020/PayDirect/Merchant/Edit/2132,35EDM-WINSM-NTVIT-W
VTNJ0436,Done,1,250826-003729_VTNJ0436_after.png,Yes,Yes,Yes,NA,NA,NA,http://p5zlgintc01:16020/PayDirect/Merchant/Edit/2133,35EDM-WINSL-TAXVT-W
PMNJ1612,UNCH,1,250826-003733_PMNJ1612_after.png,Yes,Yes,Yes,NA,NA,NA,http://p5zlgintc01:16020/PayDirect/Merchant/Edit/2140,35EDM-TOTOW-MISWB-W
PADEDE19,UNCH,1,250826-003737_PADEDE19_after.png,Yes,Yes,Yes,NA,NA,NA,http://p5zlgintc01:16020/PayDirect/Merchant/Edit/2141,35EDM-ELSME-ARWEB-W
PCDEDE19,UNCH,1,250826-003742_PCDEDE19_after.png,Yes,Yes,Yes,NA,NA,NA,http://p5zlgintc01:16020/PayDirect/Merchant/Edit/2142,35EDM-ELSME-VARWB-W
VADEDE19,Done,1,250826-003746_VADEDE19_after.png,Yes,Yes,Yes,NA,NA,NA,http://p5zlgintc01:16020/PayDirect/Merchant/Edit/2143,35EDM-ELSME-ARVTW-W
VMDEDE19,Done,1,250826-004443_VMDEDE19_after.png,Yes,Yes,Yes,NA,NA,NA,http://p5zlgintc01:16020/PayDirect/Merchant/Edit/2144,35EDM-ELSME-MISVT-W
VTDEDE19,Done,1,250826-004447_VTDEDE19_after.png,Yes,Yes,Yes,NA,NA,NA,http://p5zlgintc01:16020/PayDirect/Merchant/Edit/2145,35EDM-ELSME-ELVTX-W
PUNJ0331,UNCH,1,250826-004451_PUNJ0331_after.png,Yes,Yes,Yes,NA,NA,NA,http://p5zlgintc01:16020/PayDirect/Merchant/Edit/2147,35EDM-RIVTO-NTWEB-W
PTNJ0331,UNCH,1,250826-004455_PTNJ0331_after.png,Yes,Yes,Yes,NA,NA,NA,http://p5zlgintc01:16020/PayDirect/Merchant/Edit/2148,35EDM-RIVTO-TXWEB-W
PCVANARR,UNCH,1,250826-004459_PCVANARR_after.png,Yes,Yes,Yes,NA,NA,NA,http://p5zlgintc01:16020/PayDirect/Merchant/Edit/2149,35EDM-NARRM-VARPR-W
PTNJ1313,UNCH,1,250826-004504_PTNJ1313_after.png,Yes,Yes,Yes,NA,NA,NA,http://p5zlgintc01:16020/PayDirect/Merchant/Edit/2151,35EDM-ENGTW-PDTAX-W
PUNJ1313,UNCH,1,250826-004508_PUNJ1313_after.png,Yes,Yes,Yes,NA,NA,NA,http://p5zlgintc01:16020/PayDirect/Merchant/Edit/2152,35EDM-ENGTW-NOWEB-W
PUNJ0823,UNCH,1,250826-004512_PUNJ0823_after.png,Yes,Yes,Yes,NA,NA,NA,http://p5zlgintc01:16020/PayDirect/Merchant/Edit/2156,35EDM-WODBH-NTXWP-W
PTNJ0823,UNCH,1,250826-004516_PTNJ0823_after.png,Yes,Yes,Yes,NA,NA,NA,http://p5zlgintc01:16020/PayDirect/Merchant/Edit/2157,35EDM-WODBH-TAXWP-W
PUNJ2005,UNCH,1,250826-004521_PUNJ2005_after.png,Yes,Yes,Yes,NA,NA,NA,http://p5zlgintc01:16020/PayDirect/Merchant/Edit/2158,35EDM-BFNWD-NTWEB-W
PUNJ1216,UNCH,1,250826-004525_PUNJ1216_after.png,Yes,Yes,Yes,NA,NA,NA,http://p5zlgintc01:16020/PayDirect/Merchant/Edit/2159,35EDM-PERTH-NTTAX-W
PUNYMOID,UNCH,1,250826-004529_PUNYMOID_after.png,Yes,Yes,Yes,NA,NA,NA,http://p5zlgintc01:16020/PayDirect/Merchant/Edit/2160,35EDM-MONTR-NTWEB-W
PTNJ1511,UNCH,1,250826-004533_PTNJ1511_after.png,Yes,Yes,Yes,NA,NA,NA,http://p5zlgintc01:16020/PayDirect/Merchant/Edit/2162,35EDM-ISLHE-TXWEB-W
PUNJ1511,UNCH,1,250826-004538_PUNJ1511_after.png,Yes,Yes,Yes,NA,NA,NA,http://p5zlgintc01:16020/PayDirect/Merchant/Edit/2163,35EDM-ISLHE-NOWVF-W
PTNJ1907,UNCH,1,250826-004542_PTNJ1907_after.png,Yes,Yes,Yes,NA,NA,NA,http://p5zlgintc01:16020/PayDirect/Merchant/Edit/2164,35EDM-FRETX-TXWEB-W
PTGAROBC,UNCH,1,250826-004546_PTGAROBC_after.png,Yes,Yes,Yes,NA,NA,NA,http://p5zlgintc01:16020/PayDirect/Merchant/Edit/2165,35EDM-ROBER-TXWEB-W
PUGAROBC,UNCH,1,250826-004551_PUGAROBC_after.png,Yes,Yes,Yes,NA,NA,NA,http://p5zlgintc01:16020/PayDirect/Merchant/Edit/2166,35EDM-ROBER-NOWVF-W
VTNJ0431,Done,1,250826-004555_VTNJ0431_after.png,Yes,Yes,Yes,NA,NA,NA,http://p5zlgintc01:16020/PayDirect/Merchant/Edit/2170,35EDM-SDALE-TXVTP-W
VUNJ0431,Done,1,250826-004559_VUNJ0431_after.png,Yes,Yes,Yes,NA,NA,NA,http://p5zlgintc01:16020/PayDirect/Merchant/Edit/2172,35EDM-SDALE-NTVTP-W
PUGAMETT,UNCH,1,250826-004603_PUGAMETT_after.png,Yes,Yes,Yes,NA,NA,NA,http://p5zlgintc01:16020/PayDirect/Merchant/Edit/2185,35EDM-METTE-NOWEB-W
PAGAMETT,UNCH,1,250826-004608_PAGAMETT_after.png,Yes,Yes,Yes,NA,NA,NA,http://p5zlgintc01:16020/PayDirect/Merchant/Edit/2186,35EDM-METTE-ARWEB-W
VANJ0328,Done,1,250826-004612_VANJ0328_after.png,Yes,Yes,Yes,NA,NA,NA,http://p5zlgintc01:16020/PayDirect/Merchant/Edit/2187,35EDM-PEMBT-ARVTW-W
VMNJ0328,Done,1,250826-004617_VMNJ0328_after.png,Yes,Yes,Yes,NA,NA,NA,http://p5zlgintc01:16020/PayDirect/Merchant/Edit/2188,35EDM-PEMBT-NOWV2-W
VTNJ0328,Done,1,250826-004621_VTNJ0328_after.png,Yes,Yes,Yes,NA,NA,NA,http://p5zlgintc01:16020/PayDirect/Merchant/Edit/2189,35EDM-PEMBT-TAXVT-W
VUNJ0328,Done,1,250826-004626_VUNJ0328_after.png,Yes,Yes,Yes,NA,NA,NA,http://p5zlgintc01:16020/PayDirect/Merchant/Edit/2190,35EDM-PEMBT-NOWVF-W
PUNJ0328,UNCH,1,250826-004630_PUNJ0328_after.png,Yes,Yes,Yes,NA,NA,NA,http://p5zlgintc01:16020/PayDirect/Merchant/Edit/2193,35EDM-PEMBT-NOWE2-W
PTNJ0328,UNCH,1,250826-004634_PTNJ0328_after.png,Yes,Yes,Yes,NA,NA,NA,http://p5zlgintc01:16020/PayDirect/Merchant/Edit/2194,35EDM-PEMBT-PDTAX-W
PMNJ0328,UNCH,1,250826-004639_PMNJ0328_after.png,Yes,Yes,Yes,NA,NA,NA,http://p5zlgintc01:16020/PayDirect/Merchant/Edit/2195,35EDM-PEMBT-NOWEB-W
PUNYMNTV,UNCH,1,250826-004643_PUNYMNTV_after.png,Yes,Yes,Yes,NA,NA,NA,http://p5zlgintc01:16020/PayDirect/Merchant/Edit/2196,35EDM-MNTVG-NOWEB-W
PCNJ0910,UNCH,1,250826-004649_PCNJ0910_after.png,Yes,Yes,Yes,NA,NA,NA,http://p5zlgintc01:16020/PayDirect/Merchant/Edit/2197,35EDM-UNICI-VARWB-W
VTNJ0910,Done,1,250826-004653_VTNJ0910_after.png,Yes,Yes,Yes,NA,NA,NA,http://p5zlgintc01:16020/PayDirect/Merchant/Edit/2199,35EDM-UNICI-TXVIT-W
VMNJ0910,Done,1,250826-004657_VMNJ0910_after.png,Yes,Yes,Yes,NA,NA,NA,http://p5zlgintc01:16020/PayDirect/Merchant/Edit/2200,35EDM-UNICI-MSCVT-W
PUNJ0819,UNCH,1,250826-004702_PUNJ0819_after.png,Yes,Yes,Yes,NA,NA,NA,http://p5zlgintc01:16020/PayDirect/Merchant/Edit/2204,35EDM-BWENO-NOWEB-W
PTNJ0819,UNCH,1,250826-004707_PTNJ0819_after.png,Yes,Yes,Yes,NA,NA,NA,http://p5zlgintc01:16020/PayDirect/Merchant/Edit/2205,35EDM-BWENO-TXWEB-W
PCFLUMAT,UNCH,1,250826-004712_PCFLUMAT_after.png,Yes,Yes,Yes,NA,NA,NA,http://p5zlgintc01:16020/PayDirect/Merchant/Edit/2214,35EDM-UMATI-VARWB-W
PUNYWALD,UNCH,1,250826-004716_PUNYWALD_after.png,Yes,Yes,Yes,NA,NA,NA,http://p5zlgintc01:16020/PayDirect/Merchant/Edit/2215,35EDM-WLDNY-NTXWP-W
PAFLSAUG,UNCH,1,250826-004720_PAFLSAUG_after.png,Yes,Yes,Yes,NA,NA,NA,http://p5zlgintc01:16020/PayDirect/Merchant/Edit/2216,35EDM-STAUG-ARWEP-W
PCFLSAUG,UNCH,1,250826-004724_PCFLSAUG_after.png,Yes,Yes,Yes,NA,NA,NA,http://p5zlgintc01:16020/PayDirect/Merchant/Edit/2217,35EDM-STAUG-VARWP-W
PUNYCORT,UNCH,1,250826-004729_PUNYCORT_after.png,Yes,Yes,Yes,NA,NA,NA,http://p5zlgintc01:16020/PayDirect/Merchant/Edit/2218,35EDM-CORNT-NOWEB-W
VTNJ0810,Done,1,250826-004733_VTNJ0810_after.png,Yes,Yes,Yes,NA,NA,NA,http://p5zlgintc01:16020/PayDirect/Merchant/Edit/2219,35EDM-MANTU-TAXVT-W
VMNJ0810,Done,1,250826-004737_VMNJ0810_after.png,Yes,Yes,Yes,NA,NA,NA,http://p5zlgintc01:16020/PayDirect/Merchant/Edit/2220,35EDM-MANTN-MISVT-W
PCNJ0810,UNCH,1,250826-004741_PCNJ0810_after.png,Yes,Yes,Yes,NA,NA,NA,http://p5zlgintc01:16020/PayDirect/Merchant/Edit/2221,35EDM-MANTN-MISWB-W
PTNJ1307,UNCH,1,250826-004746_PTNJ1307_after.png,Yes,Yes,Yes,NA,NA,NA,http://p5zlgintc01:16020/PayDirect/Merchant/Edit/2222,35EDM-BELMA-TAXWP-W
PUNJ1307,UNCH,1,250826-004750_PUNJ1307_after.png,Yes,Yes,Yes,NA,NA,NA,http://p5zlgintc01:16020/PayDirect/Merchant/Edit/2223,35EDM-BELMA-NOTXP-W
PCPAMECH,UNCH,1,250826-004754_PCPAMECH_after.png,Yes,Yes,Yes,NA,NA,NA,http://p5zlgintc01:16020/PayDirect/Merchant/Edit/2224,35EDM-MECNT-VARWB-W
VUPAMECH,Done,1,250826-004759_VUPAMECH_after.png,Yes,Yes,Yes,NA,NA,NA,http://p5zlgintc01:16020/PayDirect/Merchant/Edit/2227,35EDM-MECNT-NOTVT-W
PMNYFLOR,Done,1,250826-004803_PMNYFLOR_after.png,Yes,Yes,Yes,NA,NA,NA,http://p5zlgintc01:16020/PayDirect/Merchant/Edit/2229,35EDM-FLORI-NTWAT-W
PUNYFLOR,Done,1,250826-004807_PUNYFLOR_after.png,Yes,Yes,Yes,NA,NA,NA,http://p5zlgintc01:16020/PayDirect/Merchant/Edit/2230,35EDM-FLORI-NTSEW-W
PCDE134,UNCH,1,250826-004811_PCDE134_after.png,Yes,Yes,Yes,NA,NA,NA,http://p5zlgintc01:16020/PayDirect/Merchant/Edit/2231,35EDM-SOUBE-VARNT-W
PCGAROCK,UNCH,1,250826-004816_PCGAROCK_after.png,Yes,Yes,Yes,NA,NA,NA,http://p5zlgintc01:16020/PayDirect/Merchant/Edit/2233,35EDM-ROCKM-VARWB-W
PAGAWSHN,UNCH,1,250826-005505_PAGAWSHN_after.png,Yes,Yes,Yes,NA,NA,NA,http://p5zlgintc01:16020/PayDirect/Merchant/Edit/2238,35EDM-WASGA-ARWEB-W
PCGAWSHN,UNCH,1,250826-005510_PCGAWSHN_after.png,Yes,Yes,Yes,NA,NA,NA,http://p5zlgintc01:16020/PayDirect/Merchant/Edit/2239,35EDM-WASGA-MISWB-W
PMNYSPVL,UNCH,1,250826-005514_PMNYSPVL_after.png,Yes,Yes,Yes,NA,NA,NA,http://p5zlgintc01:16020/PayDirect/Merchant/Edit/2240,35EDM-SANDM-MISWB-W
PCNJ1342,UNCH,1,Step1_ImportSites_20260825_005255.png,Error,Yes,Yes,NA,NA,NA,http://p5zlgintc01:16020/PayDirect/Merchant/Edit/2241,35EDM-SBBUT-SEAVW-W
VMNJ1342,Done,1,250826-005549_VMNJ1342_after.png,Yes,Yes,Yes,NA,NA,NA,http://p5zlgintc01:16020/PayDirect/Merchant/Edit/2242,35EDM-SBBUT-MISVT-W
VUNJ1342,Done,1,250826-005553_VUNJ1342_after.png,Yes,Yes,Yes,NA,NA,NA,http://p5zlgintc01:16020/PayDirect/Merchant/Edit/2243,35EDM-SBBUT-SEWVT-W
VTNJ1342,Done,1,250826-005557_VTNJ1342_after.png,Yes,Yes,Yes,NA,NA,NA,http://p5zlgintc01:16020/PayDirect/Merchant/Edit/2244,35EDM-SBBTX-SBTVT-W
VTNJ1219,Done,1,250826-005601_VTNJ1219_after.png,Yes,Yes,Yes,NA,NA,NA,http://p5zlgintc01:16020/PayDirect/Merchant/Edit/2246,35EDM-SAYTX-TAXVT-W
PTNJ1219,UNCH,1,250826-005606_PTNJ1219_after.png,Yes,Yes,Yes,NA,NA,NA,http://p5zlgintc01:16020/PayDirect/Merchant/Edit/2247,35EDM-SAYTX-SYTAX-W
VMNJ1219,Done,1,250826-005610_VMNJ1219_after.png,Yes,Yes,Yes,NA,NA,NA,http://p5zlgintc01:16020/PayDirect/Merchant/Edit/2248,35EDM-SAYNT-MISVT-W
PUNJ1219,UNCH,1,250826-005614_PUNJ1219_after.png,Yes,Yes,Yes,NA,NA,NA,http://p5zlgintc01:16020/PayDirect/Merchant/Edit/2249,35EDM-SAYNT-SAYNT-W
VUNJ1219,Done,1,250826-005618_VUNJ1219_after.png,Yes,Yes,Yes,NA,NA,NA,http://p5zlgintc01:16020/PayDirect/Merchant/Edit/2250,35EDM-SAYNT-TAXVT-W
PANYCHES,UNCH,1,250826-005623_PANYCHES_after.png,Yes,Yes,Yes,NA,NA,NA,http://p5zlgintc01:16020/PayDirect/Merchant/Edit/2251,35EDM-VILCH-ARWEB-W
PCNJ1017,UNCH,1,250826-005627_PCNJ1017_after.png,Yes,Yes,Yes,NA,NA,NA,http://p5zlgintc01:16020/PayDirect/Merchant/Edit/2257,35EDM-LAMBE-VAWEB-W
PUNCARDL,UNCH,1,250826-005631_PUNCARDL_after.png,Yes,Yes,Yes,NA,NA,NA,http://p5zlgintc01:16020/PayDirect/Merchant/Edit/2258,35EDM-ARCNT-UTIWB-W
VMNCARDL,Done,1,250826-005636_VMNCARDL_after.png,Yes,Yes,Yes,NA,NA,NA,http://p5zlgintc01:16020/PayDirect/Merchant/Edit/2259,35EDM-ARCNT-MISVT-W
VUNCARDL,Done,1,250826-005641_VUNCARDL_after.png,Yes,Yes,Yes,NA,NA,NA,http://p5zlgintc01:16020/PayDirect/Merchant/Edit/2260,35EDM-ARCNT-UTIVT-W
PAGAWYNS,UNCH,1,250826-005645_PAGAWYNS_after.png,Yes,Yes,Yes,NA,NA,NA,http://p5zlgintc01:16020/PayDirect/Merchant/Edit/2261,35EDM-WYNSR-ARWEB-W
PTNJ1921,UNCH,1,250826-005649_PTNJ1921_after.png,Yes,Yes,Yes,NA,NA,NA,http://p5zlgintc01:16020/PayDirect/Merchant/Edit/2262,35EDM-SUSSX-TAXBW-W
PUNJ1921,UNCH,1,250826-005653_PUNJ1921_after.png,Yes,Yes,Yes,NA,NA,NA,http://p5zlgintc01:16020/PayDirect/Merchant/Edit/2263,35EDM-SUSSX-UTIWB-W
PAGAGUYT,UNCH,1,250826-005658_PAGAGUYT_after.png,Yes,Yes,Yes,NA,NA,NA,http://p5zlgintc01:16020/PayDirect/Merchant/Edit/2267,35EDM-GUYGA-ARWEB-W
PTNJ1808,UNCH,1,250826-005702_PTNJ1808_after.png,Yes,Yes,Yes,NA,NA,NA,http://p5zlgintc01:16020/PayDirect/Merchant/Edit/2268,35EDM-FRSOM-FTTAX-W
PUNJ1808,UNCH,1,250826-005706_PUNJ1808_after.png,Yes,Yes,Yes,NA,NA,NA,http://p5zlgintc01:16020/PayDirect/Merchant/Edit/2270,35EDM-FRSOM-NTWEB-W
VANCRHAL,Done,1,250826-005710_VANCRHAL_after.png,Yes,Yes,Yes,NA,NA,NA,http://p5zlgintc01:16020/PayDirect/Merchant/Edit/2272,35EDM-RURNT-NOTVT-W
VMNCRHAL,Done,1,250826-005714_VMNCRHAL_after.png,Yes,Yes,Yes,NA,NA,NA,http://p5zlgintc01:16020/PayDirect/Merchant/Edit/2273,35EDM-RURNT-MISVT-W
VUGAMETT,Done,1,250826-005719_VUGAMETT_after.png,Yes,Yes,Yes,NA,NA,NA,http://p5zlgintc01:16020/PayDirect/Merchant/Edit/2275,35EDM-METTE-NOWVT-W
VMGAMETT,Done,1,250826-005723_VMGAMETT_after.png,Yes,Yes,Yes,NA,NA,NA,http://p5zlgintc01:16020/PayDirect/Merchant/Edit/2276,35EDM-METTE-MISVT-W
VAGAMETT,Done,1,250826-005727_VAGAMETT_after.png,Yes,Yes,Yes,NA,NA,NA,http://p5zlgintc01:16020/PayDirect/Merchant/Edit/2277,35EDM-METTE-ARVTP-W
PTNJ0717,UNCH,1,250826-005732_PTNJ0717_after.png,Yes,Yes,Yes,NA,NA,NA,http://p5zlgintc01:16020/PayDirect/Merchant/Edit/2279,35EDM-ORANJ-TAXWB-W
VMNJ0717,Done,1,250826-005736_VMNJ0717_after.png,Yes,Yes,Yes,NA,NA,NA,http://p5zlgintc01:16020/PayDirect/Merchant/Edit/2280,35EDM-ORANJ-MISVT-W
VTNJ0717,Done,1,250826-005740_VTNJ0717_after.png,Yes,Yes,Yes,NA,NA,NA,http://p5zlgintc01:16020/PayDirect/Merchant/Edit/2282,35EDM-ORANJ-TAXVT-W
PUNJ1346,UNCH,1,250826-005744_PUNJ1346_after.png,Yes,Yes,Yes,NA,NA,NA,http://p5zlgintc01:16020/PayDirect/Merchant/Edit/2285,35EDM-LCONT-LCUTI-W
PTNJ1346,UNCH,1,250826-005749_PTNJ1346_after.png,Yes,Yes,Yes,NA,NA,NA,http://p5zlgintc01:16020/PayDirect/Merchant/Edit/2289,35EDM-LCOTX-LCTAX-W
PUNYHFVL,UNCH,1,250826-005754_PUNYHFVL_after.png,Yes,Yes,Yes,NA,NA,NA,http://p5zlgintc01:16020/PayDirect/Merchant/Edit/2292,35EDM-HFVNY-NOSEW-W
VUNYHFVL,UNCH,1,250826-005758_VUNYHFVL_after.png,Yes,Yes,Yes,NA,NA,NA,http://p5zlgintc01:16020/PayDirect/Merchant/Edit/2293,35EDM-HFVNY-NVSEW-W
VWNYHFVL,UNCH,1,250826-005802_VWNYHFVL_after.png,Yes,Yes,Yes,NA,NA,NA,http://p5zlgintc01:16020/PayDirect/Merchant/Edit/2294,35EDM-HFVNY-NVH2O-W
PWNYHFVL,UNCH,1,250826-005807_PWNYHFVL_after.png,Yes,Yes,Yes,NA,NA,NA,http://p5zlgintc01:16020/PayDirect/Merchant/Edit/2295,35EDM-HFVNY-NOH2O-W
PTNYHFVL,UNCH,1,250826-005811_PTNYHFVL_after.png,Yes,Yes,Yes,NA,NA,NA,http://p5zlgintc01:16020/PayDirect/Merchant/Edit/2296,35EDM-HFVNY-PDTAX-W
VTNYHFVL,UNCH,1,250826-005816_VTNYHFVL_after.png,Yes,Yes,Yes,NA,NA,NA,http://p5zlgintc01:16020/PayDirect/Merchant/Edit/2297,35EDM-HFVNY-TAXVT-W
VUNJ0910,Done,1,250826-005820_VUNJ0910_after.png,Yes,Yes,Yes,NA,NA,NA,http://p5zlgintc01:16020/PayDirect/Merchant/Edit/2302,35EDM-UNICI-UTIVT-W
VCNJ0328,UNCH,1,250826-005824_VCNJ0328_after.png,Yes,Yes,Yes,NA,NA,NA,http://p5zlgintc01:16020/PayDirect/Merchant/Edit/2303,35EDM-PEMBT-MISVT-W
PWNJ1106,UNCH,1,250826-005829_PWNJ1106_after.png,Yes,Yes,Yes,NA,NA,NA,http://p5zlgintc01:16020/PayDirect/Merchant/Edit/2305,35EDM-HOUTL-WATWB-W
PCNJDFIR,Done,1,250826-005833_PCNJDFIR_after.png,Yes,Yes,Yes,NA,NA,NA,http://p5zlgintc01:16020/PayDirect/Merchant/Edit/2306,35EDM-DEPWB-FLVWB-W
VTNJ1106,Done,1,250826-005837_VTNJ1106_after.png,Yes,Yes,Yes,NA,NA,NA,http://p5zlgintc01:16020/PayDirect/Merchant/Edit/2308,35EDM-HOPEW-TAXVT-W
VUNJ1106,Done,1,250826-005842_VUNJ1106_after.png,Yes,Yes,Yes,NA,NA,NA,http://p5zlgintc01:16020/PayDirect/Merchant/Edit/2309,35EDM-HOUTL-SEWVT-W
PTNJ0907,UNCH,1,250826-005846_PTNJ0907_after.png,Yes,Yes,Yes,NA,NA,NA,http://p5zlgintc01:16020/PayDirect/Merchant/Edit/2311,35EDM-KEARN-TAXWB-W
PUNJ0319,UNCH,1,250826-005850_PUNJ0319_after.png,Yes,Yes,Yes,NA,NA,NA,http://p5zlgintc01:16020/PayDirect/Merchant/Edit/2317,35EDM-MAPSH-NOWEB-W
VUNJ0319,UNCH,1,250826-005854_VUNJ0319_after.png,Yes,Yes,Yes,NA,NA,NA,http://p5zlgintc01:16020/PayDirect/Merchant/Edit/2318,35EDM-MAPSH-NVTWB-W
VTNJ0319,UNCH,1,250826-005859_VTNJ0319_after.png,Yes,Yes,Yes,NA,NA,NA,http://p5zlgintc01:16020/PayDirect/Merchant/Edit/2320,35EDM-MAPSH-TAXVT-W
PTNJ0319,UNCH,1,250826-005903_PTNJ0319_after.png,Yes,Yes,Yes,NA,NA,NA,http://p5zlgintc01:16020/PayDirect/Merchant/Edit/2321,35EDM-MAPSH-TAXWB-W
PUNYYTWD,UNCH,1,250826-010541_PUNYYTWD_after.png,Yes,Yes,Yes,NA,NA,NA,http://p5zlgintc01:16020/PayDirect/Merchant/Edit/2322,35EDM-YORKT-NTWEB-W
PTVACBTN,UNCH,1,250826-010545_PTVACBTN_after.png,Yes,Yes,Yes,NA,NA,NA,http://p5zlgintc01:16020/PayDirect/Merchant/Edit/2323,35EDM-COLVA-TAXWB-W
VTVACBTN,Done,1,250826-010550_VTVACBTN_after.png,Yes,Yes,Yes,NA,NA,NA,http://p5zlgintc01:16020/PayDirect/Merchant/Edit/2324,35EDM-COLVA-TAXVT-W
PUVACBTN,UNCH,1,250826-010555_PUVACBTN_after.png,Yes,Yes,Yes,NA,NA,NA,http://p5zlgintc01:16020/PayDirect/Merchant/Edit/2325,35EDM-COLVA-NOTXW-W
VUVACBTN,Done,1,250826-010559_VUVACBTN_after.png,Yes,Yes,Yes,NA,NA,NA,http://p5zlgintc01:16020/PayDirect/Merchant/Edit/2326,35EDM-COLVA-NOTXV-W
VMVACBTN,Done,1,250826-010604_VMVACBTN_after.png,Yes,Yes,Yes,NA,NA,NA,http://p5zlgintc01:16020/PayDirect/Merchant/Edit/2327,35EDM-COLVA-MISVT-W
PAVACBTN,UNCH,1,250826-010608_PAVACBTN_after.png,Yes,Yes,Yes,NA,NA,NA,http://p5zlgintc01:16020/PayDirect/Merchant/Edit/2328,35EDM-COLVA-ARPWB-W
VAVACBTN,Done,1,250826-010613_VAVACBTN_after.png,Yes,Yes,Yes,NA,NA,NA,http://p5zlgintc01:16020/PayDirect/Merchant/Edit/2329,35EDM-COLVA-ARPVT-W
PTNJ0603,UNCH,1,250826-010617_PTNJ0603_after.png,Yes,Yes,Yes,NA,NA,NA,http://p5zlgintc01:16020/PayDirect/Merchant/Edit/2337,35EDM-DFTTX-TAXWB-W
PUPAPLMY,UNCH,1,250826-010621_PUPAPLMY_after.png,Yes,Yes,Yes,NA,NA,NA,http://p5zlgintc01:16020/PayDirect/Merchant/Edit/2340,35EDM-PALMY-NOWEB-W
PANYSPVL,UNCH,1,250826-010626_PANYSPVL_after.png,Yes,Yes,Yes,NA,NA,NA,http://p5zlgintc01:16020/PayDirect/Merchant/Edit/2342,35EDM-SANDP-ARWEB-W
PTPANCSD,UNCH,1,250826-010631_PTPANCSD_after.png,Yes,Yes,Yes,NA,NA,NA,http://p5zlgintc01:16020/PayDirect/Merchant/Edit/2343,35EDM-NEWCA-SCTAX-W
VMNJ1307,Done,1,250826-010635_VMNJ1307_after.png,Yes,Yes,Yes,NA,NA,NA,http://p5zlgintc01:16020/PayDirect/Merchant/Edit/2345,35EDM-BELMA-MISVT-W
VTNJ1307,Done,1,250826-010640_VTNJ1307_after.png,Yes,Yes,Yes,NA,NA,NA,http://p5zlgintc01:16020/PayDirect/Merchant/Edit/2346,35EDM-BELMA-TAXVT-W
VUNJ1307,Done,1,250826-010644_VUNJ1307_after.png,Yes,Yes,Yes,NA,NA,NA,http://p5zlgintc01:16020/PayDirect/Merchant/Edit/2347,35EDM-BELMA-NOTVT-W
PTNJ0420,UNCH,1,250826-010649_PTNJ0420_after.png,Yes,Yes,Yes,NA,NA,NA,http://p5zlgintc01:16020/PayDirect/Merchant/Edit/2350,35EDM-LAURE-TAXWB-W
PTNJ0809,UNCH,1,250826-010654_PTNJ0809_after.png,Yes,Yes,Yes,NA,NA,NA,http://p5zlgintc01:16020/PayDirect/Merchant/Edit/2351,35EDM-LOGAN-TAXWB-W
VMNJ1410,Done,1,250826-010658_VMNJ1410_after.png,Yes,Yes,Yes,NA,NA,NA,http://p5zlgintc01:16020/PayDirect/Merchant/Edit/2358,35EDM-EASTU-VARVT-W
PCNJ1410,UNCH,1,250826-010703_PCNJ1410_after.png,Yes,Yes,Yes,NA,NA,NA,http://p5zlgintc01:16020/PayDirect/Merchant/Edit/2360,35EDM-EASTU-VARWB-W
VUNYPLWD,Done,1,250826-010708_VUNYPLWD_after.png,Yes,Yes,Yes,NA,NA,NA,http://p5zlgintc01:16020/PayDirect/Merchant/Edit/2362,35EDM-PLVWD-NVTWB-W
PUNJEWMA,UNCH,1,250826-010712_PUNJEWMA_after.png,Yes,Yes,Yes,NA,NA,NA,http://p5zlgintc01:16020/PayDirect/Merchant/Edit/2364,35EDM-EWIND-NOWEB-W
PTNJ1208,UNCH,1,250826-010717_PTNJ1208_after.png,Yes,Yes,Yes,NA,NA,NA,http://p5zlgintc01:16020/PayDirect/Merchant/Edit/2371,35EDM-JAMBO-TAXWB-W
PUNJ1208,UNCH,1,250826-010722_PUNJ1208_after.png,Yes,Yes,Yes,NA,NA,NA,http://p5zlgintc01:16020/PayDirect/Merchant/Edit/2372,35EDM-JAMBO-NOWEB-W
PUPABUSA,UNCH,1,250826-010727_PUPABUSA_after.png,Yes,Yes,Yes,NA,NA,NA,http://p5zlgintc01:16020/PayDirect/Merchant/Edit/2376,35EDM-BSTJS-NOWEB-W
VAPAMECH,Done,1,250826-010731_VAPAMECH_after.png,Yes,Yes,Yes,NA,NA,NA,http://p5zlgintc01:16020/PayDirect/Merchant/Edit/2377,35EDM-MECNT-ARPVT-W
PUFLSAUG,UNCH,1,250826-010736_PUFLSAUG_after.png,Yes,Yes,Yes,NA,NA,NA,http://p5zlgintc01:16020/PayDirect/Merchant/Edit/2378,35EDM-STAUG-NOTXW-W
VMNYLTTL,UNCH,1,250826-010740_VMNYLTTL_after.png,Yes,Yes,Yes,NA,NA,NA,http://p5zlgintc01:16020/PayDirect/Merchant/Edit/2380,35EDM-LFALL-MISVT-W
VUNYLTTL,UNCH,1,250826-010744_VUNYLTTL_after.png,Yes,Yes,Yes,NA,NA,NA,http://p5zlgintc01:16020/PayDirect/Merchant/Edit/2381,35EDM-LFALL-NOTVT-W
PUNYLTTL,UNCH,1,250826-010748_PUNYLTTL_after.png,Yes,Yes,Yes,NA,NA,NA,http://p5zlgintc01:16020/PayDirect/Merchant/Edit/2382,35EDM-LFALL-NTWEB-W
VMNCWEND,Done,1,250826-010753_VMNCWEND_after.png,Yes,Yes,Yes,NA,NA,NA,http://p5zlgintc01:16020/PayDirect/Merchant/Edit/2383,35EDM-WENDE-MISVT-W
PCNCWEND,UNCH,1,250826-010758_PCNCWEND_after.png,Yes,Yes,Yes,NA,NA,NA,http://p5zlgintc01:16020/PayDirect/Merchant/Edit/2384,35EDM-WENDE-MISWB-W
VTNYNORW,UNCH,1,250826-010802_VTNYNORW_after.png,Yes,Yes,Yes,NA,NA,NA,http://p5zlgintc01:16020/PayDirect/Merchant/Edit/2385,35EDM-NORWI-TAXVT-W
PTNYNORW,UNCH,1,250826-010807_PTNYNORW_after.png,Yes,Yes,Yes,NA,NA,NA,http://p5zlgintc01:16020/PayDirect/Merchant/Edit/2386,35EDM-NORWI-TAXWB-W
VUNYWAPP,Done,1,250826-010811_VUNYWAPP_after.png,Yes,Yes,Yes,NA,NA,NA,http://p5zlgintc01:16020/PayDirect/Merchant/Edit/2387,35EDM-WAPPI-NOTVT-W
PUNYWAPP,UNCH,1,250826-010815_PUNYWAPP_after.png,Yes,Yes,Yes,NA,NA,NA,http://p5zlgintc01:16020/PayDirect/Merchant/Edit/2389,35EDM-WAPPI-NTWEB-W
PUVAFRNK,UNCH,1,250826-010820_PUVAFRNK_after.png,Yes,Yes,Yes,NA,NA,NA,http://p5zlgintc01:16020/PayDirect/Merchant/Edit/2394,35EDM-FRKVA-NOWEB-W
VMGAROBC,Done,1,250826-010824_VMGAROBC_after.png,Yes,Yes,Yes,NA,NA,NA,http://p5zlgintc01:16020/PayDirect/Merchant/Edit/2406,35EDM-ROBER-NVTAR-W
VUGAROBC,Done,1,250826-010828_VUGAROBC_after.png,Yes,Yes,Yes,NA,NA,NA,http://p5zlgintc01:16020/PayDirect/Merchant/Edit/2407,35EDM-ROBER-NVTWB-W
VTGAROBC,Done,1,250826-010833_VTGAROBC_after.png,Yes,Yes,Yes,NA,NA,NA,http://p5zlgintc01:16020/PayDirect/Merchant/Edit/2408,35EDM-ROBER-TAXVT-W
PUNJWVMA,UNCH,1,250826-010837_PUNJWVMA_after.png,Yes,Yes,Yes,NA,NA,NA,http://p5zlgintc01:16020/PayDirect/Merchant/Edit/2409,35EDM-VERNO-NOWEB-W
PSNJ0329,UNCH,1,250826-010841_PSNJ0329_after.png,Yes,Yes,Yes,NA,NA,NA,http://p5zlgintc01:16020/PayDirect/Merchant/Edit/2414,35EDM-PEMBE-NTTRW-W
PUNJ0329,UNCH,1,250826-010846_PUNJ0329_after.png,Yes,Yes,Yes,NA,NA,NA,http://p5zlgintc01:16020/PayDirect/Merchant/Edit/2415,35EDM-PEMBE-NTWAW-W
PTNJ0329,UNCH,1,250826-010850_PTNJ0329_after.png,Yes,Yes,Yes,NA,NA,NA,http://p5zlgintc01:16020/PayDirect/Merchant/Edit/2416,35EDM-PEMBE-TAXWB-W
VMNJ0329,Done,1,250826-010854_VMNJ0329_after.png,Yes,Yes,Yes,NA,NA,NA,http://p5zlgintc01:16020/PayDirect/Merchant/Edit/2417,35EDM-PEMBE-MISVT-W
VSNJ0329,Done,1,Step1_ImportSites_20260825_010352.png,Error,Yes,Yes,NA,NA,NA,http://p5zlgintc01:16020/PayDirect/Merchant/Edit/2418,35EDM-PEMBE-NTTRV-W
VUNJ0329,Done,1,250826-010929_VUNJ0329_after.png,Yes,Yes,Yes,NA,NA,NA,http://p5zlgintc01:16020/PayDirect/Merchant/Edit/2419,35EDM-PEMBE-NTWAV-W
VTNJ0329,Done,1,250826-010935_VTNJ0329_after.png,Yes,Yes,Yes,NA,NA,NA,http://p5zlgintc01:16020/PayDirect/Merchant/Edit/2420,35EDM-PEMBE-TAXVT-W
PTNJ0608,UNCH,1,250826-010939_PTNJ0608_after.png,Yes,Yes,Yes,NA,NA,NA,http://p5zlgintc01:16020/PayDirect/Merchant/Edit/2421,35EDM-LAWTP-TAXWB-W
VTNJ0608,Done,1,250826-010943_VTNJ0608_after.png,Yes,Yes,Yes,NA,NA,NA,http://p5zlgintc01:16020/PayDirect/Merchant/Edit/2423,35EDM-LAWTP-TAXVT-W
PUNYVVIL,UNCH,1,250826-010948_PUNYVVIL_after.png,Yes,Yes,Yes,NA,NA,NA,http://p5zlgintc01:16020/PayDirect/Merchant/Edit/2427,35EDM-VOORH-NTXWB-W
PTNYVVIL,UNCH,1,250826-011648_PTNYVVIL_after.png,Yes,Yes,Yes,NA,NA,NA,http://p5zlgintc01:16020/PayDirect/Merchant/Edit/2428,35EDM-VOORH-TAXWB-W
PCNJ1219,UNCH,1,250826-011652_PCNJ1219_after.png,Yes,Yes,Yes,NA,NA,NA,http://p5zlgintc01:16020/PayDirect/Merchant/Edit/2429,35EDM-SAYNT-VARWB-W
PAGARDGA,UNCH,1,250826-011656_PAGARDGA_after.png,Yes,Yes,Yes,NA,NA,NA,http://p5zlgintc01:16020/PayDirect/Merchant/Edit/2430,35EDM-RVRDL-ARWEB-W
PAPASOHB,UNCH,1,250826-011701_PAPASOHB_after.png,Yes,Yes,Yes,NA,NA,NA,http://p5zlgintc01:16020/PayDirect/Merchant/Edit/2432,35EDM-SHEID-ARWEB-W
PUPASOHB,UNCH,1,250826-011705_PUPASOHB_after.png,Yes,Yes,Yes,NA,NA,NA,http://p5zlgintc01:16020/PayDirect/Merchant/Edit/2435,35EDM-SHEID-NOTXW-W
VUPASOHB,Done,1,250826-011709_VUPASOHB_after.png,Yes,Yes,Yes,NA,NA,NA,http://p5zlgintc01:16020/PayDirect/Merchant/Edit/2436,35EDM-SHEID-NTXVT-W
PTNJ2110,UNCH,1,250826-011714_PTNJ2110_after.png,Yes,Yes,Yes,NA,NA,NA,http://p5zlgintc01:16020/PayDirect/Merchant/Edit/2437,35EDM-HARMO-PDTAX-W
PUNJ0715,UNCH,1,250826-011718_PUNJ0715_after.png,Yes,Yes,Yes,NA,NA,NA,http://p5zlgintc01:16020/PayDirect/Merchant/Edit/2438,35EDM-CALDN-NOTXW-W
PTVAWAVE,UNCH,1,250826-011722_PTVAWAVE_after.png,Yes,Yes,Yes,NA,NA,NA,http://p5zlgintc01:16020/PayDirect/Merchant/Edit/2439,35EDM-WAVER-TAXWB-W
PTNJ0419,UNCH,1,250826-011727_PTNJ0419_after.png,Yes,Yes,Yes,NA,NA,NA,http://p5zlgintc01:16020/PayDirect/Merchant/Edit/2440,35EDM-HINEL-TAXWB-W
PUNJ0419,UNCH,1,250826-011731_PUNJ0419_after.png,Yes,Yes,Yes,NA,NA,NA,http://p5zlgintc01:16020/PayDirect/Merchant/Edit/2441,35EDM-HINEL-NTXWB-W
PTNJ2004,UNCH,1,250826-011736_PTNJ2004_after.png,Yes,Yes,Yes,NA,NA,NA,http://p5zlgintc01:16020/PayDirect/Merchant/Edit/2443,35EDM-ELINJ-TAXWP-W
PUNYBATH,UNCH,1,250826-011740_PUNYBATH_after.png,Yes,Yes,Yes,NA,NA,NA,http://p5zlgintc01:16020/PayDirect/Merchant/Edit/2447,35EDM-BATHE-NTWEB-W
PANYBATH,UNCH,1,250826-011745_PANYBATH_after.png,Yes,Yes,Yes,NA,NA,NA,http://p5zlgintc01:16020/PayDirect/Merchant/Edit/2448,35EDM-BATHE-ARWEB-W
PTNJ0259,UNCH,1,250826-011749_PTNJ0259_after.png,Yes,Yes,Yes,NA,NA,NA,http://p5zlgintc01:16020/PayDirect/Merchant/Edit/2449,35EDM-HATNJ-TAXWB-W
PUNJ0259,UNCH,1,250826-011753_PUNJ0259_after.png,Yes,Yes,Yes,NA,NA,NA,http://p5zlgintc01:16020/PayDirect/Merchant/Edit/2450,35EDM-HATNJ-NTXWB-W
PUNJ1514,UNCH,1,250826-011758_PUNJ1514_after.png,Yes,Yes,Yes,NA,NA,NA,http://p5zlgintc01:16020/PayDirect/Merchant/Edit/2456,35EDM-LAKEH-NOTXW-W
PTNJ1514,UNCH,1,250826-011802_PTNJ1514_after.png,Yes,Yes,Yes,NA,NA,NA,http://p5zlgintc01:16020/PayDirect/Merchant/Edit/2459,35EDM-LAKEH-TAXWB-W
PUNYWARV,UNCH,1,250826-011806_PUNYWARV_after.png,Yes,Yes,Yes,NA,NA,NA,http://p5zlgintc01:16020/PayDirect/Merchant/Edit/2465,35EDM-WARWI-NTWEB-W
VUNYWARV,Done,1,250826-011811_VUNYWARV_after.png,Yes,Yes,Yes,NA,NA,NA,http://p5zlgintc01:16020/PayDirect/Merchant/Edit/2466,35EDM-WARWI-NTVIT-W
VTNJ0267,Done,1,250826-011815_VTNJ0267_after.png,Yes,Yes,Yes,NA,NA,NA,http://p5zlgintc01:16020/PayDirect/Merchant/Edit/2468,35EDM-WWOOD-TAXVT-W
VMNJ0267,Done,1,250826-011820_VMNJ0267_after.png,Yes,Yes,Yes,NA,NA,NA,http://p5zlgintc01:16020/PayDirect/Merchant/Edit/2469,35EDM-WWOOD-MISVT-W
PUFLMACL,UNCH,1,250826-011824_PUFLMACL_after.png,Yes,Yes,Yes,NA,NA,NA,http://p5zlgintc01:16020/PayDirect/Merchant/Edit/2471,35EDM-MACCL-NOWEB-W
VUFLMACL,Done,1,250826-011828_VUFLMACL_after.png,Yes,Yes,Yes,NA,NA,NA,http://p5zlgintc01:16020/PayDirect/Merchant/Edit/2472,35EDM-MACCL-NVTWB-W
VMFLMACL,Done,1,250826-011834_VMFLMACL_after.png,Yes,Yes,Yes,NA,NA,NA,http://p5zlgintc01:16020/PayDirect/Merchant/Edit/2473,35EDM-MACCL-NVMIS-W
VTNJ0207,Done,1,250826-011838_VTNJ0207_after.png,Yes,Yes,Yes,NA,NA,NA,http://p5zlgintc01:16020/PayDirect/Merchant/Edit/2475,35EDM-CLOST-TAXVT-W
PTNJ0207,UNCH,1,250826-011843_PTNJ0207_after.png,Yes,Yes,Yes,NA,NA,NA,http://p5zlgintc01:16020/PayDirect/Merchant/Edit/2477,35EDM-CLOST-TAXWB-W
PAPAMECH,UNCH,1,250826-011847_PAPAMECH_after.png,Yes,Yes,Yes,NA,NA,NA,http://p5zlgintc01:16020/PayDirect/Merchant/Edit/2479,35EDM-MECNT-ARWEB-W
PUDECAWW,UNCH,1,250826-011851_PUDECAWW_after.png,Yes,Yes,Yes,NA,NA,NA,http://p5zlgintc01:16020/PayDirect/Merchant/Edit/2480,35EDM-CWSWA-NOWEB-W
VUDECAWW,Done,1,250826-011856_VUDECAWW_after.png,Yes,Yes,Yes,NA,NA,NA,http://p5zlgintc01:16020/PayDirect/Merchant/Edit/2481,35EDM-CWSWA-NVTWB-W
PTNJ1710,UNCH,1,250826-011900_PTNJ1710_after.png,Yes,Yes,Yes,NA,NA,NA,http://p5zlgintc01:16020/PayDirect/Merchant/Edit/2483,35EDM-PILTW-TAXWB-W
VTNJ1710,Done,1,250826-011904_VTNJ1710_after.png,Yes,Yes,Yes,NA,NA,NA,http://p5zlgintc01:16020/PayDirect/Merchant/Edit/2484,35EDM-PILTW-TAXVT-W
PAVAWAVE,UNCH,1,250826-011908_PAVAWAVE_after.png,Yes,Yes,Yes,NA,NA,NA,http://p5zlgintc01:16020/PayDirect/Merchant/Edit/2489,35EDM-WAVER-ARWEB-W
VTNYPATC,Done,1,250826-011913_VTNYPATC_after.png,Yes,Yes,Yes,NA,NA,NA,http://p5zlgintc01:16020/PayDirect/Merchant/Edit/2492,35EDM-PTNYP-VTPRN-W
PWNJ0329,UNCH,1,250826-011917_PWNJ0329_after.png,Yes,Yes,Yes,NA,NA,NA,http://p5zlgintc01:16020/PayDirect/Merchant/Edit/2493,35EDM-PEMBE-NTSWR-W
VWNJ0329,Done,1,250826-011922_VWNJ0329_after.png,Yes,Yes,Yes,NA,NA,NA,http://p5zlgintc01:16020/PayDirect/Merchant/Edit/2494,35EDM-PEMBE-NTSEV-W
PTNJ1522,UNCH,1,250826-011927_PTNJ1522_after.png,Yes,Yes,Yes,NA,NA,NA,http://p5zlgintc01:16020/PayDirect/Merchant/Edit/2495,35EDM-OCEGA-TAXWB-W
PUNJ1522,UNCH,1,250826-011932_PUNJ1522_after.png,Yes,Yes,Yes,NA,NA,NA,http://p5zlgintc01:16020/PayDirect/Merchant/Edit/2496,35EDM-OCEGA-NTWAT-W
PSNJ1522,UNCH,1,250826-011936_PSNJ1522_after.png,Yes,Yes,Yes,NA,NA,NA,http://p5zlgintc01:16020/PayDirect/Merchant/Edit/2497,35EDM-OCEGA-NTSEW-W
PCDESFRD,UNCH,1,250826-011941_PCDESFRD_after.png,Yes,Yes,Yes,NA,NA,NA,http://p5zlgintc01:16020/PayDirect/Merchant/Edit/2501,35EDM-SEAFR-MIWEB-W
PUNJ0502,UNCH,1,250826-011946_PUNJ0502_after.png,Yes,Yes,Yes,NA,NA,NA,http://p5zlgintc01:16020/PayDirect/Merchant/Edit/2507,35EDM-CAPEM-NTWEB-W
PTNJ0502,UNCH,1,250826-011950_PTNJ0502_after.png,Yes,Yes,Yes,NA,NA,NA,http://p5zlgintc01:16020/PayDirect/Merchant/Edit/2508,35EDM-CAPEM-WETAX-W
PUMDFRUT,UNCH,1,250826-011954_PUMDFRUT_after.png,Yes,Yes,Yes,NA,NA,NA,http://p5zlgintc01:16020/PayDirect/Merchant/Edit/2510,35EDM-FRUIT-NTXWB-W
PAMDFRUT,UNCH,1,250826-012000_PAMDFRUT_after.png,Yes,Yes,Yes,NA,NA,NA,http://p5zlgintc01:16020/PayDirect/Merchant/Edit/2511,35EDM-FRUIT-ARWEB-W
VMMDFRUT,Done,1,250826-012005_VMMDFRUT_after.png,Yes,Yes,Yes,NA,NA,NA,http://p5zlgintc01:16020/PayDirect/Merchant/Edit/2512,35EDM-FRUIT-MISVT-W
PTMDFRUT,UNCH,1,250826-012009_PTMDFRUT_after.png,Yes,Yes,Yes,NA,NA,NA,http://p5zlgintc01:16020/PayDirect/Merchant/Edit/2513,35EDM-FRUIT-TAXWB-W
PSTNMOSH,UNCH,1,250826-012014_PSTNMOSH_after.png,Yes,Yes,Yes,NA,NA,NA,http://p5zlgintc01:16020/PayDirect/Merchant/Edit/2518,35EDM-MOSHT-NTSEW-W
PUTNMOSH,UNCH,1,250826-012018_PUTNMOSH_after.png,Yes,Yes,Yes,NA,NA,NA,http://p5zlgintc01:16020/PayDirect/Merchant/Edit/2519,35EDM-MOSHT-NTWAT-W
VUTNMOSH,Done,1,250826-012022_VUTNMOSH_after.png,Yes,Yes,Yes,NA,NA,NA,http://p5zlgintc01:16020/PayDirect/Merchant/Edit/2520,35EDM-MOSHT-NTWVT-W
VSTNMOSH,Done,1,250826-012027_VSTNMOSH_after.png,Yes,Yes,Yes,NA,NA,NA,http://p5zlgintc01:16020/PayDirect/Merchant/Edit/2521,35EDM-MOSHT-SEWVT-W
VTNJ1708,Done,1,250826-012732_VTNJ1708_after.png,Yes,Yes,Yes,NA,NA,NA,http://p5zlgintc01:16020/PayDirect/Merchant/Edit/2522,35EDM-PENNG-VTPTX-W
VTNJ1702,Done,1,250826-012737_VTNJ1702_after.png,Yes,Yes,Yes,NA,NA,NA,http://p5zlgintc01:16020/PayDirect/Merchant/Edit/2523,35EDM-CPTWP-VTTAX-W
PTNYPOJV,UNCH,1,250826-012741_PTNYPOJV_after.png,Yes,Yes,Yes,NA,NA,NA,http://p5zlgintc01:16020/PayDirect/Merchant/Edit/2527,35EDM-PORTJ-TAXWB-W
PTNJ1211,UNCH,1,250826-012745_PTNJ1211_after.png,Yes,Yes,Yes,NA,NA,NA,http://p5zlgintc01:16020/PayDirect/Merchant/Edit/2529,35EDM-MILLT-TXWEB-W
PUNJ1211,UNCH,1,250826-012750_PUNJ1211_after.png,Yes,Yes,Yes,NA,NA,NA,http://p5zlgintc01:16020/PayDirect/Merchant/Edit/2530,35EDM-MILLT-NTWAT-W
PENJ1211,UNCH,1,250826-012754_PENJ1211_after.png,Yes,Yes,Yes,NA,NA,NA,http://p5zlgintc01:16020/PayDirect/Merchant/Edit/2531,35EDM-MILLT-NTXEL-W
PUGASPRI,UNCH,1,250826-012759_PUGASPRI_after.png,Yes,Yes,Yes,NA,NA,NA,http://p5zlgintc01:16020/PayDirect/Merchant/Edit/2532,35EDM-SPRIN-NTWEB-W
VUGASPRI,Done,1,250826-012803_VUGASPRI_after.png,Yes,Yes,Yes,NA,NA,NA,http://p5zlgintc01:16020/PayDirect/Merchant/Edit/2533,35EDM-SPRIN-NTXVT-W
VMGASPRI,Done,1,250826-012808_VMGASPRI_after.png,Yes,Yes,Yes,NA,NA,NA,http://p5zlgintc01:16020/PayDirect/Merchant/Edit/2534,35EDM-SPRIN-MISVT-W
PCNJWIFD,UNCH,1,250826-012813_PCNJWIFD_after.png,Yes,Yes,Yes,NA,NA,NA,http://p5zlgintc01:16020/PayDirect/Merchant/Edit/2536,35EDM-WTFIR-VWNTX-W
VMNJWIFD,Done,1,250826-012817_VMNJWIFD_after.png,Yes,Yes,Yes,NA,NA,NA,http://p5zlgintc01:16020/PayDirect/Merchant/Edit/2537,35EDM-WTFIR-MVTNT-W
PTNJ0235,UNCH,1,250826-012821_PTNJ0235_after.png,Yes,Yes,Yes,NA,NA,NA,http://p5zlgintc01:16020/PayDirect/Merchant/Edit/2538,35EDM-MIDLN-TAXWB-W
VUFLCRST,Done,1,250826-012826_VUFLCRST_after.png,Yes,Yes,Yes,NA,NA,NA,http://p5zlgintc01:16020/PayDirect/Merchant/Edit/2539,35EDM-CRESC-NTVIT-W
PUFLCRST,UNCH,1,250826-012830_PUFLCRST_after.png,Yes,Yes,Yes,NA,NA,NA,http://p5zlgintc01:16020/PayDirect/Merchant/Edit/2542,35EDM-CRESC-NTWEB-W
PAFLCRST,UNCH,1,250826-012835_PAFLCRST_after.png,Yes,Yes,Yes,NA,NA,NA,http://p5zlgintc01:16020/PayDirect/Merchant/Edit/2543,35EDM-CRESC-ARWEB-W
PWNJ1205,UNCH,1,250826-012839_PWNJ1205_after.png,Yes,Yes,Yes,NA,NA,NA,http://p5zlgintc01:16020/PayDirect/Merchant/Edit/2544,35EDM-EDUTL-EDWTR-W
PUNJ2101,UNCH,1,250826-012843_PUNJ2101_after.png,Yes,Yes,Yes,NA,NA,NA,http://p5zlgintc01:16020/PayDirect/Merchant/Edit/2545,35EDM-ALLMU-NOTXW-W
PUNJMRUA,UNCH,1,250826-012848_PUNJMRUA_after.png,Yes,Yes,Yes,NA,NA,NA,http://p5zlgintc01:16020/PayDirect/Merchant/Edit/2546,35EDM-MONUT-NOTXW-W
PAMDDORC,UNCH,1,250826-012852_PAMDDORC_after.png,Yes,Yes,Yes,NA,NA,NA,http://p5zlgintc01:16020/PayDirect/Merchant/Edit/2547,35EDM-DORCH-DNTAR-W
PTMDDORC,UNCH,1,250826-012857_PTMDDORC_after.png,Yes,Yes,Yes,NA,NA,NA,http://p5zlgintc01:16020/PayDirect/Merchant/Edit/2548,35EDM-DORCH-DOTAX-W
PANYMUTT,UNCH,1,250826-012901_PANYMUTT_after.png,Yes,Yes,Yes,NA,NA,NA,http://p5zlgintc01:16020/PayDirect/Merchant/Edit/2552,35EDM-MUTOW-ARWEB-W
PTNYMUTT,UNCH,1,250826-012906_PTNYMUTT_after.png,Yes,Yes,Yes,NA,NA,NA,http://p5zlgintc01:16020/PayDirect/Merchant/Edit/2553,35EDM-MUTOW-MVTAX-W
VMNJ0609,Done,1,250826-012911_VMNJ0609_after.png,Yes,Yes,Yes,NA,NA,NA,http://p5zlgintc01:16020/PayDirect/Merchant/Edit/2555,35EDM-MAUVR-MISVT-W
VTNJ0609,Done,1,250826-012915_VTNJ0609_after.png,Yes,Yes,Yes,NA,NA,NA,http://p5zlgintc01:16020/PayDirect/Merchant/Edit/2556,35EDM-MAUVR-VTTAX-W
PUNJWMON,UNCH,1,250826-012920_PUNJWMON_after.png,Yes,Yes,Yes,NA,NA,NA,http://p5zlgintc01:16020/PayDirect/Merchant/Edit/2559,35EDM-MONMW-NOTXW-W
PTNYARDS,UNCH,1,250826-012924_PTNYARDS_after.png,Yes,Yes,Yes,NA,NA,NA,http://p5zlgintc01:16020/PayDirect/Merchant/Edit/2560,35EDM-ARDSV-TAXWB-W
PUNJWDSA,UNCH,1,250826-012929_PUNJWDSA_after.png,Yes,Yes,Yes,NA,NA,NA,http://p5zlgintc01:16020/PayDirect/Merchant/Edit/2561,35EDM-WTWNS-NOWEB-W
VANCARCL,Done,1,250826-012933_VANCARCL_after.png,Yes,Yes,Yes,NA,NA,NA,http://p5zlgintc01:16020/PayDirect/Merchant/Edit/2562,35EDM-ARCHE-ARVIT-W
PANCARCL,UNCH,1,250826-012937_PANCARCL_after.png,Yes,Yes,Yes,NA,NA,NA,http://p5zlgintc01:16020/PayDirect/Merchant/Edit/2564,35EDM-ARCHE-ARWEB-W
PTNJ2001,UNCH,1,250826-012942_PTNJ2001_after.png,Yes,Yes,Yes,NA,NA,NA,http://p5zlgintc01:16020/PayDirect/Merchant/Edit/2567,35EDM-BERKE-TXWEB-W
PAVAESEX,UNCH,1,250826-012946_PAVAESEX_after.png,Yes,Yes,Yes,NA,NA,NA,http://p5zlgintc01:16020/PayDirect/Merchant/Edit/2568,35EDM-ESSEX-NOARW-W
PTVAESEX,UNCH,1,250826-012950_PTVAESEX_after.png,Yes,Yes,Yes,NA,NA,NA,http://p5zlgintc01:16020/PayDirect/Merchant/Edit/2569,35EDM-ESSEX-TAXWB-W
VTVAESEX,Done,1,250826-012955_VTVAESEX_after.png,Yes,Yes,Yes,NA,NA,NA,http://p5zlgintc01:16020/PayDirect/Merchant/Edit/2570,35EDM-ESSEX-TAXVT-W
VMVAESEX,Done,1,250826-012959_VMVAESEX_after.png,Yes,Yes,Yes,NA,NA,NA,http://p5zlgintc01:16020/PayDirect/Merchant/Edit/2571,35EDM-ESSEX-NVMIS-W
PAVABRID,UNCH,1,250826-013004_PAVABRID_after.png,Yes,Yes,Yes,NA,NA,NA,http://p5zlgintc01:16020/PayDirect/Merchant/Edit/2573,35EDM-BRIWA-ARWEB-W
PUVABRID,UNCH,1,250826-013009_PUVABRID_after.png,Yes,Yes,Yes,NA,NA,NA,http://p5zlgintc01:16020/PayDirect/Merchant/Edit/2574,35EDM-BRIWA-NTWEB-W
PANYCLAY,UNCH,1,250826-013013_PANYCLAY_after.png,Yes,Yes,Yes,NA,NA,NA,http://p5zlgintc01:16020/PayDirect/Merchant/Edit/2577,35EDM-CLATO-ARWEB-W
PTNJ0252,UNCH,1,250826-013018_PTNJ0252_after.png,Yes,Yes,Yes,NA,NA,NA,http://p5zlgintc01:16020/PayDirect/Merchant/Edit/2580,35EDM-RVEDG-TAXWB-W
PSNJ1406,UNCH,1,250826-013022_PSNJ1406_after.png,Yes,Yes,Yes,NA,NA,NA,http://p5zlgintc01:16020/PayDirect/Merchant/Edit/2587,35EDM-CHETR-VARWB-W
PTNJ0427,UNCH,1,250826-013027_PTNJ0427_after.png,Yes,Yes,Yes,NA,NA,NA,http://p5zlgintc01:16020/PayDirect/Merchant/Edit/2589,35EDM-PENTW-TXWEB-W
PTNJ0228,UNCH,1,250826-013031_PTNJ0228_after.png,Yes,Yes,Yes,NA,NA,NA,http://p5zlgintc01:16020/PayDirect/Merchant/Edit/2594,35EDM-HOKNJ-TAXWB-W
VMNYTONA,Done,1,250826-013036_VMNYTONA_after.png,Yes,Yes,Yes,NA,NA,NA,http://p5zlgintc01:16020/PayDirect/Merchant/Edit/2597,35EDM-TONAW-MISVT-W
VUNYTONA,Done,1,250826-013041_VUNYTONA_after.png,Yes,Yes,Yes,NA,NA,NA,http://p5zlgintc01:16020/PayDirect/Merchant/Edit/2598,35EDM-TONAW-NTVIT-W
VTNYTONA,Done,1,250826-013046_VTNYTONA_after.png,Yes,Yes,Yes,NA,NA,NA,http://p5zlgintc01:16020/PayDirect/Merchant/Edit/2599,35EDM-TONAW-TAXVT-W
PUNYTONA,UNCH,1,250826-013050_PUNYTONA_after.png,Yes,Yes,Yes,NA,NA,NA,http://p5zlgintc01:16020/PayDirect/Merchant/Edit/2600,35EDM-TONAW-NTWEB-W
PTNYTONA,UNCH,1,250826-013054_PTNYTONA_after.png,Yes,Yes,Yes,NA,NA,NA,http://p5zlgintc01:16020/PayDirect/Merchant/Edit/2601,35EDM-TONAW-TAXWB-W
PCVAFRNK,UNCH,1,250826-013059_PCVAFRNK_after.png,Yes,Yes,Yes,NA,NA,NA,http://p5zlgintc01:16020/PayDirect/Merchant/Edit/2603,35EDM-FRKVA-VARWB-W
PTNJ0107,UNCH,1,250826-013104_PTNJ0107_after.png,Yes,Yes,Yes,NA,NA,NA,http://p5zlgintc01:16020/PayDirect/Merchant/Edit/2607,35EDM-EGGCT-TAXWB-W
PUNJ0107,UNCH,1,250826-013109_PUNJ0107_after.png,Yes,Yes,Yes,NA,NA,NA,http://p5zlgintc01:16020/PayDirect/Merchant/Edit/2608,35EDM-EGGCT-NTWEB-W
PUNJ0410,UNCH,1,250826-013113_PUNJ0410_after.png,Yes,Yes,Yes,NA,NA,NA,http://p5zlgintc01:16020/PayDirect/Merchant/Edit/2612,35EDM-CHESI-NTWEB-W
PTNJ0410,UNCH,1,250826-013931_PTNJ0410_after.png,Yes,Yes,Yes,NA,NA,NA,http://p5zlgintc01:16020/PayDirect/Merchant/Edit/2613,35EDM-CHESI-TAXWB-W
VTNJ1201,Done,1,250826-013935_VTNJ1201_after.png,Yes,Yes,Yes,NA,NA,NA,http://p5zlgintc01:16020/PayDirect/Merchant/Edit/2627,35EDM-CARTT-VTTAX-W
VUNJ1201,Done,1,250826-013940_VUNJ1201_after.png,Yes,Yes,Yes,NA,NA,NA,http://p5zlgintc01:16020/PayDirect/Merchant/Edit/2628,35EDM-CARTU-NTXVT-W
VMNJ1201,Done,1,250826-013944_VMNJ1201_after.png,Yes,Yes,Yes,NA,NA,NA,http://p5zlgintc01:16020/PayDirect/Merchant/Edit/2629,35EDM-CARTU-MISVT-W
VUNJACMU,Done,1,250826-013949_VUNJACMU_after.png,Yes,Yes,Yes,NA,NA,NA,http://p5zlgintc01:16020/PayDirect/Merchant/Edit/2632,35EDM-ATLAN-NTVIT-W
PUNJACMU,UNCH,1,250826-013954_PUNJACMU_after.png,Yes,Yes,Yes,NA,NA,NA,http://p5zlgintc01:16020/PayDirect/Merchant/Edit/2634,35EDM-ATLAN-NTWEB-W
PTNJ0911,UNCH,1,250826-013958_PTNJ0911_after.png,Yes,Yes,Yes,NA,NA,NA,http://p5zlgintc01:16020/PayDirect/Merchant/Edit/2635,35EDM-WEHAW-TAXWB-W
VTNJ0911,Done,1,250826-014002_VTNJ0911_after.png,Yes,Yes,Yes,NA,NA,NA,http://p5zlgintc01:16020/PayDirect/Merchant/Edit/2637,35EDM-WEHAW-TAXVT-W
PUNYLIMA,UNCH,1,250826-014007_PUNYLIMA_after.png,Yes,Yes,Yes,NA,NA,NA,http://p5zlgintc01:16020/PayDirect/Merchant/Edit/2638,35EDM-LIMAN-NTXWA-W
PSNYLIMA,UNCH,1,250826-014011_PSNYLIMA_after.png,Yes,Yes,Yes,NA,NA,NA,http://p5zlgintc01:16020/PayDirect/Merchant/Edit/2639,35EDM-LIMAN-NTXSW-W
PUNJ0212,UNCH,1,250826-014016_PUNJ0212_after.png,Yes,Yes,Yes,NA,NA,NA,http://p5zlgintc01:16020/PayDirect/Merchant/Edit/2640,35EDM-BERNJ-NOWEB-W
PTNJ0212,UNCH,1,250826-014020_PTNJ0212_after.png,Yes,Yes,Yes,NA,NA,NA,http://p5zlgintc01:16020/PayDirect/Merchant/Edit/2641,35EDM-BERNJ-TAXWB-W
PTNJ1509,UNCH,1,250826-014025_PTNJ1509_after.png,Yes,Yes,Yes,NA,NA,NA,http://p5zlgintc01:16020/PayDirect/Merchant/Edit/2642,35EDM-EAGWD-TAXWB-W
PUNJ1509,UNCH,1,250826-014029_PUNJ1509_after.png,Yes,Yes,Yes,NA,NA,NA,http://p5zlgintc01:16020/PayDirect/Merchant/Edit/2643,35EDM-EAGWD-NOWEB-W
PTVAURBA,UNCH,1,250826-014033_PTVAURBA_after.png,Yes,Yes,Yes,NA,NA,NA,http://p5zlgintc01:16020/PayDirect/Merchant/Edit/2646,35EDM-URBAN-TAXWB-W
PAVAURBA,UNCH,1,250826-014038_PAVAURBA_after.png,Yes,Yes,Yes,NA,NA,NA,http://p5zlgintc01:16020/PayDirect/Merchant/Edit/2648,35EDM-URBAN-ARRWB-W
PUNJ0407,UNCH,1,250826-014042_PUNJ0407_after.png,Yes,Yes,Yes,NA,NA,NA,http://p5zlgintc01:16020/PayDirect/Merchant/Edit/2650,35EDM-BROOK-NTXWB-W
PTNJ0407,UNCH,1,250826-014047_PTNJ0407_after.png,Yes,Yes,Yes,NA,NA,NA,http://p5zlgintc01:16020/PayDirect/Merchant/Edit/2651,35EDM-BROOK-TAXWB-W
PUNJ1614,UNCH,1,250826-014051_PUNJ1614_after.png,Yes,Yes,Yes,NA,NA,NA,http://p5zlgintc01:16020/PayDirect/Merchant/Edit/2655,35EDM-WAYNE-NTWEB-W
PTNJ1614,UNCH,1,250826-014056_PTNJ1614_after.png,Yes,Yes,Yes,NA,NA,NA,http://p5zlgintc01:16020/PayDirect/Merchant/Edit/2656,35EDM-WAYNE-TAXWB-W
PUPAMDSA,UNCH,1,250826-014101_PUPAMDSA_after.png,Yes,Yes,Yes,NA,NA,NA,http://p5zlgintc01:16020/PayDirect/Merchant/Edit/2662,35EDM-MIDWA-NTWEB-W
PUNJ1505,UNCH,1,250826-014105_PUNJ1505_after.png,Yes,Yes,Yes,NA,NA,NA,http://p5zlgintc01:16020/PayDirect/Merchant/Edit/2663,35EDM-BEAWO-NTXWB-W
PTNJ1505,UNCH,1,250826-014109_PTNJ1505_after.png,Yes,Yes,Yes,NA,NA,NA,http://p5zlgintc01:16020/PayDirect/Merchant/Edit/2664,35EDM-BEAWO-TAXWB-W
PUNYNYAK,UNCH,1,250826-014114_PUNYNYAK_after.png,Yes,Yes,Yes,NA,NA,NA,http://p5zlgintc01:16020/PayDirect/Merchant/Edit/2666,35EDM-NYACK-NTWEB-W
PCNJ0303,UNCH,1,250826-014118_PCNJ0303_after.png,Yes,Yes,Yes,NA,NA,NA,http://p5zlgintc01:16020/PayDirect/Merchant/Edit/2672,35EDM-CBORN-VARWB-W
PUVAAMHT,UNCH,1,250826-014122_PUVAAMHT_after.png,Yes,Yes,Yes,NA,NA,NA,http://p5zlgintc01:16020/PayDirect/Merchant/Edit/2675,35EDM-AMHRT-NOWEB-W
VUVAAMHT,Done,1,250826-014127_VUVAAMHT_after.png,Yes,Yes,Yes,NA,NA,NA,http://p5zlgintc01:16020/PayDirect/Merchant/Edit/2676,35EDM-AMHRT-NVTWB-W
VMVAAMHT,Done,1,250826-014131_VMVAAMHT_after.png,Yes,Yes,Yes,NA,NA,NA,http://p5zlgintc01:16020/PayDirect/Merchant/Edit/2677,35EDM-AMHRT-NVMIS-W
VMNCWHSP,Done,1,250826-014136_VMNCWHSP_after.png,Yes,Yes,Yes,NA,NA,NA,http://p5zlgintc01:16020/PayDirect/Merchant/Edit/2678,35EDM-WHISP-MISVT-W
PANJ0718,UNCH,1,250826-014140_PANJ0718_after.png,Yes,Yes,Yes,NA,NA,NA,http://p5zlgintc01:16020/PayDirect/Merchant/Edit/2679,35EDM-ROSEN-ARWEB-W
PCNJ0718,UNCH,1,250826-014145_PCNJ0718_after.png,Yes,Yes,Yes,NA,NA,NA,http://p5zlgintc01:16020/PayDirect/Merchant/Edit/2680,35EDM-ROSEN-VARWB-W
VANYSPVL,Done,1,250826-014149_VANYSPVL_after.png,Yes,Yes,Yes,NA,NA,NA,http://p5zlgintc01:16020/PayDirect/Merchant/Edit/2681,35EDM-SANDP-ARVTR-W
VUNYSPVL,Done,1,250826-014153_VUNYSPVL_after.png,Yes,Yes,Yes,NA,NA,NA,http://p5zlgintc01:16020/PayDirect/Merchant/Edit/2683,35EDM-SANDP-NTWAT-W
PUNJ0501,UNCH,1,250826-014158_PUNJ0501_after.png,Yes,Yes,Yes,NA,NA,NA,http://p5zlgintc01:16020/PayDirect/Merchant/Edit/2687,35EDM-AVALN-NTWEB-W
PSNJ1005,UNCH,1,250826-014202_PSNJ1005_after.png,Yes,Yes,Yes,NA,NA,NA,http://p5zlgintc01:16020/PayDirect/Merchant/Edit/2688,35EDM-TCLIN-NTSEW-W
PUNJ1005,UNCH,1,Step1_ImportSites_20260825_013706.png,Error,Yes,Yes,NA,NA,NA,http://p5zlgintc01:16020/PayDirect/Merchant/Edit/2689,35EDM-TCLIN-NTWEB-W
PTNJ1005,UNCH,1,250826-014238_PTNJ1005_after.png,Yes,Yes,Yes,NA,NA,NA,http://p5zlgintc01:16020/PayDirect/Merchant/Edit/2690,35EDM-TCLIN-TXWEB-W
PTVAFARM,UNCH,1,250826-014242_PTVAFARM_after.png,Yes,Yes,Yes,NA,NA,NA,http://p5zlgintc01:16020/PayDirect/Merchant/Edit/2691,35EDM-FARMV-TAXWB-W
VTVAFARM,Done,1,250826-014247_VTVAFARM_after.png,Yes,Yes,Yes,NA,NA,NA,http://p5zlgintc01:16020/PayDirect/Merchant/Edit/2692,35EDM-FARMV-TAXVT-W
PUVAFARM,UNCH,1,250826-014251_PUVAFARM_after.png,Yes,Yes,Yes,NA,NA,NA,http://p5zlgintc01:16020/PayDirect/Merchant/Edit/2693,35EDM-FARMV-NOWEB-W
VUVAFARM,Done,1,250826-014257_VUVAFARM_after.png,Yes,Yes,Yes,NA,NA,NA,http://p5zlgintc01:16020/PayDirect/Merchant/Edit/2694,35EDM-FARMV-NVTWB-W
PAVAFARM,UNCH,1,250826-014301_PAVAFARM_after.png,Yes,Yes,Yes,NA,NA,NA,http://p5zlgintc01:16020/PayDirect/Merchant/Edit/2695,35EDM-FARMV-NOARW-W
VAVAFARM,Done,1,250826-014306_VAVAFARM_after.png,Yes,Yes,Yes,NA,NA,NA,http://p5zlgintc01:16020/PayDirect/Merchant/Edit/2696,35EDM-FARMV-NVTAR-W
VMVAFARM,Done,1,250826-014310_VMVAFARM_after.png,Yes,Yes,Yes,NA,NA,NA,http://p5zlgintc01:16020/PayDirect/Merchant/Edit/2697,35EDM-FARMV-NVMIS-W
PTPACALN,UNCH,1,250826-014315_PTPACALN_after.png,Yes,Yes,Yes,NA,NA,NA,http://p5zlgintc01:16020/PayDirect/Merchant/Edit/2700,35EDM-CALNT-TAXWB-W
PUPACALN,UNCH,1,250826-014319_PUPACALN_after.png,Yes,Yes,Yes,NA,NA,NA,http://p5zlgintc01:16020/PayDirect/Merchant/Edit/2701,35EDM-CALNT-NOWEB-W
PAVAAMHT,UNCH,1,250826-014324_PAVAAMHT_after.png,Yes,Yes,Yes,NA,NA,NA,http://p5zlgintc01:16020/PayDirect/Merchant/Edit/2704,35EDM-AMHRT-ARWEB-W
VAVAAMHT,Done,1,250826-014329_VAVAAMHT_after.png,Yes,Yes,Yes,NA,NA,NA,http://p5zlgintc01:16020/PayDirect/Merchant/Edit/2705,35EDM-AMHRT-ARVTW-W
PTNJ1402,UNCH,1,250826-014333_PTNJ1402_after.png,Yes,Yes,Yes,NA,NA,NA,http://p5zlgintc01:16020/PayDirect/Merchant/Edit/2706,35EDM-BOTON-TAXWB-W
VTNJ1402,Done,1,250826-014338_VTNJ1402_after.png,Yes,Yes,Yes,NA,NA,NA,http://p5zlgintc01:16020/PayDirect/Merchant/Edit/2707,35EDM-BOTON-TAXVT-W
PUNJ1402,UNCH,1,250826-015118_PUNJ1402_after.png,Yes,Yes,Yes,NA,NA,NA,http://p5zlgintc01:16020/PayDirect/Merchant/Edit/2708,35EDM-BOTON-NOWEB-W
PTNJ0117,UNCH,1,250826-015123_PTNJ0117_after.png,Yes,Error,Yes,NA,NA,NA,http://p5zlgintc01:16020/PayDirect/Merchant/Edit/2723,35EDM-MULLI-TAXWB-W
PUNJBMUA,UNCH,1,250826-015129_PUNJBMUA_after.png,Yes,Yes,Yes,NA,NA,NA,http://p5zlgintc01:16020/PayDirect/Merchant/Edit/2727,35EDM-BMUAT-NTWEB-W
PUPACATA,UNCH,1,250826-015135_PUPACATA_after.png,Yes,Yes,Yes,NA,NA,NA,http://p5zlgintc01:16020/PayDirect/Merchant/Edit/2728,35EDM-CATAB-NTWEB-W
VUPACATA,Done,1,250826-015140_VUPACATA_after.png,Yes,Yes,Yes,NA,NA,NA,http://p5zlgintc01:16020/PayDirect/Merchant/Edit/2729,35EDM-CATAB-NTVRT-W
VMPACATA,Done,1,250826-015144_VMPACATA_after.png,Yes,Yes,Yes,NA,NA,NA,http://p5zlgintc01:16020/PayDirect/Merchant/Edit/2730,35EDM-CATAB-MISVT-W
PANYNPLZ,UNCH,1,250826-015149_PANYNPLZ_after.png,Yes,Yes,Yes,NA,NA,NA,http://p5zlgintc01:16020/PayDirect/Merchant/Edit/2735,35EDM-NPTNY-ARWEB-W
PUNYNPLZ,UNCH,1,250826-015153_PUNYNPLZ_after.png,Yes,Yes,Yes,NA,NA,NA,http://p5zlgintc01:16020/PayDirect/Merchant/Edit/2737,35EDM-NPTNY-NTWEB-W
PCNYNPLZ,UNCH,1,250826-015158_PCNYNPLZ_after.png,Yes,Yes,Yes,NA,NA,NA,http://p5zlgintc01:16020/PayDirect/Merchant/Edit/2738,35EDM-NPTNY-VARWB-W
VMNYARDS,Done,1,250826-015202_VMNYARDS_after.png,Yes,Yes,Yes,NA,NA,NA,http://p5zlgintc01:16020/PayDirect/Merchant/Edit/2744,35EDM-ARDSV-MISVT-W
VTNYARDS,Done,1,Step1_ImportSites_20260825_014921.png,Error,Yes,Yes,NA,NA,NA,http://p5zlgintc01:16020/PayDirect/Merchant/Edit/2745,35EDM-ARDSV-TAXVT-W
PTNJ2014,UNCH,1,250826-015237_PTNJ2014_after.png,Yes,Yes,Yes,NA,NA,NA,http://p5zlgintc01:16020/PayDirect/Merchant/Edit/2746,35EDM-ROSEL-PDTAX-W
PTNJ1407,UNCH,1,250826-015242_PTNJ1407_after.png,Yes,Yes,Yes,NA,NA,NA,http://p5zlgintc01:16020/PayDirect/Merchant/Edit/2754,35EDM-CHTWP-TAXWB-W
PTNJ1428,UNCH,1,250826-015246_PTNJ1428_after.png,Yes,Yes,Yes,NA,NA,NA,http://p5zlgintc01:16020/PayDirect/Merchant/Edit/2757,35EDM-NETCO-TAXWB-W
PUNJ1428,UNCH,1,250826-015251_PUNJ1428_after.png,Yes,Yes,Yes,NA,NA,NA,http://p5zlgintc01:16020/PayDirect/Merchant/Edit/2758,35EDM-NETCO-NTWEB-W
PTNJ2114,UNCH,1,250826-015255_PTNJ2114_after.png,Yes,Yes,Yes,NA,NA,NA,http://p5zlgintc01:16020/PayDirect/Merchant/Edit/2764,35EDM-LIBER-TAXWB-W
PTNJ0224,UNCH,1,250826-015300_PTNJ0224_after.png,Yes,Yes,Yes,NA,NA,NA,http://p5zlgintc01:16020/PayDirect/Merchant/Edit/2765,35EDM-HARPK-TAXWB-W
VAVAAPPO,Done,1,250826-015304_VAVAAPPO_after.png,Yes,Yes,Yes,NA,NA,NA,http://p5zlgintc01:16020/PayDirect/Merchant/Edit/2775,35EDM-APPMX-ARVTW-W
PAVAAPPO,UNCH,1,250826-015309_PAVAAPPO_after.png,Yes,Yes,Yes,NA,NA,NA,http://p5zlgintc01:16020/PayDirect/Merchant/Edit/2776,35EDM-APPMX-ARWEB-W
PUVAAPPO,UNCH,1,250826-015313_PUVAAPPO_after.png,Yes,Yes,Yes,NA,NA,NA,http://p5zlgintc01:16020/PayDirect/Merchant/Edit/2777,35EDM-APPMX-NOWEB-W
VMVAAPPO,Done,1,250826-015318_VMVAAPPO_after.png,Yes,Yes,Yes,NA,NA,NA,http://p5zlgintc01:16020/PayDirect/Merchant/Edit/2778,35EDM-APPMX-NVMIS-W
VUVAAPPO,Done,1,250826-015323_VUVAAPPO_after.png,Yes,Yes,Yes,NA,NA,NA,http://p5zlgintc01:16020/PayDirect/Merchant/Edit/2779,35EDM-APPMX-NVTWB-W
VTVAAPPO,Done,1,250826-015327_VTVAAPPO_after.png,Yes,Yes,Yes,NA,NA,NA,http://p5zlgintc01:16020/PayDirect/Merchant/Edit/2780,35EDM-APPMX-TAXVT-W
PTVAAPPO,UNCH,1,250826-015332_PTVAAPPO_after.png,Yes,Yes,Yes,NA,NA,NA,http://p5zlgintc01:16020/PayDirect/Merchant/Edit/2781,35EDM-APPMX-TAXWB-W
PCNJ0415,UNCH,1,250826-015336_PCNJ0415_after.png,Yes,Yes,Yes,NA,NA,NA,http://p5zlgintc01:16020/PayDirect/Merchant/Edit/2782,35EDM-GLOUC-VARWB-W
PTGABRNW,UNCH,1,250826-015341_PTGABRNW_after.png,Yes,Yes,Yes,NA,NA,NA,http://p5zlgintc01:16020/PayDirect/Merchant/Edit/2783,35EDM-BRNCY-BRTXW-W
PUGABRNW,UNCH,1,250826-015345_PUGABRNW_after.png,Yes,Yes,Yes,NA,NA,NA,http://p5zlgintc01:16020/PayDirect/Merchant/Edit/2784,35EDM-BRNCY-BRNTW-W
VTGABRNW,Done,1,250826-015350_VTGABRNW_after.png,Yes,Yes,Yes,NA,NA,NA,http://p5zlgintc01:16020/PayDirect/Merchant/Edit/2785,35EDM-BRNCY-BRTVT-W
VUGABRNW,Done,1,250826-015354_VUGABRNW_after.png,Yes,Yes,Yes,NA,NA,NA,http://p5zlgintc01:16020/PayDirect/Merchant/Edit/2786,35EDM-BRNCY-BNTVT-W
VMGABRNW,Done,1,250826-015359_VMGABRNW_after.png,Yes,Yes,Yes,NA,NA,NA,http://p5zlgintc01:16020/PayDirect/Merchant/Edit/2787,35EDM-BRNCY-BMIVT-W
PTVAKING,UNCH,1,250826-015403_PTVAKING_after.png,Yes,Yes,Yes,NA,NA,NA,http://p5zlgintc01:16020/PayDirect/Merchant/Edit/2788,35EDM-KIWIL-KWITW-W
PAVAKING,UNCH,1,250826-015408_PAVAKING_after.png,Yes,Yes,Yes,NA,NA,NA,http://p5zlgintc01:16020/PayDirect/Merchant/Edit/2789,35EDM-KIWIL-KWARW-W
VTVAKING,Done,1,Step1_ImportSites_20260825_014921.png,Error,Yes,Yes,NA,NA,NA,http://p5zlgintc01:16020/PayDirect/Merchant/Edit/2790,35EDM-KIWIL-KWTVT-W
PUNYLEWI,UNCH,1,250826-015443_PUNYLEWI_after.png,Yes,Yes,Yes,NA,NA,NA,http://p5zlgintc01:16020/PayDirect/Merchant/Edit/2793,35EDM-LEWIT-NTWEB-W
PUNYORIS,UNCH,1,250826-015448_PUNYORIS_after.png,Yes,Yes,Yes,NA,NA,NA,http://p5zlgintc01:16020/PayDirect/Merchant/Edit/2794,35EDM-VORIF-NTWEB-W
PTNYORIS,UNCH,1,250826-015452_PTNYORIS_after.png,Yes,Yes,Yes,NA,NA,NA,http://p5zlgintc01:16020/PayDirect/Merchant/Edit/2795,35EDM-VORIF-TAXWB-W
PTNJ0816,UNCH,1,250826-015457_PTNJ0816_after.png,Yes,Yes,Yes,NA,NA,NA,http://p5zlgintc01:16020/PayDirect/Merchant/Edit/2798,35EDM-SHARR-TAXWB-W
VAPACATA,Done,1,250826-015501_VAPACATA_after.png,Yes,Yes,Yes,NA,NA,NA,http://p5zlgintc01:16020/PayDirect/Merchant/Edit/2811,35EDM-CATAB-AREVT-W
PCNYARDS,UNCH,1,250826-015506_PCNYARDS_after.png,Yes,Yes,Yes,NA,NA,NA,http://p5zlgintc01:16020/PayDirect/Merchant/Edit/2812,35EDM-ARDSV-VARWB-W
VUNYLEWI,Done,1,250826-015510_VUNYLEWI_after.png,Yes,Yes,Yes,NA,NA,NA,http://p5zlgintc01:16020/PayDirect/Merchant/Edit/2817,35EDM-LEWIT-LNTVT-W
PAPACALN,UNCH,1,250826-015515_PAPACALN_after.png,Yes,Yes,Yes,NA,NA,NA,http://p5zlgintc01:16020/PayDirect/Merchant/Edit/2819,35EDM-CALNT-NTARW-W
PUNJ0264,UNCH,1,250826-015520_PUNJ0264_after.png,Yes,Yes,Yes,NA,NA,NA,http://p5zlgintc01:16020/PayDirect/Merchant/Edit/2823,35EDM-WALWI-NOWEB-W
PTNJ0264,UNCH,1,250826-015524_PTNJ0264_after.png,Yes,Yes,Yes,NA,NA,NA,http://p5zlgintc01:16020/PayDirect/Merchant/Edit/2824,35EDM-WALWI-TAXWB-W
PANJ0264,UNCH,1,250826-015529_PANJ0264_after.png,Yes,Yes,Yes,NA,NA,NA,http://p5zlgintc01:16020/PayDirect/Merchant/Edit/2827,35EDM-WALWI-ARWEB-W
VTNYWTER,Done,1,250826-015533_VTNYWTER_after.png,Yes,Yes,Yes,NA,NA,NA,http://p5zlgintc01:16020/PayDirect/Merchant/Edit/2832,35EDM-WVLIT-TAXVT-W
PANYWTER,UNCH,1,250826-015538_PANYWTER_after.png,Yes,Yes,Yes,NA,NA,NA,http://p5zlgintc01:16020/PayDirect/Merchant/Edit/2833,35EDM-WVLIT-NOARW-W
PCNYWTER,UNCH,1,250826-015542_PCNYWTER_after.png,Yes,Yes,Yes,NA,NA,NA,http://p5zlgintc01:16020/PayDirect/Merchant/Edit/2834,35EDM-WVLIT-NOVAR-W
PTNYWTER,UNCH,1,250826-015547_PTNYWTER_after.png,Yes,Yes,Yes,NA,NA,NA,http://p5zlgintc01:16020/PayDirect/Merchant/Edit/2835,35EDM-WVLIT-TAXWB-W
PUNYWTER,UNCH,1,250826-015551_PUNYWTER_after.png,Yes,Yes,Yes,NA,NA,NA,http://p5zlgintc01:16020/PayDirect/Merchant/Edit/2836,35EDM-WVLIT-NOWEB-W
VANYWTER,Done,1,Step1_ImportSites_20260825_014921.png,Error,Yes,Yes,NA,NA,NA,http://p5zlgintc01:16020/PayDirect/Merchant/Edit/2837,35EDM-WVLIT-NVTAR-W
VMNYWTER,Done,1,250826-020502_VMNYWTER_after.png,Yes,Yes,Yes,NA,NA,NA,http://p5zlgintc01:16020/PayDirect/Merchant/Edit/2838,35EDM-WVLIT-NVMIS-W
VUNYWTER,Done,1,250826-020506_VUNYWTER_after.png,Yes,Yes,Yes,NA,NA,NA,http://p5zlgintc01:16020/PayDirect/Merchant/Edit/2839,35EDM-WVLIT-NVTWB-W
PCPABRAD,UNCH,1,250826-020511_PCPABRAD_after.png,Yes,Yes,Yes,NA,NA,NA,http://p5zlgintc01:16020/PayDirect/Merchant/Edit/2848,35EDM-BRADF-VARWB-W
PTPABRAD,UNCH,1,250826-020515_PTPABRAD_after.png,Yes,Yes,Yes,NA,NA,NA,http://p5zlgintc01:16020/PayDirect/Merchant/Edit/2849,35EDM-BRADF-TAXWB-W
VTPABRAD,Done,1,250826-020520_VTPABRAD_after.png,Yes,Yes,Yes,NA,NA,NA,http://p5zlgintc01:16020/PayDirect/Merchant/Edit/2851,35EDM-BRADF-TAXVT-W
VUPABRAD,Done,1,250826-020524_VUPABRAD_after.png,Yes,Yes,Yes,NA,NA,NA,http://p5zlgintc01:16020/PayDirect/Merchant/Edit/2852,35EDM-BRADF-NTXVT-W
VMPABRAD,Done,1,250826-020529_VMPABRAD_after.png,Yes,Yes,Yes,NA,NA,NA,http://p5zlgintc01:16020/PayDirect/Merchant/Edit/2853,35EDM-BRADF-MISVT-W
PUPAWORM,UNCH,1,250826-020533_PUPAWORM_after.png,Yes,Yes,Yes,NA,NA,NA,http://p5zlgintc01:16020/PayDirect/Merchant/Edit/2854,35EDM-WORMS-NOWEB-W
PANCARDL,UNCH,1,250826-020538_PANCARDL_after.png,Yes,Yes,Yes,NA,NA,NA,http://p5zlgintc01:16020/PayDirect/Merchant/Edit/2857,35EDM-ARCNT-ACARW-W
PCGAHOME,UNCH,1,250826-020542_PCGAHOME_after.png,Yes,Yes,Yes,NA,NA,NA,http://p5zlgintc01:16020/PayDirect/Merchant/Edit/2859,35EDM-HOMER-HNTVW-W
PUSCSIUC,UNCH,1,250826-020547_PUSCSIUC_after.png,Yes,Yes,Yes,NA,NA,NA,http://p5zlgintc01:16020/PayDirect/Merchant/Edit/2863,35EDM-SEABR-NOWEB-W
PUNJ1302,UNCH,1,250826-020551_PUNJ1302_after.png,Yes,Yes,Yes,NA,NA,NA,http://p5zlgintc01:16020/PayDirect/Merchant/Edit/2870,35EDM-AHRST-NOWEB-W
PTNJ1302,UNCH,1,250826-020556_PTNJ1302_after.png,Yes,Yes,Yes,NA,NA,NA,http://p5zlgintc01:16020/PayDirect/Merchant/Edit/2871,35EDM-AHRST-TAXWB-W
PUNYPEND,UNCH,1,250826-020601_PUNYPEND_after.png,Yes,Yes,Yes,NA,NA,NA,http://p5zlgintc01:16020/PayDirect/Merchant/Edit/2875,35EDM-PENDL-NOWEB-W
PTNJ1610,UNCH,1,250826-020606_PTNJ1610_after.png,Yes,Yes,Yes,NA,NA,NA,http://p5zlgintc01:16020/PayDirect/Merchant/Edit/2878,35EDM-PROSP-TAXWB-W
PTNJ1203,UNCH,1,250826-020610_PTNJ1203_after.png,Yes,Yes,Yes,NA,NA,NA,http://p5zlgintc01:16020/PayDirect/Merchant/Edit/2882,35EDM-DUNEL-TAXWB-W
PUNJ1203,UNCH,1,250826-020615_PUNJ1203_after.png,Yes,Yes,Yes,NA,NA,NA,http://p5zlgintc01:16020/PayDirect/Merchant/Edit/2883,35EDM-DUNEL-NOWEB-W
PTNYOSNV,UNCH,1,250826-020619_PTNYOSNV_after.png,Yes,Yes,Yes,NA,NA,NA,http://p5zlgintc01:16020/PayDirect/Merchant/Edit/2891,35EDM-OSSIN-TAXWB-W
PUNYOSNV,UNCH,1,250826-020624_PUNYOSNV_after.png,Yes,Yes,Yes,NA,NA,NA,http://p5zlgintc01:16020/PayDirect/Merchant/Edit/2894,35EDM-OSSIN-NTWEB-W
PCNCATLB,UNCH,1,250826-020628_PCNCATLB_after.png,Yes,Yes,Yes,NA,NA,NA,http://p5zlgintc01:16020/PayDirect/Merchant/Edit/2897,35EDM-ATBEA-VAWEB-W
PTNCATLB,UNCH,1,250826-020633_PTNCATLB_after.png,Yes,Yes,Yes,NA,NA,NA,http://p5zlgintc01:16020/PayDirect/Merchant/Edit/2898,35EDM-ATBEA-TAXWB-W
VTNCATLB,Done,1,250826-020638_VTNCATLB_after.png,Yes,Yes,Yes,NA,NA,NA,http://p5zlgintc01:16020/PayDirect/Merchant/Edit/2899,35EDM-ATBEA-TAXVT-W
PUNCATLB,UNCH,1,250826-020642_PUNCATLB_after.png,Yes,Yes,Yes,NA,NA,NA,http://p5zlgintc01:16020/PayDirect/Merchant/Edit/2900,35EDM-ATBEA-NTWEB-W
VUNCATLB,Done,1,250826-020647_VUNCATLB_after.png,Yes,Yes,Yes,NA,NA,NA,http://p5zlgintc01:16020/PayDirect/Merchant/Edit/2901,35EDM-ATBEA-NTVIT-W
VMNCATLB,Done,1,250826-020651_VMNCATLB_after.png,Yes,Yes,Yes,NA,NA,NA,http://p5zlgintc01:16020/PayDirect/Merchant/Edit/2902,35EDM-ATBEA-MSVIT-W
PANCATLB,UNCH,1,250826-020656_PANCATLB_after.png,Yes,Yes,Yes,NA,NA,NA,http://p5zlgintc01:16020/PayDirect/Merchant/Edit/2904,35EDM-ATBEA-ARWEB-W
VANCATLB,Done,1,250826-020700_VANCATLB_after.png,Yes,Yes,Yes,NA,NA,NA,http://p5zlgintc01:16020/PayDirect/Merchant/Edit/2905,35EDM-ATBEA-ARVIT-W
PWNJ1406,UNCH,1,250826-020711_PWNJ1406_after.png,Yes,Yes,Yes,NA,NA,NA,http://p5zlgintc01:16020/PayDirect/Merchant/Edit/2906,35EDM-CHETR-VARSW-W
VAGAHOSP,Done,1,250826-020716_VAGAHOSP_after.png,Yes,Yes,Yes,NA,NA,NA,http://p5zlgintc01:16020/PayDirect/Merchant/Edit/2907,35EDM-COHSP-ARVRT-W
PAGAHOSP,UNCH,1,250826-020720_PAGAHOSP_after.png,Yes,Yes,Yes,NA,NA,NA,http://p5zlgintc01:16020/PayDirect/Merchant/Edit/2908,35EDM-COHSP-ARWEB-W
VMGAHOSP,Done,1,250826-020726_VMGAHOSP_after.png,Yes,Yes,Yes,NA,NA,NA,http://p5zlgintc01:16020/PayDirect/Merchant/Edit/2909,35EDM-COHSP-MISVT-W
VPGAHOSP,Done,1,250826-020731_VPGAHOSP_after.png,Yes,Yes,Yes,NA,NA,NA,http://p5zlgintc01:16020/PayDirect/Merchant/Edit/2910,35EDM-COHSP-PRMVT-W
VTGAHOSP,Done,1,250826-020735_VTGAHOSP_after.png,Yes,Yes,Yes,NA,NA,NA,http://p5zlgintc01:16020/PayDirect/Merchant/Edit/2911,35EDM-COHSP-TAXVT-W
PTGAHOSP,UNCH,1,250826-020740_PTGAHOSP_after.png,Yes,Yes,Yes,NA,NA,NA,http://p5zlgintc01:16020/PayDirect/Merchant/Edit/2912,35EDM-COHSP-TXWEB-W
PUNJ0243,UNCH,1,250826-020745_PUNJ0243_after.png,Yes,Yes,Yes,NA,NA,NA,http://p5zlgintc01:16020/PayDirect/Merchant/Edit/2915,35EDM-TAPPN-NTSEW-W
PUGABRAS,UNCH,1,250826-020750_PUGABRAS_after.png,Yes,Yes,Yes,NA,NA,NA,http://p5zlgintc01:16020/PayDirect/Merchant/Edit/2921,35EDM-BRASL-NOTXW-W
VUGACLAX,Done,1,250826-020754_VUGACLAX_after.png,Yes,Yes,Yes,NA,NA,NA,http://p5zlgintc01:16020/PayDirect/Merchant/Edit/2922,35EDM-CLAXT-NTXVT-W
VTGACLAX,Done,1,250826-020759_VTGACLAX_after.png,Yes,Yes,Yes,NA,NA,NA,http://p5zlgintc01:16020/PayDirect/Merchant/Edit/2923,35EDM-CLAXT-TAXVT-W
VMGACLAX,Done,1,250826-020803_VMGACLAX_after.png,Yes,Yes,Yes,NA,NA,NA,http://p5zlgintc01:16020/PayDirect/Merchant/Edit/2924,35EDM-CLAXT-MISVT-W
PTPA68,UNCH,2,250826-020808_PTPA68_after.png,Yes,Yes,Yes,NA,NA,NA,http://p5zlgintc01:16020/PayDirect/Merchant/Edit/2925,35EDM-CARCY-CATWB-W
VMPA68,UNCH,1,250826-020812_VMPA68_after.png,Yes,Yes,Yes,NA,NA,NA,http://p5zlgintc01:16020/PayDirect/Merchant/Edit/2926,35EDM-CARCY-CMIVT-W
VTPA68,UNCH,2,250826-020818_VTPA68_after.png,Yes,Yes,Yes,NA,NA,NA,http://p5zlgintc01:16020/PayDirect/Merchant/Edit/2927,35EDM-CARCY-CATVT-W
PTNJ0226,UNCH,1,250826-020822_PTNJ0226_after.png,Yes,Yes,Yes,NA,NA,NA,http://p5zlgintc01:16020/PayDirect/Merchant/Edit/2930,35EDM-HARBO-TAXWB-W
PTNYLACK,UNCH,1,250826-020827_PTNYLACK_after.png,Yes,Yes,Yes,NA,NA,NA,http://p5zlgintc01:16020/PayDirect/Merchant/Edit/2932,35EDM-LAWCY-LATWB-W
VMNYLACK,Done,1,250826-020831_VMNYLACK_after.png,Yes,Yes,Yes,NA,NA,NA,http://p5zlgintc01:16020/PayDirect/Merchant/Edit/2933,35EDM-LAWCY-LMIVT-W
VTNYLACK,Done,1,250826-020836_VTNYLACK_after.png,Yes,Yes,Yes,NA,NA,NA,http://p5zlgintc01:16020/PayDirect/Merchant/Edit/2934,35EDM-LAWCY-LATVT-W
VTPA68SD,Done,0,250826-020840_VTPA68SD_after.png,Yes,Yes,Yes,NA,NA,NA,http://p5zlgintc01:16020/PayDirect/Merchant/Edit/2944,35EDM-CARBO-TAXVT-W
PTPA68SD,UNCH,0,250826-020845_PTPA68SD_after.png,Yes,Yes,Yes,NA,NA,NA,http://p5zlgintc01:16020/PayDirect/Merchant/Edit/2945,35EDM-CARBO-TAXWB-W
PTMDCRIS,UNCH,1,250826-020850_PTMDCRIS_after.png,Yes,Yes,Yes,NA,NA,NA,http://p5zlgintc01:16020/PayDirect/Merchant/Edit/2948,35EDM-CICRI-TAXWB-W
PUMDCRIS,UNCH,1,250826-020854_PUMDCRIS_after.png,Yes,Yes,Yes,NA,NA,NA,http://p5zlgintc01:16020/PayDirect/Merchant/Edit/2949,35EDM-CICRI-NTWEB-W
VTMDCRIS,Done,1,250826-021740_VTMDCRIS_after.png,Yes,Yes,Yes,NA,NA,NA,http://p5zlgintc01:16020/PayDirect/Merchant/Edit/2950,35EDM-CICRI-TAXVT-W
VUMDCRIS,Done,1,250826-021744_VUMDCRIS_after.png,Yes,Yes,Yes,NA,NA,NA,http://p5zlgintc01:16020/PayDirect/Merchant/Edit/2951,35EDM-CICRI-NTXVT-W
VMMDCRIS,Done,1,250826-021749_VMMDCRIS_after.png,Yes,Yes,Yes,NA,NA,NA,http://p5zlgintc01:16020/PayDirect/Merchant/Edit/2952,35EDM-CICRI-MISVT-W
PUNJ2123,UNCH,1,250826-021753_PUNJ2123_after.png,Yes,Yes,Yes,NA,NA,NA,http://p5zlgintc01:16020/PayDirect/Merchant/Edit/2953,35EDM-WHTWP-NOWEB-W
PTNJ2123,UNCH,1,250826-021759_PTNJ2123_after.png,Yes,Yes,Yes,NA,NA,NA,http://p5zlgintc01:16020/PayDirect/Merchant/Edit/2956,35EDM-WHTWP-TAXWB-W
PUNJBUA1,UNCH,1,250826-021803_PUNJBUA1_after.png,Yes,Yes,Yes,NA,NA,NA,http://p5zlgintc01:16020/PayDirect/Merchant/Edit/2960,35EDM-BERKT-NTWEB-W
PUVABUCH,UNCH,1,250826-021808_PUVABUCH_after.png,Yes,Yes,Yes,NA,NA,NA,http://p5zlgintc01:16020/PayDirect/Merchant/Edit/2964,35EDM-BCHAN-BCNTW-W
PUNJ0265,UNCH,1,250826-021812_PUNJ0265_after.png,Yes,Yes,Yes,NA,NA,NA,http://p5zlgintc01:16020/PayDirect/Merchant/Edit/2971,35EDM-WALBO-NTWEB-W
VUGAALMA,Done,1,250826-021817_VUGAALMA_after.png,Yes,Yes,Yes,NA,NA,NA,http://p5zlgintc01:16020/PayDirect/Merchant/Edit/2972,35EDM-ALMAC-NTXVT-W
PUGAALMA,UNCH,1,250826-021821_PUGAALMA_after.png,Yes,Yes,Yes,NA,NA,NA,http://p5zlgintc01:16020/PayDirect/Merchant/Edit/2973,35EDM-ALMAC-NTWEB-W
VDGAALMA,Done,1,250826-021826_VDGAALMA_after.png,Yes,Yes,Yes,NA,NA,NA,http://p5zlgintc01:16020/PayDirect/Merchant/Edit/2974,35EDM-ALMAC-NTDVT-W
VMGAALMA,Done,1,250826-021830_VMGAALMA_after.png,Yes,Yes,Yes,NA,NA,NA,http://p5zlgintc01:16020/PayDirect/Merchant/Edit/2975,35EDM-ALMAC-MISVT-W
PTNJ0265,UNCH,1,250826-021835_PTNJ0265_after.png,Yes,Yes,Yes,NA,NA,NA,http://p5zlgintc01:16020/PayDirect/Merchant/Edit/2978,35EDM-WALBO-TAXWB-W
PANCZEBU,UNCH,1,250826-021840_PANCZEBU_after.png,Yes,Yes,Yes,NA,NA,NA,http://p5zlgintc01:16020/PayDirect/Merchant/Edit/2983,35EDM-ZBLON-ZBARW-W
VANCZEBU,UNCH,1,250826-021845_VANCZEBU_after.png,Yes,Yes,Yes,NA,NA,NA,http://p5zlgintc01:16020/PayDirect/Merchant/Edit/2984,35EDM-ZBLON-ZARVT-W
VMNCZEBU,UNCH,1,250826-021849_VMNCZEBU_after.png,Yes,Yes,Yes,NA,NA,NA,http://p5zlgintc01:16020/PayDirect/Merchant/Edit/2985,35EDM-ZBLON-ZMIVT-W
PTNJ1111,UNCH,1,250826-021854_PTNJ1111_after.png,Yes,Yes,Yes,NA,NA,NA,http://p5zlgintc01:16020/PayDirect/Merchant/Edit/3012,35EDM-TRENT-TAXWB-W
PCNJ0712,UNCH,1,250826-021858_PCNJ0712_after.png,Yes,Yes,Yes,NA,NA,NA,http://p5zlgintc01:16020/PayDirect/Merchant/Edit/3016,35EDM-MILLB-VARWB-W
PUPA68,UNCH,1,250826-021903_PUPA68_after.png,Yes,Yes,Yes,NA,NA,NA,http://p5zlgintc01:16020/PayDirect/Merchant/Edit/3032,35EDM-CARCY-NOWEB-W
PUNJLVMU,UNCH,1,250826-021907_PUNJLVMU_after.png,Yes,Yes,Yes,NA,NA,NA,http://p5zlgintc01:16020/PayDirect/Merchant/Edit/3033,35EDM-LAMUA-NOWEB-W
PSNJ1315,UNCH,1,250826-021912_PSNJ1315_after.png,Yes,Yes,Yes,NA,NA,NA,http://p5zlgintc01:16020/PayDirect/Merchant/Edit/3040,35EDM-BFARM-NTSEW-W
PUNJ1315,UNCH,1,250826-021917_PUNJ1315_after.png,Yes,Yes,Yes,NA,NA,NA,http://p5zlgintc01:16020/PayDirect/Merchant/Edit/3041,35EDM-BFARM-NTWEB-W
PTNJ1315,UNCH,1,250826-021922_PTNJ1315_after.png,Yes,Yes,Yes,NA,NA,NA,http://p5zlgintc01:16020/PayDirect/Merchant/Edit/3042,35EDM-BFARM-TAXWB-W
PTNJ0432,UNCH,1,250826-021926_PTNJ0432_after.png,Yes,Yes,Yes,NA,NA,NA,http://p5zlgintc01:16020/PayDirect/Merchant/Edit/3043,35EDM-STRAB-TAXWB-W
PUNJ0432,UNCH,1,250826-021931_PUNJ0432_after.png,Yes,Yes,Yes,NA,NA,NA,http://p5zlgintc01:16020/PayDirect/Merchant/Edit/3044,35EDM-STRAB-NTWEB-W
PTNJ1347,UNCH,1,250826-021936_PTNJ1347_after.png,Yes,Yes,Yes,NA,NA,NA,http://p5zlgintc01:16020/PayDirect/Merchant/Edit/3048,35EDM-BOSPL-TAXWB-W
PUNJ1347,UNCH,1,250826-021941_PUNJ1347_after.png,Yes,Yes,Yes,NA,NA,NA,http://p5zlgintc01:16020/PayDirect/Merchant/Edit/3049,35EDM-BOSPL-NTWEB-W
PANJ1614,UNCH,1,250826-021945_PANJ1614_after.png,Yes,Yes,Yes,NA,NA,NA,http://p5zlgintc01:16020/PayDirect/Merchant/Edit/3054,35EDM-WAYNE-WNTAR-W
PCNJ1614,UNCH,1,250826-021950_PCNJ1614_after.png,Yes,Yes,Yes,NA,NA,NA,http://p5zlgintc01:16020/PayDirect/Merchant/Edit/3055,35EDM-WAYNE-WNTVW-W
PUNCNASH,UNCH,1,250826-021954_PUNCNASH_after.png,Yes,Yes,Yes,NA,NA,NA,http://p5zlgintc01:16020/PayDirect/Merchant/Edit/3057,35EDM-NASHT-NOWEB-W
PTNCNASH,UNCH,1,250826-021959_PTNCNASH_after.png,Yes,Yes,Yes,NA,NA,NA,http://p5zlgintc01:16020/PayDirect/Merchant/Edit/3059,35EDM-NASHT-TAXWB-W
VUNCNASH,Done,1,250826-022003_VUNCNASH_after.png,Yes,Yes,Yes,NA,NA,NA,http://p5zlgintc01:16020/PayDirect/Merchant/Edit/3060,35EDM-NASHT-NVTWB-W
VMNCNASH,Done,1,250826-022008_VMNCNASH_after.png,Yes,Yes,Yes,NA,NA,NA,http://p5zlgintc01:16020/PayDirect/Merchant/Edit/3062,35EDM-NASHT-NVMIS-W
VTNCNASH,Done,1,250826-022012_VTNCNASH_after.png,Yes,Yes,Yes,NA,NA,NA,http://p5zlgintc01:16020/PayDirect/Merchant/Edit/3063,35EDM-NASHT-TAXVT-W
PTNJ1213,UNCH,1,250826-022017_PTNJ1213_after.png,Yes,Yes,Yes,NA,NA,NA,http://p5zlgintc01:16020/PayDirect/Merchant/Edit/3065,35EDM-BRUNE-TAXWB-W
PUNJ1213,UNCH,1,250826-022022_PUNJ1213_after.png,Yes,Yes,Yes,NA,NA,NA,http://p5zlgintc01:16020/PayDirect/Merchant/Edit/3067,35EDM-BRUNE-NOWEB-W
PUNJMLUA,UNCH,1,250826-022026_PUNJMLUA_after.png,Yes,Yes,Yes,NA,NA,NA,http://p5zlgintc01:16020/PayDirect/Merchant/Edit/3070,35EDM-MLMUA-NTWEB-W
PCNJ1302,UNCH,1,250826-022031_PCNJ1302_after.png,Yes,Yes,Yes,NA,NA,NA,http://p5zlgintc01:16020/PayDirect/Merchant/Edit/3073,35EDM-AHRST-VARWB-W
VAGASOFU,Done,1,250826-022035_VAGASOFU_after.png,Yes,Yes,Yes,NA,NA,NA,http://p5zlgintc01:16020/PayDirect/Merchant/Edit/3078,35EDM-SOFUL-ARRVT-W
PAPABRAD,UNCH,1,250826-022040_PAPABRAD_after.png,Yes,Yes,Yes,NA,NA,NA,http://p5zlgintc01:16020/PayDirect/Merchant/Edit/3084,35EDM-BRADF-ARWEB-W
VAPABRAD,Done,1,250826-022044_VAPABRAD_after.png,Yes,Yes,Yes,NA,NA,NA,http://p5zlgintc01:16020/PayDirect/Merchant/Edit/3085,35EDM-BRADF-ARVTE-W
PTNJ0202,UNCH,1,250826-022049_PTNJ0202_after.png,Yes,Yes,Yes,NA,NA,NA,http://p5zlgintc01:16020/PayDirect/Merchant/Edit/3092,35EDM-BOALP-ALBTW-W
PCNYLACK,UNCH,1,250826-022053_PCNYLACK_after.png,Yes,Yes,Yes,NA,NA,NA,http://p5zlgintc01:16020/PayDirect/Merchant/Edit/3095,35EDM-LAWCY-VARWB-W
PTNJ0508,UNCH,1,250826-022058_PTNJ0508_after.png,Yes,Yes,Yes,NA,NA,NA,http://p5zlgintc01:16020/PayDirect/Merchant/Edit/3098,35EDM-ONCTY-OCYTW-W
PUNJ0508,UNCH,1,250826-022102_PUNJ0508_after.png,Yes,Yes,Yes,NA,NA,NA,http://p5zlgintc01:16020/PayDirect/Merchant/Edit/3101,35EDM-ONCTY-OCNTW-W
PTDEMVDE,UNCH,1,250826-022107_PTDEMVDE_after.png,Yes,Yes,Yes,NA,NA,NA,http://p5zlgintc01:16020/PayDirect/Merchant/Edit/3103,35EDM-MLVLE-MLTWB-W
VTDEMVDE,Done,1,250826-022111_VTDEMVDE_after.png,Yes,Yes,Yes,NA,NA,NA,http://p5zlgintc01:16020/PayDirect/Merchant/Edit/3104,35EDM-MLVLE-MLTVT-W
PADEMVDE,UNCH,1,250826-022116_PADEMVDE_after.png,Yes,Yes,Yes,NA,NA,NA,http://p5zlgintc01:16020/PayDirect/Merchant/Edit/3105,35EDM-MLVLE-MLARW-W
VADEMVDE,Done,1,250826-022121_VADEMVDE_after.png,Yes,Yes,Yes,NA,NA,NA,http://p5zlgintc01:16020/PayDirect/Merchant/Edit/3107,35EDM-MLVLE-MARVT-W
PFNJ1219,UNCH,1,250826-022125_PFNJ1219_after.png,Yes,Yes,Yes,NA,NA,NA,http://p5zlgintc01:16020/PayDirect/Merchant/Edit/3109,35EDM-SAYNT-FAWEB-W
PUDEMILT,NA,NA,NA,NA,NA,NA,NA,NA,NA,NA,NA
PADEMILT,NA,NA,NA,NA,NA,NA,NA,NA,NA,NA,NA
VADEMILT,NA,NA,NA,NA,NA,NA,NA,NA,NA,NA,NA
VUDEMILT,NA,NA,NA,NA,NA,NA,NA,NA,NA,NA,NA
PTDEMILT,NA,NA,NA,NA,NA,NA,NA,NA,NA,NA,NA
VTDEMILT,NA,NA,NA,NA,NA,NA,NA,NA,NA,NA,NA
PUNYTOGN,NA,NA,NA,NA,NA,NA,NA,NA,NA,NA,NA
PUNYGROT,NA,NA,NA,NA,NA,NA,NA,NA,NA,NA,NA
PASCBELT,NA,NA,NA,NA,NA,NA,NA,NA,NA,NA,NA
VMNJ0610,NA,NA,NA,NA,NA,NA,NA,NA,NA,NA,NA
VTNJ0610,NA,NA,NA,NA,NA,NA,NA,NA,NA,NA,NA
VUNJ0610,NA,NA,NA,NA,NA,NA,NA,NA,NA,NA,NA
PTNYIRVI,NA,NA,NA,NA,NA,NA,NA,NA,NA,NA,NA
PTNJ0237,NA,NA,NA,NA,NA,NA,NA,NA,NA,NA,NA
PUNJ0237,NA,NA,NA,NA,NA,NA,NA,NA,NA,NA,NA
PTNJ1815,NA,NA,NA,NA,NA,NA,NA,NA,NA,NA,NA
PUNJ1815,NA,NA,NA,NA,NA,NA,NA,NA,NA,NA,NA
PTNJ1114,NA,NA,NA,NA,NA,NA,NA,NA,NA,NA,NA
PUNJ1114,NA,NA,NA,NA,NA,NA,NA,NA,NA,NA,NA
PUNYWHEA,NA,NA,NA,NA,NA,NA,NA,NA,NA,NA,NA
VUNYWHEA,NA,NA,NA,NA,NA,NA,NA,NA,NA,NA,NA
PUNJ0420,NA,NA,NA,NA,NA,NA,NA,NA,NA,NA,NA
PANJ0112,NA,NA,NA,NA,NA,NA,NA,NA,NA,NA,NA
PCNJ0112,NA,NA,NA,NA,NA,NA,NA,NA,NA,NA,NA
VTNYPOUG,NA,NA,NA,NA,NA,NA,NA,NA,NA,NA,NA
PTNYPOUG,NA,NA,NA,NA,NA,NA,NA,NA,NA,NA,NA
PCNJ2001,NA,NA,NA,NA,NA,NA,NA,NA,NA,NA,NA
PTNJ1430,NA,NA,NA,NA,NA,NA,NA,NA,NA,NA,NA
PTNJ1411,NA,NA,NA,NA,NA,NA,NA,NA,NA,NA,NA
PSNJ1411,NA,NA,NA,NA,NA,NA,NA,NA,NA,NA,NA
PUNJ1411,NA,NA,NA,NA,NA,NA,NA,NA,NA,NA,NA
PCNJ0319,NA,NA,NA,NA,NA,NA,NA,NA,NA,NA,NA
PTNJ1433,NA,NA,NA,NA,NA,NA,NA,NA,NA,NA,NA
PCNJ1433,NA,NA,NA,NA,NA,NA,NA,NA,NA,NA,NA
VTNJ0324,NA,NA,NA,NA,NA,NA,NA,NA,NA,NA,NA
VMNJ0324,NA,NA,NA,NA,NA,NA,NA,NA,NA,NA,NA
VANJ0610,NA,NA,NA,NA,NA,NA,NA,NA,NA,NA,NA
PUNYRDLV,NA,NA,NA,NA,NA,NA,NA,NA,NA,NA,NA
PANCMARI,NA,NA,NA,NA,NA,NA,NA,NA,NA,NA,NA
PTNCMARI,NA,NA,NA,NA,NA,NA,NA,NA,NA,NA,NA
PUNJ0229,NA,NA,NA,NA,NA,NA,NA,NA,NA,NA,NA
PTNJ1818,NA,NA,NA,NA,NA,NA,NA,NA,NA,NA,NA
PAKYCRHI,NA,NA,NA,NA,NA,NA,NA,NA,NA,NA,NA
PTKYCRHI,NA,NA,NA,NA,NA,NA,NA,NA,NA,NA,NA
PTNJ1024,NA,NA,NA,NA,NA,NA,NA,NA,NA,NA,NA
PSNJ1024,NA,NA,NA,NA,NA,NA,NA,NA,NA,NA,NA
PUNJ1024,NA,NA,NA,NA,NA,NA,NA,NA,NA,NA,NA
PPNJ1320,NA,NA,NA,NA,NA,NA,NA,NA,NA,NA,NA
PCNJ0407,NA,NA,NA,NA,NA,NA,NA,NA,NA,NA,NA
PANCWEDD,NA,NA,NA,NA,NA,NA,NA,NA,NA,NA,NA
PTNCWEDD,NA,NA,NA,NA,NA,NA,NA,NA,NA,NA,NA
VANCWEDD,NA,NA,NA,NA,NA,NA,NA,NA,NA,NA,NA
VTNCWEDD,NA,NA,NA,NA,NA,NA,NA,NA,NA,NA,NA
VMNCWEDD,NA,NA,NA,NA,NA,NA,NA,NA,NA,NA,NA
PAPACONS,NA,NA,NA,NA,NA,NA,NA,NA,NA,NA,NA
PCPACONS,NA,NA,NA,NA,NA,NA,NA,NA,NA,NA,NA
PUFLDUND,NA,NA,NA,NA,NA,NA,NA,NA,NA,NA,NA
PUNJ1421,NA,NA,NA,NA,NA,NA,NA,NA,NA,NA,NA
PTNYWPFV,NA,NA,NA,NA,NA,NA,NA,NA,NA,NA,NA
PWNYWPFV,NA,NA,NA,NA,NA,NA,NA,NA,NA,NA,NA
PSNYWPFV,NA,NA,NA,NA,NA,NA,NA,NA,NA,NA,NA
PUNYWPFV,NA,NA,NA,NA,NA,NA,NA,NA,NA,NA,NA
PUNYHIGH,NA,NA,NA,NA,NA,NA,NA,NA,NA,NA,NA
PSNYHIGH,NA,NA,NA,NA,NA,NA,NA,NA,NA,NA,NA
PWNYHIGH,NA,NA,NA,NA,NA,NA,NA,NA,NA,NA,NA
PUGAPORT,NA,NA,NA,NA,NA,NA,NA,NA,NA,NA,NA
PAGAPORT,NA,NA,NA,NA,NA,NA,NA,NA,NA,NA,NA
PUGACRSP,NA,NA,NA,NA,NA,NA,NA,NA,NA,NA,NA
PAGACRSP,NA,NA,NA,NA,NA,NA,NA,NA,NA,NA,NA
PUNJ1102,NA,NA,NA,NA,NA,NA,NA,NA,NA,NA,NA
PTNJ1102,NA,NA,NA,NA,NA,NA,NA,NA,NA,NA,NA
PAPAEGOS,NA,NA,NA,NA,NA,NA,NA,NA,NA,NA,NA
PUPAEGOS,NA,NA,NA,NA,NA,NA,NA,NA,NA,NA,NA
PUMDGRET,NA,NA,NA,NA,NA,NA,NA,NA,NA,NA,NA
PUMDGREN,NA,NA,NA,NA,NA,NA,NA,NA,NA,NA,NA
PUNYBLAK,NA,NA,NA,NA,NA,NA,NA,NA,NA,NA,NA
VAKYCRHI,NA,NA,NA,NA,NA,NA,NA,NA,NA,NA,NA
VMKYCRHI,NA,NA,NA,NA,NA,NA,NA,NA,NA,NA,NA
VTKYCRHI,NA,NA,NA,NA,NA,NA,NA,NA,NA,NA,NA
VANCMARI,NA,NA,NA,NA,NA,NA,NA,NA,NA,NA,NA
VMNCMARI,NA,NA,NA,NA,NA,NA,NA,NA,NA,NA,NA
VTNCMARI,NA,NA,NA,NA,NA,NA,NA,NA,NA,NA,NA
PUNJ1504,NA,NA,NA,NA,NA,NA,NA,NA,NA,NA,NA
PTNJ1504,NA,NA,NA,NA,NA,NA,NA,NA,NA,NA,NA
PUNYORLT,NA,NA,NA,NA,NA,NA,NA,NA,NA,NA,NA
PCALCALE,NA,NA,NA,NA,NA,NA,NA,NA,NA,NA,NA
PAALCALE,NA,NA,NA,NA,NA,NA,NA,NA,NA,NA,NA
PCKYCRHI,NA,NA,NA,NA,NA,NA,NA,NA,NA,NA,NA
PAGAACWR,NA,NA,NA,NA,NA,NA,NA,NA,NA,NA,NA
PTKYPKIS,NA,NA,NA,NA,NA,NA,NA,NA,NA,NA,NA
PCNJ1515,NA,NA,NA,NA,NA,NA,NA,NA,NA,NA,NA
PCPAWASH,NA,NA,NA,NA,NA,NA,NA,NA,NA,NA,NA
PTPAWASH,NA,NA,NA,NA,NA,NA,NA,NA,NA,NA,NA
PUPAWASH,NA,NA,NA,NA,NA,NA,NA,NA,NA,NA,NA
PAPAWASH,NA,NA,NA,NA,NA,NA,NA,NA,NA,NA,NA
PTGAQUIT,NA,NA,NA,NA,NA,NA,NA,NA,NA,NA,NA
PUGAQUIT,NA,NA,NA,NA,NA,NA,NA,NA,NA,NA,NA
PUNCBRWS,NA,NA,NA,NA,NA,NA,NA,NA,NA,NA,NA
VTGAACWR,NA,NA,NA,NA,NA,NA,NA,NA,NA,NA,NA
VAGAACWR,NA,NA,NA,NA,NA,NA,NA,NA,NA,NA,NA
VUGAACWR,NA,NA,NA,NA,NA,NA,NA,NA,NA,NA,NA
VMGAACWR,NA,NA,NA,NA,NA,NA,NA,NA,NA,NA,NA
PTPACHST,NA,NA,NA,NA,NA,NA,NA,NA,NA,NA,NA
PUGACOME,NA,NA,NA,NA,NA,NA,NA,NA,NA,NA,NA
PTNYUNYK,NA,NA,NA,NA,NA,NA,NA,NA,NA,NA,NA
PCNJ1216,NA,NA,NA,NA,NA,NA,NA,NA,NA,NA,NA
VAGAALMA,NA,NA,NA,NA,NA,NA,NA,NA,NA,NA,NA
VTNJ1504,NA,NA,NA,NA,NA,NA,NA,NA,NA,NA,NA
VUNJ1504,NA,NA,NA,NA,NA,NA,NA,NA,NA,NA,NA
PTNJ0239,NA,NA,NA,NA,NA,NA,NA,NA,NA,NA,NA
VUFLDUND,NA,NA,NA,NA,NA,NA,NA,NA,NA,NA,NA
VMFLDUND,NA,NA,NA,NA,NA,NA,NA,NA,NA,NA,NA
PTNJ1326,NA,NA,NA,NA,NA,NA,NA,NA,NA,NA,NA
PUNJ1111,NA,NA,NA,NA,NA,NA,NA,NA,NA,NA,NA
VUNJ1111,NA,NA,NA,NA,NA,NA,NA,NA,NA,NA,NA
PUNJHMUA,NA,NA,NA,NA,NA,NA,NA,NA,NA,NA,NA
PTNJ2117,NA,NA,NA,NA,NA,NA,NA,NA,NA,NA,NA
PUNJ2117,NA,NA,NA,NA,NA,NA,NA,NA,NA,NA,NA
PTLAOAKD,NA,NA,NA,NA,NA,NA,NA,NA,NA,NA,NA
PULAOAKD,NA,NA,NA,NA,NA,NA,NA,NA,NA,NA,NA
VMLAOAKD,NA,NA,NA,NA,NA,NA,NA,NA,NA,NA,NA
VTLAOAKD,NA,NA,NA,NA,NA,NA,NA,NA,NA,NA,NA
VULAOAKD,NA,NA,NA,NA,NA,NA,NA,NA,NA,NA,NA
PTNJ1306,NA,NA,NA,NA,NA,NA,NA,NA,NA,NA,NA
PUNJ1306,NA,NA,NA,NA,NA,NA,NA,NA,NA,NA,NA
VAFLDUND,NA,NA,NA,NA,NA,NA,NA,NA,NA,NA,NA
PTNJ1341,NA,NA,NA,NA,NA,NA,NA,NA,NA,NA,NA
PUNJ1341,NA,NA,NA,NA,NA,NA,NA,NA,NA,NA,NA
PTNJ1332,NA,NA,NA,NA,NA,NA,NA,NA,NA,NA,NA
VMALMLTN,NA,NA,NA,NA,NA,NA,NA,NA,NA,NA,NA
VUALMLTN,NA,NA,NA,NA,NA,NA,NA,NA,NA,NA,NA
VAALMLTN,NA,NA,NA,NA,NA,NA,NA,NA,NA,NA,NA
PCALMLTN,NA,NA,NA,NA,NA,NA,NA,NA,NA,NA,NA
PUALMLTN,NA,NA,NA,NA,NA,NA,NA,NA,NA,NA,NA
PAALMLTN,NA,NA,NA,NA,NA,NA,NA,NA,NA,NA,NA
PTNJ1902,NA,NA,NA,NA,NA,NA,NA,NA,NA,NA,NA
PTVACLRK,NA,NA,NA,NA,NA,NA,NA,NA,NA,NA,NA
PAVACLRK,NA,NA,NA,NA,NA,NA,NA,NA,NA,NA,NA
PUVACLRK,NA,NA,NA,NA,NA,NA,NA,NA,NA,NA,NA
PUNYMONY,NA,NA,NA,NA,NA,NA,NA,NA,NA,NA,NA
PUNJWTMU,NA,NA,NA,NA,NA,NA,NA,NA,NA,NA,NA
PTGACLAC,NA,NA,NA,NA,NA,NA,NA,NA,NA,NA,NA
PUGACLAC,NA,NA,NA,NA,NA,NA,NA,NA,NA,NA,NA
VTGACLAC,NA,NA,NA,NA,NA,NA,NA,NA,NA,NA,NA
VUGACLAC,NA,NA,NA,NA,NA,NA,NA,NA,NA,NA,NA
VMGACLAC,NA,NA,NA,NA,NA,NA,NA,NA,NA,NA,NA
PSNJ0706,NA,NA,NA,NA,NA,NA,NA,NA,NA,NA,NA
PTNJ0706,NA,NA,NA,NA,NA,NA,NA,NA,NA,NA,NA
PUNJ0706,NA,NA,NA,NA,NA,NA,NA,NA,NA,NA,NA
VMGACOME,NA,NA,NA,NA,NA,NA,NA,NA,NA,NA,NA
VUGACOME,NA,NA,NA,NA,NA,NA,NA,NA,NA,NA,NA
PULADERI,NA,NA,NA,NA,NA,NA,NA,NA,NA,NA,NA
PSNJ1611,NA,NA,NA,NA,NA,NA,NA,NA,NA,NA,NA
VTDEOCVW,NA,NA,NA,NA,NA,NA,NA,NA,NA,NA,NA
VADEOCVW,NA,NA,NA,NA,NA,NA,NA,NA,NA,NA,NA
VMDEOCVW,NA,NA,NA,NA,NA,NA,NA,NA,NA,NA,NA
PADEOCVW,NA,NA,NA,NA,NA,NA,NA,NA,NA,NA,NA
PUGACOOL,NA,NA,NA,NA,NA,NA,NA,NA,NA,NA,NA
PUMDINHE,NA,NA,NA,NA,NA,NA,NA,NA,NA,NA,NA
VAGACRSP,NA,NA,NA,NA,NA,NA,NA,NA,NA,NA,NA
PAKYJFSC,NA,NA,NA,NA,NA,NA,NA,NA,NA,NA,NA
POKYJFSC,NA,NA,NA,NA,NA,NA,NA,NA,NA,NA,NA
PTKYJFSC,NA,NA,NA,NA,NA,NA,NA,NA,NA,NA,NA
PCNJ0412,NA,NA,NA,NA,NA,NA,NA,NA,NA,NA,NA
VANJ0112,NA,NA,NA,NA,NA,NA,NA,NA,NA,NA,NA
VSNJ0228,NA,NA,NA,NA,NA,NA,NA,NA,NA,NA,NA
VUNJ0228,NA,NA,NA,NA,NA,NA,NA,NA,NA,NA,NA
PUNJ0228,NA,NA,NA,NA,NA,NA,NA,NA,NA,NA,NA
PSNJ0228,NA,NA,NA,NA,NA,NA,NA,NA,NA,NA,NA
PUPASELI,NA,NA,NA,NA,NA,NA,NA,NA,NA,NA,NA
VMNJ1102,NA,NA,NA,NA,NA,NA,NA,NA,NA,NA,NA
VTNJ1102,NA,NA,NA,NA,NA,NA,NA,NA,NA,NA,NA
VUNJ1102,NA,NA,NA,NA,NA,NA,NA,NA,NA,NA,NA
VMPAPLUM,NA,NA,NA,NA,NA,NA,NA,NA,NA,NA,NA
PTPAPLUM,NA,NA,NA,NA,NA,NA,NA,NA,NA,NA,NA
PUNJPTMA,NA,NA,NA,NA,NA,NA,NA,NA,NA,NA,NA
VTPAPLUM,NA,NA,NA,NA,NA,NA,NA,NA,NA,NA,NA
PTNYAMIT,NA,NA,NA,NA,NA,NA,NA,NA,NA,NA,NA
VMNYAMIT,NA,NA,NA,NA,NA,NA,NA,NA,NA,NA,NA
VTNYAMIT,NA,NA,NA,NA,NA,NA,NA,NA,NA,NA,NA
PSNJ0226,NA,NA,NA,NA,NA,NA,NA,NA,NA,NA,NA
PBNJ0226,NA,NA,NA,NA,NA,NA,NA,NA,NA,NA,NA
PCNJ0226,NA,NA,NA,NA,NA,NA,NA,NA,NA,NA,NA
PTNJ0110,NA,NA,NA,NA,NA,NA,NA,NA,NA,NA,NA
PANCGRAM,NA,NA,NA,NA,NA,NA,NA,NA,NA,NA,NA
PTNCGRAM,NA,NA,NA,NA,NA,NA,NA,NA,NA,NA,NA
PAALSPRG,NA,NA,NA,NA,NA,NA,NA,NA,NA,NA,NA
PTNJ2101,NA,NA,NA,NA,NA,NA,NA,NA,NA,NA,NA
VANJ0427,NA,NA,NA,NA,NA,NA,NA,NA,NA,NA,NA
PANJ0427,NA,NA,NA,NA,NA,NA,NA,NA,NA,NA,NA
PCNJ0427,NA,NA,NA,NA,NA,NA,NA,NA,NA,NA,NA
PCMDNETN,NA,NA,NA,NA,NA,NA,NA,NA,NA,NA,NA
PUNJ0269,NA,NA,NA,NA,NA,NA,NA,NA,NA,NA,NA
PUNJ1419,NA,NA,NA,NA,NA,NA,NA,NA,NA,NA,NA
PTNJ1419,NA,NA,NA,NA,NA,NA,NA,NA,NA,NA,NA
PTNJ0710,NA,NA,NA,NA,NA,NA,NA,NA,NA,NA,NA
PUNJ0710,NA,NA,NA,NA,NA,NA,NA,NA,NA,NA,NA
VTNJ0710,NA,NA,NA,NA,NA,NA,NA,NA,NA,NA,NA
VUNJ0710,NA,NA,NA,NA,NA,NA,NA,NA,NA,NA,NA
VMNJ0710,NA,NA,NA,NA,NA,NA,NA,NA,NA,NA,NA
PUPAFORK,NA,NA,NA,NA,NA,NA,NA,NA,NA,NA,NA
VMNJ0421,NA,NA,NA,NA,NA,NA,NA,NA,NA,NA,NA
VUNJ0421,NA,NA,NA,NA,NA,NA,NA,NA,NA,NA,NA
PUNJ0421,NA,NA,NA,NA,NA,NA,NA,NA,NA,NA,NA
PUNYCHAZ,NA,NA,NA,NA,NA,NA,NA,NA,NA,NA,NA
VAGAWYNS,NA,NA,NA,NA,NA,NA,NA,NA,NA,NA,NA
VMGAWYNS,NA,NA,NA,NA,NA,NA,NA,NA,NA,NA,NA
VUGAWYNS,NA,NA,NA,NA,NA,NA,NA,NA,NA,NA,NA
VTGAWYNS,NA,NA,NA,NA,NA,NA,NA,NA,NA,NA,NA
PCNJ0808,NA,NA,NA,NA,NA,NA,NA,NA,NA,NA,NA
PUVAPEAR,NA,NA,NA,NA,NA,NA,NA,NA,NA,NA,NA
PTVAPEAR,NA,NA,NA,NA,NA,NA,NA,NA,NA,NA,NA
PUNJ1013,NA,NA,NA,NA,NA,NA,NA,NA,NA,NA,NA
PTNJ1013,NA,NA,NA,NA,NA,NA,NA,NA,NA,NA,NA
VMGACRSP,NA,NA,NA,NA,NA,NA,NA,NA,NA,NA,NA
VUGACRSP,NA,NA,NA,NA,NA,NA,NA,NA,NA,NA,NA
PAVAPEAR,NA,NA,NA,NA,NA,NA,NA,NA,NA,NA,NA
PAKYOAKG,NA,NA,NA,NA,NA,NA,NA,NA,NA,NA,NA
PCKYOAKG,NA,NA,NA,NA,NA,NA,NA,NA,NA,NA,NA
PTNJ0106,NA,NA,NA,NA,NA,NA,NA,NA,NA,NA,NA
PUTXZAPA,NA,NA,NA,NA,NA,NA,NA,NA,NA,NA,NA
PAGAFITZ,NA,NA,NA,NA,NA,NA,NA,NA,NA,NA,NA
PUFLLOXA,NA,NA,NA,NA,NA,NA,NA,NA,NA,NA,NA
VMFLLOXA,NA,NA,NA,NA,NA,NA,NA,NA,NA,NA,NA
VUFLLOXA,NA,NA,NA,NA,NA,NA,NA,NA,NA,NA,NA
VMLADERI,NA,NA,NA,NA,NA,NA,NA,NA,NA,NA,NA
VULADERI,NA,NA,NA,NA,NA,NA,NA,NA,NA,NA,NA
PTDEWYMT,NA,NA,NA,NA,NA,NA,NA,NA,NA,NA,NA
PANCRVER,NA,NA,NA,NA,NA,NA,NA,NA,NA,NA,NA
PUNCRVER,NA,NA,NA,NA,NA,NA,NA,NA,NA,NA,NA
PADE25,NA,NA,NA,NA,NA,NA,NA,NA,NA,NA,NA
PUNJEMUA,NA,NA,NA,NA,NA,NA,NA,NA,NA,NA,NA
VTNJ1114,NA,NA,NA,NA,NA,NA,NA,NA,NA,NA,NA
VUNJ1114,NA,NA,NA,NA,NA,NA,NA,NA,NA,NA,NA
VMNJ1114,NA,NA,NA,NA,NA,NA,NA,NA,NA,NA,NA
VMNJ1803,NA,NA,NA,NA,NA,NA,NA,NA,NA,NA,NA
VUNJ1803,NA,NA,NA,NA,NA,NA,NA,NA,NA,NA,NA
VTNJ1803,NA,NA,NA,NA,NA,NA,NA,NA,NA,NA,NA
PANJ1216,NA,NA,NA,NA,NA,NA,NA,NA,NA,NA,NA
VMPACHST,NA,NA,NA,NA,NA,NA,NA,NA,NA,NA,NA
VTPACHST,NA,NA,NA,NA,NA,NA,NA,NA,NA,NA,NA
PUNYGPTN,NA,NA,NA,NA,NA,NA,NA,NA,NA,NA,NA
PALASTLP,NA,NA,NA,NA,NA,NA,NA,NA,NA,NA,NA
PULASTLP,NA,NA,NA,NA,NA,NA,NA,NA,NA,NA,NA
PUNYWAWA,NA,NA,NA,NA,NA,NA,NA,NA,NA,NA,NA
VADE25,NA,NA,NA,NA,NA,NA,NA,NA,NA,NA,NA
VMDE25,NA,NA,NA,NA,NA,NA,NA,NA,NA,NA,NA
VUDE25,NA,NA,NA,NA,NA,NA,NA,NA,NA,NA,NA
VTDE25,NA,NA,NA,NA,NA,NA,NA,NA,NA,NA,NA
VANJ0421,NA,NA,NA,NA,NA,NA,NA,NA,NA,NA,NA
VTNJ0421,NA,NA,NA,NA,NA,NA,NA,NA,NA,NA,NA
PANJ0421,NA,NA,NA,NA,NA,NA,NA,NA,NA,NA,NA
PTNJ0421,NA,NA,NA,NA,NA,NA,NA,NA,NA,NA,NA
VANJ1346,NA,NA,NA,NA,NA,NA,NA,NA,NA,NA,NA
PANJ1346,NA,NA,NA,NA,NA,NA,NA,NA,NA,NA,NA
VAALCALE,NA,NA,NA,NA,NA,NA,NA,NA,NA,NA,NA
VMALCALE,NA,NA,NA,NA,NA,NA,NA,NA,NA,NA,NA
PTNJ1423,NA,NA,NA,NA,NA,NA,NA,NA,NA,NA,NA
PASCLORI,NA,NA,NA,NA,NA,NA,NA,NA,NA,NA,NA
PGSCLORI,NA,NA,NA,NA,NA,NA,NA,NA,NA,NA,NA
PUSCLORI,NA,NA,NA,NA,NA,NA,NA,NA,NA,NA,NA
VASCLORI,NA,NA,NA,NA,NA,NA,NA,NA,NA,NA,NA
VGSCLORI,NA,NA,NA,NA,NA,NA,NA,NA,NA,NA,NA
VMSCLORI,NA,NA,NA,NA,NA,NA,NA,NA,NA,NA,NA
VUSCLORI,NA,NA,NA,NA,NA,NA,NA,NA,NA,NA,NA
PANCANSN,NA,NA,NA,NA,NA,NA,NA,NA,NA,NA,NA
PUNCANSN,NA,NA,NA,NA,NA,NA,NA,NA,NA,NA,NA
VMNCANSN,NA,NA,NA,NA,NA,NA,NA,NA,NA,NA,NA
VANCANSN,NA,NA,NA,NA,NA,NA,NA,NA,NA,NA,NA
VUNCANSN,NA,NA,NA,NA,NA,NA,NA,NA,NA,NA,NA
PTNJ1016,NA,NA,NA,NA,NA,NA,NA,NA,NA,NA,NA
VANCWEND,NA,NA,NA,NA,NA,NA,NA,NA,NA,NA,NA
PANCWEND,NA,NA,NA,NA,NA,NA,NA,NA,NA,NA,NA
PUNYWTRV,NA,NA,NA,NA,NA,NA,NA,NA,NA,NA,NA
PTNYWTRV,NA,NA,NA,NA,NA,NA,NA,NA,NA,NA,NA
PUNYROWD,NA,NA,NA,NA,NA,NA,NA,NA,NA,NA,NA
PCFLLABL,NA,NA,NA,NA,NA,NA,NA,NA,NA,NA,NA
PUNJ1434,NA,NA,NA,NA,NA,NA,NA,NA,NA,NA,NA
PTNJ1434,NA,NA,NA,NA,NA,NA,NA,NA,NA,NA,NA
PTPARIDL,NA,NA,NA,NA,NA,NA,NA,NA,NA,NA,NA
PCPARIDL,NA,NA,NA,NA,NA,NA,NA,NA,NA,NA,NA
VTPARIDL,NA,NA,NA,NA,NA,NA,NA,NA,NA,NA,NA
VMPARIDL,NA,NA,NA,NA,NA,NA,NA,NA,NA,NA,NA
PTNJ1305,NA,NA,NA,NA,NA,NA,NA,NA,NA,NA,NA
PUNJ1305,NA,NA,NA,NA,NA,NA,NA,NA,NA,NA,NA
VMNJ1305,NA,NA,NA,NA,NA,NA,NA,NA,NA,NA,NA
VTNJ1305,NA,NA,NA,NA,NA,NA,NA,NA,NA,NA,NA
VUNJ1305,NA,NA,NA,NA,NA,NA,NA,NA,NA,NA,NA
PUNYLERA,NA,NA,NA,NA,NA,NA,NA,NA,NA,NA,NA
VAMDDORC,NA,NA,NA,NA,NA,NA,NA,NA,NA,NA,NA
VMMDDORC,NA,NA,NA,NA,NA,NA,NA,NA,NA,NA,NA
VTMDDORC,NA,NA,NA,NA,NA,NA,NA,NA,NA,NA,NA
PUNCGRAM,NA,NA,NA,NA,NA,NA,NA,NA,NA,NA,NA
PUNCLASA,NA,NA,NA,NA,NA,NA,NA,NA,NA,NA,NA
PAGAMADI,NA,NA,NA,NA,NA,NA,NA,NA,NA,NA,NA
PCGAMADI,NA,NA,NA,NA,NA,NA,NA,NA,NA,NA,NA
VMGAMCIN,NA,NA,NA,NA,NA,NA,NA,NA,NA,NA,NA
VUGAMCIN,NA,NA,NA,NA,NA,NA,NA,NA,NA,NA,NA
VAKYSHEP,NA,NA,NA,NA,NA,NA,NA,NA,NA,NA,NA
PAKYSHEP,NA,NA,NA,NA,NA,NA,NA,NA,NA,NA,NA
PANJ0610,NA,NA,NA,NA,NA,NA,NA,NA,NA,NA,NA
VAFLLABL,NA,NA,NA,NA,NA,NA,NA,NA,NA,NA,NA
PAFLLABL,NA,NA,NA,NA,NA,NA,NA,NA,NA,NA,NA
PUPASTCS,NA,NA,NA,NA,NA,NA,NA,NA,NA,NA,NA
PUWVSTAR,NA,NA,NA,NA,NA,NA,NA,NA,NA,NA,NA
PCWVSTAR,NA,NA,NA,NA,NA,NA,NA,NA,NA,NA,NA
VMWVSTAR,NA,NA,NA,NA,NA,NA,NA,NA,NA,NA,NA
VUWVSTAR,NA,NA,NA,NA,NA,NA,NA,NA,NA,NA,NA
PAVACARR,NA,NA,NA,NA,NA,NA,NA,NA,NA,NA,NA
PUVACCPS,NA,NA,NA,NA,NA,NA,NA,NA,NA,NA,NA
PTVACARR,NA,NA,NA,NA,NA,NA,NA,NA,NA,NA,NA
VUVACCPS,NA,NA,NA,NA,NA,NA,NA,NA,NA,NA,NA
VTVACARR,NA,NA,NA,NA,NA,NA,NA,NA,NA,NA,NA
VAVACARR,NA,NA,NA,NA,NA,NA,NA,NA,NA,NA,NA
VMVACCPS,NA,NA,NA,NA,NA,NA,NA,NA,NA,NA,NA
PASCCAYC,NA,NA,NA,NA,NA,NA,NA,NA,NA,NA,NA
PTNJ0211,NA,NA,NA,NA,NA,NA,NA,NA,NA,NA,NA
PCPACAVB,NA,NA,NA,NA,NA,NA,NA,NA,NA,NA,NA
PUPACAVB,NA,NA,NA,NA,NA,NA,NA,NA,NA,NA,NA
VMNYBRNV,NA,NA,NA,NA,NA,NA,NA,NA,NA,NA,NA
VUNYBRNV,NA,NA,NA,NA,NA,NA,NA,NA,NA,NA,NA
PUNYBRNV,NA,NA,NA,NA,NA,NA,NA,NA,NA,NA,NA
VMNYTUPP,NA,NA,NA,NA,NA,NA,NA,NA,NA,NA,NA
VUNYTUPP,NA,NA,NA,NA,NA,NA,NA,NA,NA,NA,NA
PUNYTUPP,NA,NA,NA,NA,NA,NA,NA,NA,NA,NA,NA
VANCGRAM,NA,NA,NA,NA,NA,NA,NA,NA,NA,NA,NA
VTNCGRAM,NA,NA,NA,NA,NA,NA,NA,NA,NA,NA,NA
VUNCGRAM,NA,NA,NA,NA,NA,NA,NA,NA,NA,NA,NA
VMNCGRAM,NA,NA,NA,NA,NA,NA,NA,NA,NA,NA,NA
VTDEWYMT,NA,NA,NA,NA,NA,NA,NA,NA,NA,NA,NA
VMDEWYMT,NA,NA,NA,NA,NA,NA,NA,NA,NA,NA,NA
PCNJ0819,NA,NA,NA,NA,NA,NA,NA,NA,NA,NA,NA
PTNJ0232,NA,NA,NA,NA,NA,NA,NA,NA,NA,NA,NA
PUNJ0232,NA,NA,NA,NA,NA,NA,NA,NA,NA,NA,NA
PUGAWHIG,NA,NA,NA,NA,NA,NA,NA,NA,NA,NA,NA
PTNYSIDN,NA,NA,NA,NA,NA,NA,NA,NA,NA,NA,NA
PUNYSIDN,NA,NA,NA,NA,NA,NA,NA,NA,NA,NA,NA
PUNJ1349,NA,NA,NA,NA,NA,NA,NA,NA,NA,NA,NA
PTNJ1349,NA,NA,NA,NA,NA,NA,NA,NA,NA,NA,NA
VAGAMCIN,NA,NA,NA,NA,NA,NA,NA,NA,NA,NA,NA
PAVAPUTN,NA,NA,NA,NA,NA,NA,NA,NA,NA,NA,NA
PCNCOAKI,NA,NA,NA,NA,NA,NA,NA,NA,NA,NA,NA
PTNCOAKI,NA,NA,NA,NA,NA,NA,NA,NA,NA,NA,NA
PUNCOAKI,NA,NA,NA,NA,NA,NA,NA,NA,NA,NA,NA
PANCOAKI,NA,NA,NA,NA,NA,NA,NA,NA,NA,NA,NA
PANYPATC,NA,NA,NA,NA,NA,NA,NA,NA,NA,NA,NA
VANYPATC,NA,NA,NA,NA,NA,NA,NA,NA,NA,NA,NA
VMNJ1517,NA,NA,NA,NA,NA,NA,NA,NA,NA,NA,NA
VTNJ1517,NA,NA,NA,NA,NA,NA,NA,NA,NA,NA,NA
PADE23,NA,NA,NA,NA,NA,NA,NA,NA,NA,NA,NA
VADE23,NA,NA,NA,NA,NA,NA,NA,NA,NA,NA,NA
PGNYMTSB,NA,NA,NA,NA,NA,NA,NA,NA,NA,NA,NA
PUNYMTSB,NA,NA,NA,NA,NA,NA,NA,NA,NA,NA,NA
PTNJ0503,NA,NA,NA,NA,NA,NA,NA,NA,NA,NA,NA
PUNJ0503,NA,NA,NA,NA,NA,NA,NA,NA,NA,NA,NA
VAVACLRK,NA,NA,NA,NA,NA,NA,NA,NA,NA,NA,NA
VTVACLRK,NA,NA,NA,NA,NA,NA,NA,NA,NA,NA,NA
VUVACLRK,NA,NA,NA,NA,NA,NA,NA,NA,NA,NA,NA
VMVACLRK,NA,NA,NA,NA,NA,NA,NA,NA,NA,NA,NA
PANJ1010,NA,NA,NA,NA,NA,NA,NA,NA,NA,NA,NA
PUPARTMA,NA,NA,NA,NA,NA,NA,NA,NA,NA,NA,NA
PUNYPOET,NA,NA,NA,NA,NA,NA,NA,NA,NA,NA,NA
PANJ1532,NA,NA,NA,NA,NA,NA,NA,NA,NA,NA,NA
PTNJ1532,NA,NA,NA,NA,NA,NA,NA,NA,NA,NA,NA
PUNJ1532,NA,NA,NA,NA,NA,NA,NA,NA,NA,NA,NA
PAMDGBLT,NA,NA,NA,NA,NA,NA,NA,NA,NA,NA,NA
PTMDGBLT,NA,NA,NA,NA,NA,NA,NA,NA,NA,NA,NA
VAMDGBLT,NA,NA,NA,NA,NA,NA,NA,NA,NA,NA,NA
VMMDGBLT,NA,NA,NA,NA,NA,NA,NA,NA,NA,NA,NA
VTMDGBLT,NA,NA,NA,NA,NA,NA,NA,NA,NA,NA,NA
PCLADERI,NA,NA,NA,NA,NA,NA,NA,NA,NA,NA,NA
PTNJ1513,NA,NA,NA,NA,NA,NA,NA,NA,NA,NA,NA
VMNJ1513,NA,NA,NA,NA,NA,NA,NA,NA,NA,NA,NA
VTNJ1513,NA,NA,NA,NA,NA,NA,NA,NA,NA,NA,NA
PUTXCSUD,NA,NA,NA,NA,NA,NA,NA,NA,NA,NA,NA
PUSCKERS,NA,NA,NA,NA,NA,NA,NA,NA,NA,NA,NA
PASCKERS,NA,NA,NA,NA,NA,NA,NA,NA,NA,NA,NA
VUSCKERS,NA,NA,NA,NA,NA,NA,NA,NA,NA,NA,NA
VASCKERS,NA,NA,NA,NA,NA,NA,NA,NA,NA,NA,NA
VMSCKERS,NA,NA,NA,NA,NA,NA,NA,NA,NA,NA,NA
PCLASTLP,NA,NA,NA,NA,NA,NA,NA,NA,NA,NA,NA
PUFLWILL,NA,NA,NA,NA,NA,NA,NA,NA,NA,NA,NA
PAFLWILL,NA,NA,NA,NA,NA,NA,NA,NA,NA,NA,NA
PAGABROK,NA,NA,NA,NA,NA,NA,NA,NA,NA,NA,NA
PCNJ0824,NA,NA,NA,NA,NA,NA,NA,NA,NA,NA,NA
PAFLIHBC,NA,NA,NA,NA,NA,NA,NA,NA,NA,NA,NA
PCFLIHBC,NA,NA,NA,NA,NA,NA,NA,NA,NA,NA,NA
PANJ0822,NA,NA,NA,NA,NA,NA,NA,NA,NA,NA,NA
PCNJ0822,NA,NA,NA,NA,NA,NA,NA,NA,NA,NA,NA
PDNJ0822,NA,NA,NA,NA,NA,NA,NA,NA,NA,NA,NA
PONJ0822,NA,NA,NA,NA,NA,NA,NA,NA,NA,NA,NA
VANJ0822,NA,NA,NA,NA,NA,NA,NA,NA,NA,NA,NA
VMNJ0822,NA,NA,NA,NA,NA,NA,NA,NA,NA,NA,NA
VDNJ0822,NA,NA,NA,NA,NA,NA,NA,NA,NA,NA,NA
VONJ0822,NA,NA,NA,NA,NA,NA,NA,NA,NA,NA,NA
VTNJ0822,NA,NA,NA,NA,NA,NA,NA,NA,NA,NA,NA
VUNJ0822,NA,NA,NA,NA,NA,NA,NA,NA,NA,NA,NA
PCFLLOXA,NA,NA,NA,NA,NA,NA,NA,NA,NA,NA,NA
PTNJ0325,NA,NA,NA,NA,NA,NA,NA,NA,NA,NA,NA
PUNCWCWC,NA,NA,NA,NA,NA,NA,NA,NA,NA,NA,NA
PCNJ1225,NA,NA,NA,NA,NA,NA,NA,NA,NA,NA,NA
VUNJ1407,NA,NA,NA,NA,NA,NA,NA,NA,NA,NA,NA
PUNJ1407,NA,NA,NA,NA,NA,NA,NA,NA,NA,NA,NA
PUGABWMN,NA,NA,NA,NA,NA,NA,NA,NA,NA,NA,NA
PUNJS132,NA,NA,NA,NA,NA,NA,NA,NA,NA,NA,NA
PCNJ1532,NA,NA,NA,NA,NA,NA,NA,NA,NA,NA,NA
PCNJ0706,NA,NA,NA,NA,NA,NA,NA,NA,NA,NA,NA
PUPASWAT,NA,NA,NA,NA,NA,NA,NA,NA,NA,NA,NA
PAGAMOUL,NA,NA,NA,NA,NA,NA,NA,NA,NA,NA,NA
PCGAMOUL,NA,NA,NA,NA,NA,NA,NA,NA,NA,NA,NA
VAGAMOUL,NA,NA,NA,NA,NA,NA,NA,NA,NA,NA,NA
VMGAMOUL,NA,NA,NA,NA,NA,NA,NA,NA,NA,NA,NA
PAPAJOHN,NA,NA,NA,NA,NA,NA,NA,NA,NA,NA,NA
PUNJHAMA,NA,NA,NA,NA,NA,NA,NA,NA,NA,NA,NA
PUGAHART,NA,NA,NA,NA,NA,NA,NA,NA,NA,NA,NA
PTGAHART,NA,NA,NA,NA,NA,NA,NA,NA,NA,NA,NA
PAGAHART,NA,NA,NA,NA,NA,NA,NA,NA,NA,NA,NA
PUTXLCWS,NA,NA,NA,NA,NA,NA,NA,NA,NA,NA,NA
VUTXLCWS,NA,NA,NA,NA,NA,NA,NA,NA,NA,NA,NA
VMTXLCWS,NA,NA,NA,NA,NA,NA,NA,NA,NA,NA,NA
PANJ1005,NA,NA,NA,NA,NA,NA,NA,NA,NA,NA,NA
PUTXCOTU,NA,NA,NA,NA,NA,NA,NA,NA,NA,NA,NA
VMTXCOTU,NA,NA,NA,NA,NA,NA,NA,NA,NA,NA,NA
VUTXCOTU,NA,NA,NA,NA,NA,NA,NA,NA,NA,NA,NA
PTNYFLOW,NA,NA,NA,NA,NA,NA,NA,NA,NA,NA,NA
VOLAOAKD,NA,NA,NA,NA,NA,NA,NA,NA,NA,NA,NA
VPLAOAKD,NA,NA,NA,NA,NA,NA,NA,NA,NA,NA,NA
VDLAOAKD,NA,NA,NA,NA,NA,NA,NA,NA,NA,NA,NA
VBLAOAKD,NA,NA,NA,NA,NA,NA,NA,NA,NA,NA,NA
VAGAHART,NA,NA,NA,NA,NA,NA,NA,NA,NA,NA,NA
VTGAHART,NA,NA,NA,NA,NA,NA,NA,NA,NA,NA,NA
VUGAHART,NA,NA,NA,NA,NA,NA,NA,NA,NA,NA,NA
VMGAHART,NA,NA,NA,NA,NA,NA,NA,NA,NA,NA,NA
VADE335,NA,NA,NA,NA,NA,NA,NA,NA,NA,NA,NA
VTDE335,NA,NA,NA,NA,NA,NA,NA,NA,NA,NA,NA
VMDE335,NA,NA,NA,NA,NA,NA,NA,NA,NA,NA,NA
VTNYWTRV,NA,NA,NA,NA,NA,NA,NA,NA,NA,NA,NA
VUNYWTRV,NA,NA,NA,NA,NA,NA,NA,NA,NA,NA,NA
VMNYWTRV,NA,NA,NA,NA,NA,NA,NA,NA,NA,NA,NA
PUNJ0318,NA,NA,NA,NA,NA,NA,NA,NA,NA,NA,NA
PCSCPTRT,NA,NA,NA,NA,NA,NA,NA,NA,NA,NA,NA
PWNYBRNV,NA,NA,NA,NA,NA,NA,NA,NA,NA,NA,NA
VWNYBRNV,NA,NA,NA,NA,NA,NA,NA,NA,NA,NA,NA
PUFLETON,NA,NA,NA,NA,NA,NA,NA,NA,NA,NA,NA
VUFLEATT,NA,NA,NA,NA,NA,NA,NA,NA,NA,NA,NA
VMFLEATT,NA,NA,NA,NA,NA,NA,NA,NA,NA,NA,NA
PTNJ1703,NA,NA,NA,NA,NA,NA,NA,NA,NA,NA,NA
PUNJ1703,NA,NA,NA,NA,NA,NA,NA,NA,NA,NA,NA
PTNYPNYN,NA,NA,NA,NA,NA,NA,NA,NA,NA,NA,NA
PAGAMCIN,NA,NA,NA,NA,NA,NA,NA,NA,NA,NA,NA
VUPACAVB,NA,NA,NA,NA,NA,NA,NA,NA,NA,NA,NA
PTNJ0339,NA,NA,NA,NA,NA,NA,NA,NA,NA,NA,NA
VTNJ0339,NA,NA,NA,NA,NA,NA,NA,NA,NA,NA,NA
VMNJ0339,NA,NA,NA,NA,NA,NA,NA,NA,NA,NA,NA
PALADSPP,NA,NA,NA,NA,NA,NA,NA,NA,NA,NA,NA
PCLADSPP,NA,NA,NA,NA,NA,NA,NA,NA,NA,NA,NA
VMPACAVB,NA,NA,NA,NA,NA,NA,NA,NA,NA,NA,NA
PTNJ1009,NA,NA,NA,NA,NA,NA,NA,NA,NA,NA,NA
VMNYWALD,NA,NA,NA,NA,NA,NA,NA,NA,NA,NA,NA
VUNYWALD,NA,NA,NA,NA,NA,NA,NA,NA,NA,NA,NA
PTNJ0414,NA,NA,NA,NA,NA,NA,NA,NA,NA,NA,NA
PUNJ0414,NA,NA,NA,NA,NA,NA,NA,NA,NA,NA,NA
PUNJ0260,NA,NA,NA,NA,NA,NA,NA,NA,NA,NA,NA
VMNYSIDN,NA,NA,NA,NA,NA,NA,NA,NA,NA,NA,NA
VTNYSIDN,NA,NA,NA,NA,NA,NA,NA,NA,NA,NA,NA
VUNYSIDN,NA,NA,NA,NA,NA,NA,NA,NA,NA,NA,NA
VTNJ0713,NA,NA,NA,NA,NA,NA,NA,NA,NA,NA,NA
VUNJ0713,NA,NA,NA,NA,NA,NA,NA,NA,NA,NA,NA
VSNJ0713,NA,NA,NA,NA,NA,NA,NA,NA,NA,NA,NA
VPNJ0713,NA,NA,NA,NA,NA,NA,NA,NA,NA,NA,NA
VMNJ0713,NA,NA,NA,NA,NA,NA,NA,NA,NA,NA,NA
PUSCBRWC,NA,NA,NA,NA,NA,NA,NA,NA,NA,NA,NA
PCNJ0327,NA,NA,NA,NA,NA,NA,NA,NA,NA,NA,NA
PAMDELKT,NA,NA,NA,NA,NA,NA,NA,NA,NA,NA,NA
PTMDELKT,NA,NA,NA,NA,NA,NA,NA,NA,NA,NA,NA
PUMDELKT,NA,NA,NA,NA,NA,NA,NA,NA,NA,NA,NA
VUPASWAT,NA,NA,NA,NA,NA,NA,NA,NA,NA,NA,NA
VMPASWAT,NA,NA,NA,NA,NA,NA,NA,NA,NA,NA,NA
PTNJ1004,NA,NA,NA,NA,NA,NA,NA,NA,NA,NA,NA
VMNJ0318,NA,NA,NA,NA,NA,NA,NA,NA,NA,NA,NA
PCNJ0318,NA,NA,NA,NA,NA,NA,NA,NA,NA,NA,NA
PUNCLONG,NA,NA,NA,NA,NA,NA,NA,NA,NA,NA,NA
PUNYNSCT,NA,NA,NA,NA,NA,NA,NA,NA,NA,NA,NA
PAFLARCC,NA,NA,NA,NA,NA,NA,NA,NA,NA,NA,NA
PUFLARCC,NA,NA,NA,NA,NA,NA,NA,NA,NA,NA,NA
VAFLARCC,NA,NA,NA,NA,NA,NA,NA,NA,NA,NA,NA
VUFLARCC,NA,NA,NA,NA,NA,NA,NA,NA,NA,NA,NA
VMFLARCC,NA,NA,NA,NA,NA,NA,NA,NA,NA,NA,NA
PAFLGBOC,NA,NA,NA,NA,NA,NA,NA,NA,NA,NA,NA
VAFLGCCC,NA,NA,NA,NA,NA,NA,NA,NA,NA,NA,NA
VMFLGCCC,NA,NA,NA,NA,NA,NA,NA,NA,NA,NA,NA
PUNYMTMT,NA,NA,NA,NA,NA,NA,NA,NA,NA,NA,NA
VTNJ0811,NA,NA,NA,NA,NA,NA,NA,NA,NA,NA,NA
VMNJ0811,NA,NA,NA,NA,NA,NA,NA,NA,NA,NA,NA
VANJ1216,NA,NA,NA,NA,NA,NA,NA,NA,NA,NA,NA
VMNJ1216,NA,NA,NA,NA,NA,NA,NA,NA,NA,NA,NA
VUNJ1216,NA,NA,NA,NA,NA,NA,NA,NA,NA,NA,NA
VTNJ1216,NA,NA,NA,NA,NA,NA,NA,NA,NA,NA,NA
PUNYBWNV,NA,NA,NA,NA,NA,NA,NA,NA,NA,NA,NA
PTNJ1920,NA,NA,NA,NA,NA,NA,NA,NA,NA,NA,NA
VUGABWMN,NA,NA,NA,NA,NA,NA,NA,NA,NA,NA,NA
VMGABWMN,NA,NA,NA,NA,NA,NA,NA,NA,NA,NA,NA
PUMDSTMT,NA,NA,NA,NA,NA,NA,NA,NA,NA,NA,NA
PTDECAMD,NA,NA,NA,NA,NA,NA,NA,NA,NA,NA,NA
PUTXJWSU,NA,NA,NA,NA,NA,NA,NA,NA,NA,NA,NA
PTNJ0437,NA,NA,NA,NA,NA,NA,NA,NA,NA,NA,NA
PCNJPINE,NA,NA,NA,NA,NA,NA,NA,NA,NA,NA,NA
PULAMNUI,NA,NA,NA,NA,NA,NA,NA,NA,NA,NA,NA
PTNYLKGV,NA,NA,NA,NA,NA,NA,NA,NA,NA,NA,NA
VTNYLKGV,NA,NA,NA,NA,NA,NA,NA,NA,NA,NA,NA
VMNYLKGV,NA,NA,NA,NA,NA,NA,NA,NA,NA,NA,NA
VAFLIHBC,NA,NA,NA,NA,NA,NA,NA,NA,NA,NA,NA
VMFLIHBC,NA,NA,NA,NA,NA,NA,NA,NA,NA,NA,NA
VAMDNETN,NA,NA,NA,NA,NA,NA,NA,NA,NA,NA,NA
PAMDNETN,NA,NA,NA,NA,NA,NA,NA,NA,NA,NA,NA
PTNJ1819,NA,NA,NA,NA,NA,NA,NA,NA,NA,NA,NA
PUNJ1819,NA,NA,NA,NA,NA,NA,NA,NA,NA,NA,NA
PUNJ1425,NA,NA,NA,NA,NA,NA,NA,NA,NA,NA,NA
PTNJ1425,NA,NA,NA,NA,NA,NA,NA,NA,NA,NA,NA
PULAAPWD,NA,NA,NA,NA,NA,NA,NA,NA,NA,NA,NA
Reuse,NA,NA,NA,NA,NA,NA,NA,NA,NA,NA,NA
PCNJ1344,NA,NA,NA,NA,NA,NA,NA,NA,NA,NA,NA
VMNJ1344,NA,NA,NA,NA,NA,NA,NA,NA,NA,NA,NA
PAVAWYTH,NA,NA,NA,NA,NA,NA,NA,NA,NA,NA,NA
PTVAWYTH,NA,NA,NA,NA,NA,NA,NA,NA,NA,NA,NA
PUVAWYTH,NA,NA,NA,NA,NA,NA,NA,NA,NA,NA,NA
VMNYWKIL,NA,NA,NA,NA,NA,NA,NA,NA,NA,NA,NA
VUNYWKIL,NA,NA,NA,NA,NA,NA,NA,NA,NA,NA,NA
PUNYWKIL,NA,NA,NA,NA,NA,NA,NA,NA,NA,NA,NA
PUNJEPSA,NA,NA,NA,NA,NA,NA,NA,NA,NA,NA,NA
VTMDESTN,NA,NA,NA,NA,NA,NA,NA,NA,NA,NA,NA
PAMDESTN,NA,NA,NA,NA,NA,NA,NA,NA,NA,NA,NA
VMMDESTN,NA,NA,NA,NA,NA,NA,NA,NA,NA,NA,NA
VTMDEAST,NA,NA,NA,NA,NA,NA,NA,NA,NA,NA,NA
PTMDESTN,NA,NA,NA,NA,NA,NA,NA,NA,NA,NA,NA
VLNJ1219,NA,NA,NA,NA,NA,NA,NA,NA,NA,NA,NA
VTNJ0122,NA,NA,NA,NA,NA,NA,NA,NA,NA,NA,NA
VUNJ0122,NA,NA,NA,NA,NA,NA,NA,NA,NA,NA,NA
VMNJ0122,NA,NA,NA,NA,NA,NA,NA,NA,NA,NA,NA
PCGALAVO,NA,NA,NA,NA,NA,NA,NA,NA,NA,NA,NA
PDGALAVO,NA,NA,NA,NA,NA,NA,NA,NA,NA,NA,NA
PPGALAVO,NA,NA,NA,NA,NA,NA,NA,NA,NA,NA,NA
POGALAVO,NA,NA,NA,NA,NA,NA,NA,NA,NA,NA,NA
PANJ0310,NA,NA,NA,NA,NA,NA,NA,NA,NA,NA,NA
PUTNSGNL,NA,NA,NA,NA,NA,NA,NA,NA,NA,NA,NA
PTTNSGNL,NA,NA,NA,NA,NA,NA,NA,NA,NA,NA,NA
PCTNSGNL,NA,NA,NA,NA,NA,NA,NA,NA,NA,NA,NA
PCPANFTP,NA,NA,NA,NA,NA,NA,NA,NA,NA,NA,NA
PAPANFTP,NA,NA,NA,NA,NA,NA,NA,NA,NA,NA,NA
VAFLMACL,NA,NA,NA,NA,NA,NA,NA,NA,NA,NA,NA
PAFLMACL,NA,NA,NA,NA,NA,NA,NA,NA,NA,NA,NA
PTNJ0240,NA,NA,NA,NA,NA,NA,NA,NA,NA,NA,NA
PANCCOCO,NA,NA,NA,NA,NA,NA,NA,NA,NA,NA,NA
PUNCCOCO,NA,NA,NA,NA,NA,NA,NA,NA,NA,NA,NA
PCNCCOCO,NA,NA,NA,NA,NA,NA,NA,NA,NA,NA,NA
VANCCOCO,NA,NA,NA,NA,NA,NA,NA,NA,NA,NA,NA
VUNCCOCO,NA,NA,NA,NA,NA,NA,NA,NA,NA,NA,NA
VMNCCOCO,NA,NA,NA,NA,NA,NA,NA,NA,NA,NA,NA
VMSCPRWD,NA,NA,NA,NA,NA,NA,NA,NA,NA,NA,NA
VUSCPRWD,NA,NA,NA,NA,NA,NA,NA,NA,NA,NA,NA
PUSCPRWD,NA,NA,NA,NA,NA,NA,NA,NA,NA,NA,NA
PTNJ0510,NA,NA,NA,NA,NA,NA,NA,NA,NA,NA,NA
PUNJ1817,NA,NA,NA,NA,NA,NA,NA,NA,NA,NA,NA
PTNJ1817,NA,NA,NA,NA,NA,NA,NA,NA,NA,NA,NA
VAFLWILL,NA,NA,NA,NA,NA,NA,NA,NA,NA,NA,NA
VMFLWILL,NA,NA,NA,NA,NA,NA,NA,NA,NA,NA,NA
VUFLWILL,NA,NA,NA,NA,NA,NA,NA,NA,NA,NA,NA
VDGAROBC,NA,NA,NA,NA,NA,NA,NA,NA,NA,NA,NA
PTNYWAVL,NA,NA,NA,NA,NA,NA,NA,NA,NA,NA,NA
PUNYWAVL,NA,NA,NA,NA,NA,NA,NA,NA,NA,NA,NA
PTNYENDI,NA,NA,NA,NA,NA,NA,NA,NA,NA,NA,NA
PUNYENDI,NA,NA,NA,NA,NA,NA,NA,NA,NA,NA,NA
VTNYENDI,NA,NA,NA,NA,NA,NA,NA,NA,NA,NA,NA
VMNYENDI,NA,NA,NA,NA,NA,NA,NA,NA,NA,NA,NA
VUNYENDI,NA,NA,NA,NA,NA,NA,NA,NA,NA,NA,NA
PUNYMARL,NA,NA,NA,NA,NA,NA,NA,NA,NA,NA,NA
PAGATREN,NA,NA,NA,NA,NA,NA,NA,NA,NA,NA,NA
PTGATREN,NA,NA,NA,NA,NA,NA,NA,NA,NA,NA,NA
PCGATREN,NA,NA,NA,NA,NA,NA,NA,NA,NA,NA,NA
PUMDGBLT,NA,NA,NA,NA,NA,NA,NA,NA,NA,NA,NA
VUMDGBLT,NA,NA,NA,NA,NA,NA,NA,NA,NA,NA,NA
PUNYDIAN,NA,NA,NA,NA,NA,NA,NA,NA,NA,NA,NA
PCPAUHAN,NA,NA,NA,NA,NA,NA,NA,NA,NA,NA,NA
VMTXCSUD,NA,NA,NA,NA,NA,NA,NA,NA,NA,NA,NA
VUTXCSUD,NA,NA,NA,NA,NA,NA,NA,NA,NA,NA,NA
VMPAUHAN,NA,NA,NA,NA,NA,NA,NA,NA,NA,NA,NA
VDNJ1216,NA,NA,NA,NA,NA,NA,NA,NA,NA,NA,NA
PANCBEEC,NA,NA,NA,NA,NA,NA,NA,NA,NA,NA,NA
PTNCBEEC,NA,NA,NA,NA,NA,NA,NA,NA,NA,NA,NA
PUNCBEEC,NA,NA,NA,NA,NA,NA,NA,NA,NA,NA,NA
PCNCBEEC,NA,NA,NA,NA,NA,NA,NA,NA,NA,NA,NA
VANCBEEC,NA,NA,NA,NA,NA,NA,NA,NA,NA,NA,NA
VTNCBEEC,NA,NA,NA,NA,NA,NA,NA,NA,NA,NA,NA
VUNCBEEC,NA,NA,NA,NA,NA,NA,NA,NA,NA,NA,NA
VMNCBEEC,NA,NA,NA,NA,NA,NA,NA,NA,NA,NA,NA
PUNJ1806,NA,NA,NA,NA,NA,NA,NA,NA,NA,NA,NA
PTNJ1806,NA,NA,NA,NA,NA,NA,NA,NA,NA,NA,NA
PTNJ1917,NA,NA,NA,NA,NA,NA,NA,NA,NA,NA,NA
PUNJ1015,NA,NA,NA,NA,NA,NA,NA,NA,NA,NA,NA
PTNJ1015,NA,NA,NA,NA,NA,NA,NA,NA,NA,NA,NA
PUGACOWA,NA,NA,NA,NA,NA,NA,NA,NA,NA,NA,NA
VMGACOWA,NA,NA,NA,NA,NA,NA,NA,NA,NA,NA,NA
VUGACOWA,NA,NA,NA,NA,NA,NA,NA,NA,NA,NA,NA
PAMOMALD,NA,NA,NA,NA,NA,NA,NA,NA,NA,NA,NA
PTMOMALD,NA,NA,NA,NA,NA,NA,NA,NA,NA,NA,NA
PUMOMCPW,NA,NA,NA,NA,NA,NA,NA,NA,NA,NA,NA
PCMOMALD,NA,NA,NA,NA,NA,NA,NA,NA,NA,NA,NA
VAMOMALD,NA,NA,NA,NA,NA,NA,NA,NA,NA,NA,NA
VTMOMALD,NA,NA,NA,NA,NA,NA,NA,NA,NA,NA,NA
VUMOMCPW,NA,NA,NA,NA,NA,NA,NA,NA,NA,NA,NA
VMMOMALD,NA,NA,NA,NA,NA,NA,NA,NA,NA,NA,NA
PTNJ1801,NA,NA,NA,NA,NA,NA,NA,NA,NA,NA,NA
PUNJ1801,NA,NA,NA,NA,NA,NA,NA,NA,NA,NA,NA
PTNJ1012,NA,NA,NA,NA,NA,NA,NA,NA,NA,NA,NA
PUNJ1012,NA,NA,NA,NA,NA,NA,NA,NA,NA,NA,NA
PTNJ1904,NA,NA,NA,NA,NA,NA,NA,NA,NA,NA,NA
PUNJ1904,NA,NA,NA,NA,NA,NA,NA,NA,NA,NA,NA
PTNJ1924,NA,NA,NA,NA,NA,NA,NA,NA,NA,NA,NA
PCNYGOSH,NA,NA,NA,NA,NA,NA,NA,NA,NA,NA,NA
PCNJ0811,NA,NA,NA,NA,NA,NA,NA,NA,NA,NA,NA
PTNJ0912,NA,NA,NA,NA,NA,NA,NA,NA,NA,NA,NA
PTNJ1809,NA,NA,NA,NA,NA,NA,NA,NA,NA,NA,NA
PUNJ1809,NA,NA,NA,NA,NA,NA,NA,NA,NA,NA,NA
PCNJ1809,NA,NA,NA,NA,NA,NA,NA,NA,NA,NA,NA
PTNJ1913,NA,NA,NA,NA,NA,NA,NA,NA,NA,NA,NA
PTNJ1807,NA,NA,NA,NA,NA,NA,NA,NA,NA,NA,NA
PUNJ1807,NA,NA,NA,NA,NA,NA,NA,NA,NA,NA,NA
PUTXKEMP,NA,NA,NA,NA,NA,NA,NA,NA,NA,NA,NA
PUTXCCWS,NA,NA,NA,NA,NA,NA,NA,NA,NA,NA,NA
VUTXCCWS,NA,NA,NA,NA,NA,NA,NA,NA,NA,NA,NA
VMTXCCWS,NA,NA,NA,NA,NA,NA,NA,NA,NA,NA,NA
PUGALUMP,NA,NA,NA,NA,NA,NA,NA,NA,NA,NA,NA
VUGALUMP,NA,NA,NA,NA,NA,NA,NA,NA,NA,NA,NA
VMGALUMP,NA,NA,NA,NA,NA,NA,NA,NA,NA,NA,NA
PAGANAHU,NA,NA,NA,NA,NA,NA,NA,NA,NA,NA,NA
PUGANAHU,NA,NA,NA,NA,NA,NA,NA,NA,NA,NA,NA
VAGANAHU,NA,NA,NA,NA,NA,NA,NA,NA,NA,NA,NA
VUGANAHU,NA,NA,NA,NA,NA,NA,NA,NA,NA,NA,NA
VDGANAHU,NA,NA,NA,NA,NA,NA,NA,NA,NA,NA,NA
VMGANAHU,NA,NA,NA,NA,NA,NA,NA,NA,NA,NA,NA
PANJ1026,NA,NA,NA,NA,NA,NA,NA,NA,NA,NA,NA
PTNJ1026,NA,NA,NA,NA,NA,NA,NA,NA,NA,NA,NA
PANYPEND,NA,NA,NA,NA,NA,NA,NA,NA,NA,NA,NA
VANYPEND,NA,NA,NA,NA,NA,NA,NA,NA,NA,NA,NA
VADECAMD,NA,NA,NA,NA,NA,NA,NA,NA,NA,NA,NA
VTDECAMD,NA,NA,NA,NA,NA,NA,NA,NA,NA,NA,NA
VMDECAMD,NA,NA,NA,NA,NA,NA,NA,NA,NA,NA,NA
PAMOCAME,NA,NA,NA,NA,NA,NA,NA,NA,NA,NA,NA
PUMOCAME,NA,NA,NA,NA,NA,NA,NA,NA,NA,NA,NA
PCMOCAME,NA,NA,NA,NA,NA,NA,NA,NA,NA,NA,NA
VAMOCAME,NA,NA,NA,NA,NA,NA,NA,NA,NA,NA,NA
VUMOCAME,NA,NA,NA,NA,NA,NA,NA,NA,NA,NA,NA
VMMOCAME,NA,NA,NA,NA,NA,NA,NA,NA,NA,NA,NA
VMTXJWSU,NA,NA,NA,NA,NA,NA,NA,NA,NA,NA,NA
VUTXJWSU,NA,NA,NA,NA,NA,NA,NA,NA,NA,NA,NA
PUSCCHPN,NA,NA,NA,NA,NA,NA,NA,NA,NA,NA,NA
PCSCCHPN,NA,NA,NA,NA,NA,NA,NA,NA,NA,NA,NA
VUSCCHPN,NA,NA,NA,NA,NA,NA,NA,NA,NA,NA,NA
VMSCCHPN,NA,NA,NA,NA,NA,NA,NA,NA,NA,NA,NA
PTNJ1021,NA,NA,NA,NA,NA,NA,NA,NA,NA,NA,NA
PCNJ1407,NA,NA,NA,NA,NA,NA,NA,NA,NA,NA,NA
PUNJHASA,NA,NA,NA,NA,NA,NA,NA,NA,NA,NA,NA
PTNJ1412,NA,NA,NA,NA,NA,NA,NA,NA,NA,NA,NA
VUTXKEMP,NA,NA,NA,NA,NA,NA,NA,NA,NA,NA,NA
VMTXKEMP,NA,NA,NA,NA,NA,NA,NA,NA,NA,NA,NA
PDMDSMCM,NA,NA,NA,NA,NA,NA,NA,NA,NA,NA,NA
VDMDSMCM,NA,NA,NA,NA,NA,NA,NA,NA,NA,NA,NA
PTNJ0901,NA,NA,NA,NA,NA,NA,NA,NA,NA,NA,NA
PAFLHNWS,NA,NA,NA,NA,NA,NA,NA,NA,NA,NA,NA
PUFLHNWS,NA,NA,NA,NA,NA,NA,NA,NA,NA,NA,NA
PTNYROSL,NA,NA,NA,NA,NA,NA,NA,NA,NA,NA,NA
PTNJ1420,NA,NA,NA,NA,NA,NA,NA,NA,NA,NA,NA
PUNJ1420,NA,NA,NA,NA,NA,NA,NA,NA,NA,NA,NA
PTNJ1022,NA,NA,NA,NA,NA,NA,NA,NA,NA,NA,NA
PUNJ1022,NA,NA,NA,NA,NA,NA,NA,NA,NA,NA,NA
PSNJ1420,NA,NA,NA,NA,NA,NA,NA,NA,NA,NA,NA
PAFLPERR,NA,NA,NA,NA,NA,NA,NA,NA,NA,NA,NA
PUFLPERR,NA,NA,NA,NA,NA,NA,NA,NA,NA,NA,NA
PCFLPERR,NA,NA,NA,NA,NA,NA,NA,NA,NA,NA,NA
VAFLPERR,NA,NA,NA,NA,NA,NA,NA,NA,NA,NA,NA
VMFLPERR,NA,NA,NA,NA,NA,NA,NA,NA,NA,NA,NA
VUFLPERR,NA,NA,NA,NA,NA,NA,NA,NA,NA,NA,NA
PUNJ0712,NA,NA,NA,NA,NA,NA,NA,NA,NA,NA,NA
PSNJ0712,NA,NA,NA,NA,NA,NA,NA,NA,NA,NA,NA
PTNJ0712,NA,NA,NA,NA,NA,NA,NA,NA,NA,NA,NA
VUNJ0712,NA,NA,NA,NA,NA,NA,NA,NA,NA,NA,NA
VSNJ0712,NA,NA,NA,NA,NA,NA,NA,NA,NA,NA,NA
VMSCPTRT,NA,NA,NA,NA,NA,NA,NA,NA,NA,NA,NA
PCMOLAWS,NA,NA,NA,NA,NA,NA,NA,NA,NA,NA,NA
VMMOLAWS,NA,NA,NA,NA,NA,NA,NA,NA,NA,NA,NA
PANJ1713,NA,NA,NA,NA,NA,NA,NA,NA,NA,NA,NA
VGNYLTTL,NA,NA,NA,NA,NA,NA,NA,NA,NA,NA,NA
PSNJ1428,NA,NA,NA,NA,NA,NA,NA,NA,NA,NA,NA
VSNJ1428,NA,NA,NA,NA,NA,NA,NA,NA,NA,NA,NA
PTNJ1919,NA,NA,NA,NA,NA,NA,NA,NA,NA,NA,NA
PUNJ1919,NA,NA,NA,NA,NA,NA,NA,NA,NA,NA,NA
VTNJ1919,NA,NA,NA,NA,NA,NA,NA,NA,NA,NA,NA
VUNJ1919,NA,NA,NA,NA,NA,NA,NA,NA,NA,NA,NA
VMNJ1919,NA,NA,NA,NA,NA,NA,NA,NA,NA,NA,NA
PUPAELLW,NA,NA,NA,NA,NA,NA,NA,NA,NA,NA,NA
VGGALAVO,NA,NA,NA,NA,NA,NA,NA,NA,NA,NA,NA
VPGALAVO,NA,NA,NA,NA,NA,NA,NA,NA,NA,NA,NA
VCGALAVO,NA,NA,NA,NA,NA,NA,NA,NA,NA,NA,NA
VDGALAVO,NA,NA,NA,NA,NA,NA,NA,NA,NA,NA,NA
VUNYBWNV,NA,NA,NA,NA,NA,NA,NA,NA,NA,NA,NA
VMNYBWNV,NA,NA,NA,NA,NA,NA,NA,NA,NA,NA,NA
PAMOROLL,NA,NA,NA,NA,NA,NA,NA,NA,NA,NA,NA
PUMOROLL,NA,NA,NA,NA,NA,NA,NA,NA,NA,NA,NA
VAMOROLL,NA,NA,NA,NA,NA,NA,NA,NA,NA,NA,NA
VUMOROLL,NA,NA,NA,NA,NA,NA,NA,NA,NA,NA,NA
VMMOROLL,NA,NA,NA,NA,NA,NA,NA,NA,NA,NA,NA
PAMSBOON,NA,NA,NA,NA,NA,NA,NA,NA,NA,NA,NA
PUMSBCWG,NA,NA,NA,NA,NA,NA,NA,NA,NA,NA,NA
PTNJ0704,NA,NA,NA,NA,NA,NA,NA,NA,NA,NA,NA
PUNJ0704,NA,NA,NA,NA,NA,NA,NA,NA,NA,NA,NA
PPNJ0704,NA,NA,NA,NA,NA,NA,NA,NA,NA,NA,NA
PTNJ1330,NA,NA,NA,NA,NA,NA,NA,NA,NA,NA,NA
PUNJ1330,NA,NA,NA,NA,NA,NA,NA,NA,NA,NA,NA
PANJ0116,NA,NA,NA,NA,NA,NA,NA,NA,NA,NA,NA
PAPAGETT,NA,NA,NA,NA,NA,NA,NA,NA,NA,NA,NA
PUPAGETT,NA,NA,NA,NA,NA,NA,NA,NA,NA,NA,NA
PCPAGETT,NA,NA,NA,NA,NA,NA,NA,NA,NA,NA,NA
VAPAGETT,NA,NA,NA,NA,NA,NA,NA,NA,NA,NA,NA
VUPAGETT,NA,NA,NA,NA,NA,NA,NA,NA,NA,NA,NA
VMPAGETT,NA,NA,NA,NA,NA,NA,NA,NA,NA,NA,NA
VTNJ0912,NA,NA,NA,NA,NA,NA,NA,NA,NA,NA,NA
VMNJ0912,NA,NA,NA,NA,NA,NA,NA,NA,NA,NA,NA
PANJ0601,NA,NA,NA,NA,NA,NA,NA,NA,NA,NA,NA
VANJ0601,NA,NA,NA,NA,NA,NA,NA,NA,NA,NA,NA
VUNCWCWC,NA,NA,NA,NA,NA,NA,NA,NA,NA,NA,NA
VMNCWCWC,NA,NA,NA,NA,NA,NA,NA,NA,NA,NA,NA
PTNJ2105,NA,NA,NA,NA,NA,NA,NA,NA,NA,NA,NA
PTNJ0209,NA,NA,NA,NA,NA,NA,NA,NA,NA,NA,NA
PTNJ2119,NA,NA,NA,NA,NA,NA,NA,NA,NA,NA,NA
PUNJ2119,NA,NA,NA,NA,NA,NA,NA,NA,NA,NA,NA
VAMSBOON,NA,NA,NA,NA,NA,NA,NA,NA,NA,NA,NA
VUMSBCWG,NA,NA,NA,NA,NA,NA,NA,NA,NA,NA,NA
VMMSBCWG,NA,NA,NA,NA,NA,NA,NA,NA,NA,NA,NA
VTNJ1431,NA,NA,NA,NA,NA,NA,NA,NA,NA,NA,NA
VUNJ1431,NA,NA,NA,NA,NA,NA,NA,NA,NA,NA,NA
VMNJ1431,NA,NA,NA,NA,NA,NA,NA,NA,NA,NA,NA
VTTNSGNL,NA,NA,NA,NA,NA,NA,NA,NA,NA,NA,NA
VUTNSGNL,NA,NA,NA,NA,NA,NA,NA,NA,NA,NA,NA
VMTNSGNL,NA,NA,NA,NA,NA,NA,NA,NA,NA,NA,NA
VUNJEMUA,NA,NA,NA,NA,NA,NA,NA,NA,NA,NA,NA
VMNJEMUA,NA,NA,NA,NA,NA,NA,NA,NA,NA,NA,NA
PANYAMST,NA,NA,NA,NA,NA,NA,NA,NA,NA,NA,NA
PTNYAMST,NA,NA,NA,NA,NA,NA,NA,NA,NA,NA,NA
PUNYAMST,NA,NA,NA,NA,NA,NA,NA,NA,NA,NA,NA
PUNYGAIN,NA,NA,NA,NA,NA,NA,NA,NA,NA,NA,NA
PTNJ1418,NA,NA,NA,NA,NA,NA,NA,NA,NA,NA,NA
PUNJ1418,NA,NA,NA,NA,NA,NA,NA,NA,NA,NA,NA
VTNJ1418,NA,NA,NA,NA,NA,NA,NA,NA,NA,NA,NA
VUNJ1418,NA,NA,NA,NA,NA,NA,NA,NA,NA,NA,NA
VMNJ1418,NA,NA,NA,NA,NA,NA,NA,NA,NA,NA,NA
PSNJ0610,NA,NA,NA,NA,NA,NA,NA,NA,NA,NA,NA
VSNJ0610,NA,NA,NA,NA,NA,NA,NA,NA,NA,NA,NA
PUNYCHAM,NA,NA,NA,NA,NA,NA,NA,NA,NA,NA,NA
PTNJ1906,NA,NA,NA,NA,NA,NA,NA,NA,NA,NA,NA
PUNJ1906,NA,NA,NA,NA,NA,NA,NA,NA,NA,NA,NA
VTNJ1906,NA,NA,NA,NA,NA,NA,NA,NA,NA,NA,NA
VUNJ1906,NA,NA,NA,NA,NA,NA,NA,NA,NA,NA,NA
VMNJ1906,NA,NA,NA,NA,NA,NA,NA,NA,NA,NA,NA
VDFLWBST,NA,NA,NA,NA,NA,NA,NA,NA,NA,NA,NA
VBNJ1527,NA,NA,NA,NA,NA,NA,NA,NA,NA,NA,NA
PUNYWURT,NA,NA,NA,NA,NA,NA,NA,NA,NA,NA,NA
PUGAWREN,NA,NA,NA,NA,NA,NA,NA,NA,NA,NA,NA
PAGAWREN,NA,NA,NA,NA,NA,NA,NA,NA,NA,NA,NA
VUGAWREN,NA,NA,NA,NA,NA,NA,NA,NA,NA,NA,NA
VMGAWREN,NA,NA,NA,NA,NA,NA,NA,NA,NA,NA,NA
VAGAWREN,NA,NA,NA,NA,NA,NA,NA,NA,NA,NA,NA
PPFLLOXA,NA,NA,NA,NA,NA,NA,NA,NA,NA,NA,NA
VPFLLOXA,NA,NA,NA,NA,NA,NA,NA,NA,NA,NA,NA
PTNCWAXT,NA,NA,NA,NA,NA,NA,NA,NA,NA,NA,NA
PANCWAXT,NA,NA,NA,NA,NA,NA,NA,NA,NA,NA,NA
PCNCWAXT,NA,NA,NA,NA,NA,NA,NA,NA,NA,NA,NA
VTNCWAXT,NA,NA,NA,NA,NA,NA,NA,NA,NA,NA,NA
VMNCWAXT,NA,NA,NA,NA,NA,NA,NA,NA,NA,NA,NA
VANCWAXT,NA,NA,NA,NA,NA,NA,NA,NA,NA,NA,NA
PALADERI,NA,NA,NA,NA,NA,NA,NA,NA,NA,NA,NA
VALADERI,NA,NA,NA,NA,NA,NA,NA,NA,NA,NA,NA
VMPATHRN,NA,NA,NA,NA,NA,NA,NA,NA,NA,NA,NA
PPNJ1614,NA,NA,NA,NA,NA,NA,NA,NA,NA,NA,NA
VPNJ1614,NA,NA,NA,NA,NA,NA,NA,NA,NA,NA,NA
PTNJ1001,NA,NA,NA,NA,NA,NA,NA,NA,NA,NA,NA
VAVAWYTH,NA,NA,NA,NA,NA,NA,NA,NA,NA,NA,NA
VTVAWYTH,NA,NA,NA,NA,NA,NA,NA,NA,NA,NA,NA
VUVAWYTH,NA,NA,NA,NA,NA,NA,NA,NA,NA,NA,NA
VMVAWYTH,NA,NA,NA,NA,NA,NA,NA,NA,NA,NA,NA
PTKYCROL,NA,NA,NA,NA,NA,NA,NA,NA,NA,NA,NA
PAKYCROL,NA,NA,NA,NA,NA,NA,NA,NA,NA,NA,NA
PCKYCROL,NA,NA,NA,NA,NA,NA,NA,NA,NA,NA,NA
VTKYCROL,NA,NA,NA,NA,NA,NA,NA,NA,NA,NA,NA
VAKYCROL,NA,NA,NA,NA,NA,NA,NA,NA,NA,NA,NA
VMKYCROL,NA,NA,NA,NA,NA,NA,NA,NA,NA,NA,NA
PTNJ0909,NA,NA,NA,NA,NA,NA,NA,NA,NA,NA,NA
PANJWAEA,NA,NA,NA,NA,NA,NA,NA,NA,NA,NA,NA
VAGAMADI,NA,NA,NA,NA,NA,NA,NA,NA,NA,NA,NA
VAFLHNWS,NA,NA,NA,NA,NA,NA,NA,NA,NA,NA,NA
VUFLHNWS,NA,NA,NA,NA,NA,NA,NA,NA,NA,NA,NA
VMFLHNWS,NA,NA,NA,NA,NA,NA,NA,NA,NA,NA,NA
VTNJ0909,NA,NA,NA,NA,NA,NA,NA,NA,NA,NA,NA
VMNJ0909,NA,NA,NA,NA,NA,NA,NA,NA,NA,NA,NA
VATXCLIF,NA,NA,NA,NA,NA,NA,NA,NA,NA,NA,NA
PATXCLIF,NA,NA,NA,NA,NA,NA,NA,NA,NA,NA,NA
PUTXCLIF,NA,NA,NA,NA,NA,NA,NA,NA,NA,NA,NA
VUTXCLIF,NA,NA,NA,NA,NA,NA,NA,NA,NA,NA,NA
VMTXCLIF,NA,NA,NA,NA,NA,NA,NA,NA,NA,NA,NA
PTNJ1105,NA,NA,NA,NA,NA,NA,NA,NA,NA,NA,NA
PUNJ1105,NA,NA,NA,NA,NA,NA,NA,NA,NA,NA,NA
PCNJ0315,NA,NA,NA,NA,NA,NA,NA,NA,NA,NA,NA
PANJ0514,NA,NA,NA,NA,NA,NA,NA,NA,NA,NA,NA
VTMDELKT,NA,NA,NA,NA,NA,NA,NA,NA,NA,NA,NA
VUMDELKT,NA,NA,NA,NA,NA,NA,NA,NA,NA,NA,NA
VAMDELKT,NA,NA,NA,NA,NA,NA,NA,NA,NA,NA,NA
PAPAMANH,NA,NA,NA,NA,NA,NA,NA,NA,NA,NA,NA
VUNJLCMA,NA,NA,NA,NA,NA,NA,NA,NA,NA,NA,NA
VMNJLCMA,NA,NA,NA,NA,NA,NA,NA,NA,NA,NA,NA
PTNYOWVL,NA,NA,NA,NA,NA,NA,NA,NA,NA,NA,NA
PUNYOWVL,NA,NA,NA,NA,NA,NA,NA,NA,NA,NA,NA
VUTXWHTC,NA,NA,NA,NA,NA,NA,NA,NA,NA,NA,NA
VATXWHTC,NA,NA,NA,NA,NA,NA,NA,NA,NA,NA,NA
VMTXWHTC,NA,NA,NA,NA,NA,NA,NA,NA,NA,NA,NA
PUNJ1909,NA,NA,NA,NA,NA,NA,NA,NA,NA,NA,NA
PTNJ1909,NA,NA,NA,NA,NA,NA,NA,NA,NA,NA,NA
VTNJ1909,NA,NA,NA,NA,NA,NA,NA,NA,NA,NA,NA
VUNJ1909,NA,NA,NA,NA,NA,NA,NA,NA,NA,NA,NA
VMNJ1909,NA,NA,NA,NA,NA,NA,NA,NA,NA,NA,NA
PANJ0313,NA,NA,NA,NA,NA,NA,NA,NA,NA,NA,NA
PTGAEDIS,NA,NA,NA,NA,NA,NA,NA,NA,NA,NA,NA
PUGAEDIS,NA,NA,NA,NA,NA,NA,NA,NA,NA,NA,NA
VTGAEDIS,NA,NA,NA,NA,NA,NA,NA,NA,NA,NA,NA
VUGAEDIS,NA,NA,NA,NA,NA,NA,NA,NA,NA,NA,NA
VMGAEDIS,NA,NA,NA,NA,NA,NA,NA,NA,NA,NA,NA
PUNYHRSE,NA,NA,NA,NA,NA,NA,NA,NA,NA,NA,NA
VTNJ0901,NA,NA,NA,NA,NA,NA,NA,NA,NA,NA,NA
VMNJ0901,NA,NA,NA,NA,NA,NA,NA,NA,NA,NA,NA
PTNJ1113,NA,NA,NA,NA,NA,NA,NA,NA,NA,NA,NA
PUNJ1113,NA,NA,NA,NA,NA,NA,NA,NA,NA,NA,NA
PTNJ0904,NA,NA,NA,NA,NA,NA,NA,NA,NA,NA,NA
PUNJ0904,NA,NA,NA,NA,NA,NA,NA,NA,NA,NA,NA
PANJ0507,NA,NA,NA,NA,NA,NA,NA,NA,NA,NA,NA
PCNJ0507,NA,NA,NA,NA,NA,NA,NA,NA,NA,NA,NA
PTNJ1605,NA,NA,NA,NA,NA,NA,NA,NA,NA,NA,NA
PANJ0259,NA,NA,NA,NA,NA,NA,NA,NA,NA,NA,NA
VTNJ1607,NA,NA,NA,NA,NA,NA,NA,NA,NA,NA,NA
VMNJ1607,NA,NA,NA,NA,NA,NA,NA,NA,NA,NA,NA
VMLABERW,NA,NA,NA,NA,NA,NA,NA,NA,NA,NA,NA
VALABERW,NA,NA,NA,NA,NA,NA,NA,NA,NA,NA,NA
VULABERW,NA,NA,NA,NA,NA,NA,NA,NA,NA,NA,NA
VTLABERW,NA,NA,NA,NA,NA,NA,NA,NA,NA,NA,NA
PTLABERW,NA,NA,NA,NA,NA,NA,NA,NA,NA,NA,NA
PULABERW,NA,NA,NA,NA,NA,NA,NA,NA,NA,NA,NA
PALABERW,NA,NA,NA,NA,NA,NA,NA,NA,NA,NA,NA
PCTXWHTC,NA,NA,NA,NA,NA,NA,NA,NA,NA,NA,NA
PCNJ1401,NA,NA,NA,NA,NA,NA,NA,NA,NA,NA,NA
VTNCOAKI,NA,NA,NA,NA,NA,NA,NA,NA,NA,NA,NA
VUNCOAKI,NA,NA,NA,NA,NA,NA,NA,NA,NA,NA,NA
VMNCOAKI,NA,NA,NA,NA,NA,NA,NA,NA,NA,NA,NA
VANCOAKI,NA,NA,NA,NA,NA,NA,NA,NA,NA,NA,NA
PCNJ0322,NA,NA,NA,NA,NA,NA,NA,NA,NA,NA,NA
PANYUNYK,NA,NA,NA,NA,NA,NA,NA,NA,NA,NA,NA
PTNJ1018,NA,NA,NA,NA,NA,NA,NA,NA,NA,NA,NA
PTNJ2121,NA,NA,NA,NA,NA,NA,NA,NA,NA,NA,NA
PUNJ2121,NA,NA,NA,NA,NA,NA,NA,NA,NA,NA,NA
PGNJ2121,NA,NA,NA,NA,NA,NA,NA,NA,NA,NA,NA
VTNJ1528,NA,NA,NA,NA,NA,NA,NA,NA,NA,NA,NA
VUNJ1528,NA,NA,NA,NA,NA,NA,NA,NA,NA,NA,NA
VMNJ1528,NA,NA,NA,NA,NA,NA,NA,NA,NA,NA,NA
VTKYOAKG,NA,NA,NA,NA,NA,NA,NA,NA,NA,NA,NA
VUKYOAKG,NA,NA,NA,NA,NA,NA,NA,NA,NA,NA,NA
VAKYOAKG,NA,NA,NA,NA,NA,NA,NA,NA,NA,NA,NA
VMKYOAKG,NA,NA,NA,NA,NA,NA,NA,NA,NA,NA,NA
PUNJ1018,NA,NA,NA,NA,NA,NA,NA,NA,NA,NA,NA
VMPAMOMA,NA,NA,NA,NA,NA,NA,NA,NA,NA,NA,NA
VUPAMOMA,NA,NA,NA,NA,NA,NA,NA,NA,NA,NA,NA
PUNJ0418,NA,NA,NA,NA,NA,NA,NA,NA,NA,NA,NA
VUNJ0418,NA,NA,NA,NA,NA,NA,NA,NA,NA,NA,NA
VULAAPWD,NA,NA,NA,NA,NA,NA,NA,NA,NA,NA,NA
PCNJ1708,NA,NA,NA,NA,NA,NA,NA,NA,NA,NA,NA
PANJ1708,NA,NA,NA,NA,NA,NA,NA,NA,NA,NA,NA
PAPASUSQ,NA,NA,NA,NA,NA,NA,NA,NA,NA,NA,NA
VAPASUSQ,NA,NA,NA,NA,NA,NA,NA,NA,NA,NA,NA
VMPASUSQ,NA,NA,NA,NA,NA,NA,NA,NA,NA,NA,NA
PUNJCTSA,NA,NA,NA,NA,NA,NA,NA,NA,NA,NA,NA
PUNYWVIL,NA,NA,NA,NA,NA,NA,NA,NA,NA,NA,NA
PANJ1304,NA,NA,NA,NA,NA,NA,NA,NA,NA,NA,NA
PUNYPLMV,NA,NA,NA,NA,NA,NA,NA,NA,NA,NA,NA
PSNYPLMV,NA,NA,NA,NA,NA,NA,NA,NA,NA,NA,NA
PSPARIDL,NA,NA,NA,NA,NA,NA,NA,NA,NA,NA,NA
VSPARIDL,NA,NA,NA,NA,NA,NA,NA,NA,NA,NA,NA
VANJ1708,NA,NA,NA,NA,NA,NA,NA,NA,NA,NA,NA
VTVAKILM,NA,NA,NA,NA,NA,NA,NA,NA,NA,NA,NA
VUVAKILM,NA,NA,NA,NA,NA,NA,NA,NA,NA,NA,NA
VAVAKILM,NA,NA,NA,NA,NA,NA,NA,NA,NA,NA,NA
VUSCBRWC,NA,NA,NA,NA,NA,NA,NA,NA,NA,NA,NA
VMVAKILM,NA,NA,NA,NA,NA,NA,NA,NA,NA,NA,NA
VMSCBRWC,NA,NA,NA,NA,NA,NA,NA,NA,NA,NA,NA
VTNCSURF,NA,NA,NA,NA,NA,NA,NA,NA,NA,NA,NA
VUNCSURF,NA,NA,NA,NA,NA,NA,NA,NA,NA,NA,NA
VMNCSURF,NA,NA,NA,NA,NA,NA,NA,NA,NA,NA,NA
PTNJ1520,NA,NA,NA,NA,NA,NA,NA,NA,NA,NA,NA
PUNJ1520,NA,NA,NA,NA,NA,NA,NA,NA,NA,NA,NA
PCNJ1520,NA,NA,NA,NA,NA,NA,NA,NA,NA,NA,NA
VTNJ1520,NA,NA,NA,NA,NA,NA,NA,NA,NA,NA,NA
VUNJ1520,NA,NA,NA,NA,NA,NA,NA,NA,NA,NA,NA
VMNJ1520,NA,NA,NA,NA,NA,NA,NA,NA,NA,NA,NA
PTNJ1916,NA,NA,NA,NA,NA,NA,NA,NA,NA,NA,NA
PUNJ1916,NA,NA,NA,NA,NA,NA,NA,NA,NA,NA,NA
PTVAEMPO,NA,NA,NA,NA,NA,NA,NA,NA,NA,NA,NA
PUVAEMPO,NA,NA,NA,NA,NA,NA,NA,NA,NA,NA,NA
PAVAEMPO,NA,NA,NA,NA,NA,NA,NA,NA,NA,NA,NA
PCVAEMPO,NA,NA,NA,NA,NA,NA,NA,NA,NA,NA,NA
PUNYCHET,NA,NA,NA,NA,NA,NA,NA,NA,NA,NA,NA
VUNYCHET,NA,NA,NA,NA,NA,NA,NA,NA,NA,NA,NA
VMNYCHET,NA,NA,NA,NA,NA,NA,NA,NA,NA,NA,NA
PDMOROLL,NA,NA,NA,NA,NA,NA,NA,NA,NA,NA,NA
VDMOROLL,NA,NA,NA,NA,NA,NA,NA,NA,NA,NA,NA
PUNYROYA,NA,NA,NA,NA,NA,NA,NA,NA,NA,NA,NA
PUNJ1011,NA,NA,NA,NA,NA,NA,NA,NA,NA,NA,NA
PTNJ1011,NA,NA,NA,NA,NA,NA,NA,NA,NA,NA,NA
PTPABFCI,NA,NA,NA,NA,NA,NA,NA,NA,NA,NA,NA
PAPABFCI,NA,NA,NA,NA,NA,NA,NA,NA,NA,NA,NA
PAWVMORG,NA,NA,NA,NA,NA,NA,NA,NA,NA,NA,NA
VAWVMORG,NA,NA,NA,NA,NA,NA,NA,NA,NA,NA,NA
VMWVMORG,NA,NA,NA,NA,NA,NA,NA,NA,NA,NA,NA
PBNJ0217,NA,NA,NA,NA,NA,NA,NA,NA,NA,NA,NA
PCNJ0217,NA,NA,NA,NA,NA,NA,NA,NA,NA,NA,NA
PDNJ0217,NA,NA,NA,NA,NA,NA,NA,NA,NA,NA,NA
PENJ0217,NA,NA,NA,NA,NA,NA,NA,NA,NA,NA,NA
PHNJ0217,NA,NA,NA,NA,NA,NA,NA,NA,NA,NA,NA
PJNJ0217,NA,NA,NA,NA,NA,NA,NA,NA,NA,NA,NA
PLNJ0217,NA,NA,NA,NA,NA,NA,NA,NA,NA,NA,NA
PONJ0217,NA,NA,NA,NA,NA,NA,NA,NA,NA,NA,NA
PPNJ0217,NA,NA,NA,NA,NA,NA,NA,NA,NA,NA,NA
VBNJ0217,NA,NA,NA,NA,NA,NA,NA,NA,NA,NA,NA
VDNJ0217,NA,NA,NA,NA,NA,NA,NA,NA,NA,NA,NA
VENJ0217,NA,NA,NA,NA,NA,NA,NA,NA,NA,NA,NA
VHNJ0217,NA,NA,NA,NA,NA,NA,NA,NA,NA,NA,NA
VJNJ0217,NA,NA,NA,NA,NA,NA,NA,NA,NA,NA,NA
VLNJ0217,NA,NA,NA,NA,NA,NA,NA,NA,NA,NA,NA
VMNJ0217,NA,NA,NA,NA,NA,NA,NA,NA,NA,NA,NA
VONJ0217,NA,NA,NA,NA,NA,NA,NA,NA,NA,NA,NA
VPNJ0217,NA,NA,NA,NA,NA,NA,NA,NA,NA,NA,NA
VTNJ1105,NA,NA,NA,NA,NA,NA,NA,NA,NA,NA,NA
VUNJ1105,NA,NA,NA,NA,NA,NA,NA,NA,NA,NA,NA
VTNJ1904,NA,NA,NA,NA,NA,NA,NA,NA,NA,NA,NA
VUNJ1904,NA,NA,NA,NA,NA,NA,NA,NA,NA,NA,NA
VMNJ1904,NA,NA,NA,NA,NA,NA,NA,NA,NA,NA,NA
PUMDCHRT,NA,NA,NA,NA,NA,NA,NA,NA,NA,NA,NA
PUGACLEV,NA,NA,NA,NA,NA,NA,NA,NA,NA,NA,NA
PAGACLEV,NA,NA,NA,NA,NA,NA,NA,NA,NA,NA,NA
PANJ0330,NA,NA,NA,NA,NA,NA,NA,NA,NA,NA,NA
PUNYSCRN,NA,NA,NA,NA,NA,NA,NA,NA,NA,NA,NA
PADECHSW,NA,NA,NA,NA,NA,NA,NA,NA,NA,NA,NA
PTKYPIDS,NA,NA,NA,NA,NA,NA,NA,NA,NA,NA,NA
PCKYPIDS,NA,NA,NA,NA,NA,NA,NA,NA,NA,NA,NA
VTKYPIDS,NA,NA,NA,NA,NA,NA,NA,NA,NA,NA,NA
VMKYPIDS,NA,NA,NA,NA,NA,NA,NA,NA,NA,NA,NA
VFVACARR,NA,NA,NA,NA,NA,NA,NA,NA,NA,NA,NA
PUNJ0902,NA,NA,NA,NA,NA,NA,NA,NA,NA,NA,NA
PTNJ0902,NA,NA,NA,NA,NA,NA,NA,NA,NA,NA,NA
PUNCWALL,NA,NA,NA,NA,NA,NA,NA,NA,NA,NA,NA
PUNYSEFA,NA,NA,NA,NA,NA,NA,NA,NA,NA,NA,NA
PANYSEFA,NA,NA,NA,NA,NA,NA,NA,NA,NA,NA,NA
PWNYSCRN,NA,NA,NA,NA,NA,NA,NA,NA,NA,NA,NA
VUNJHMUA,NA,NA,NA,NA,NA,NA,NA,NA,NA,NA,NA
VMNJHMUA,NA,NA,NA,NA,NA,NA,NA,NA,NA,NA,NA
PTNJ1409,NA,NA,NA,NA,NA,NA,NA,NA,NA,NA,NA
PUNJ1409,NA,NA,NA,NA,NA,NA,NA,NA,NA,NA,NA
PWNJ1409,NA,NA,NA,NA,NA,NA,NA,NA,NA,NA,NA
VTNJ1409,NA,NA,NA,NA,NA,NA,NA,NA,NA,NA,NA
VUNJ1409,NA,NA,NA,NA,NA,NA,NA,NA,NA,NA,NA
VWNJ1409,NA,NA,NA,NA,NA,NA,NA,NA,NA,NA,NA
VMNJ1409,NA,NA,NA,NA,NA,NA,NA,NA,NA,NA,NA
PTNJ2120,NA,NA,NA,NA,NA,NA,NA,NA,NA,NA,NA
PUNJ2120,NA,NA,NA,NA,NA,NA,NA,NA,NA,NA,NA
PUNYLKLZ,NA,NA,NA,NA,NA,NA,NA,NA,NA,NA,NA
VUNYLKLZ,NA,NA,NA,NA,NA,NA,NA,NA,NA,NA,NA
VMNYLKLZ,NA,NA,NA,NA,NA,NA,NA,NA,NA,NA,NA
PUGADARI,NA,NA,NA,NA,NA,NA,NA,NA,NA,NA,NA
PAGADARI,NA,NA,NA,NA,NA,NA,NA,NA,NA,NA,NA
PCGADARI,NA,NA,NA,NA,NA,NA,NA,NA,NA,NA,NA
PUNJ2006,NA,NA,NA,NA,NA,NA,NA,NA,NA,NA,NA
PTNJ0262,NA,NA,NA,NA,NA,NA,NA,NA,NA,NA,NA
VTNJ0262,NA,NA,NA,NA,NA,NA,NA,NA,NA,NA,NA
VMNJ0262,NA,NA,NA,NA,NA,NA,NA,NA,NA,NA,NA
PUNJ1408,NA,NA,NA,NA,NA,NA,NA,NA,NA,NA,NA
PTNJ1408,NA,NA,NA,NA,NA,NA,NA,NA,NA,NA,NA
PUALECAG,NA,NA,NA,NA,NA,NA,NA,NA,NA,NA,NA
VUNJEPSA,NA,NA,NA,NA,NA,NA,NA,NA,NA,NA,NA
PAWVWEST,NA,NA,NA,NA,NA,NA,NA,NA,NA,NA,NA
VAWVWEST,NA,NA,NA,NA,NA,NA,NA,NA,NA,NA,NA
VMWVWEST,NA,NA,NA,NA,NA,NA,NA,NA,NA,NA,NA
PTVAGRNV,NA,NA,NA,NA,NA,NA,NA,NA,NA,NA,NA
PUVAGRNV,NA,NA,NA,NA,NA,NA,NA,NA,NA,NA,NA
PAVAGRNV,NA,NA,NA,NA,NA,NA,NA,NA,NA,NA,NA
VTNYWAVL,NA,NA,NA,NA,NA,NA,NA,NA,NA,NA,NA
VUNYWAVL,NA,NA,NA,NA,NA,NA,NA,NA,NA,NA,NA
VMNYWAVL,NA,NA,NA,NA,NA,NA,NA,NA,NA,NA,NA
PUNYDMTN,NA,NA,NA,NA,NA,NA,NA,NA,NA,NA,NA
PAFLETON,NA,NA,NA,NA,NA,NA,NA,NA,NA,NA,NA
PCFLETON,NA,NA,NA,NA,NA,NA,NA,NA,NA,NA,NA
VAFLETON,NA,NA,NA,NA,NA,NA,NA,NA,NA,NA,NA
PANJ0261,NA,NA,NA,NA,NA,NA,NA,NA,NA,NA,NA
PCNJ0720,NA,NA,NA,NA,NA,NA,NA,NA,NA,NA,NA
VALADSPP,NA,NA,NA,NA,NA,NA,NA,NA,NA,NA,NA
VMLADSPP,NA,NA,NA,NA,NA,NA,NA,NA,NA,NA,NA
PCNJ1209,NA,NA,NA,NA,NA,NA,NA,NA,NA,NA,NA
PANJ0217,NA,NA,NA,NA,NA,NA,NA,NA,NA,NA,NA
VANJ0217,NA,NA,NA,NA,NA,NA,NA,NA,NA,NA,NA
PUWVPETE,NA,NA,NA,NA,NA,NA,NA,NA,NA,NA,NA
PAWVPETE,NA,NA,NA,NA,NA,NA,NA,NA,NA,NA,NA
VUWVPETE,NA,NA,NA,NA,NA,NA,NA,NA,NA,NA,NA
VAWVPETE,NA,NA,NA,NA,NA,NA,NA,NA,NA,NA,NA
VMWVPETE,NA,NA,NA,NA,NA,NA,NA,NA,NA,NA,NA
PUTXUJWA,NA,NA,NA,NA,NA,NA,NA,NA,NA,NA,NA
PTNJ1335,NA,NA,NA,NA,NA,NA,NA,NA,NA,NA,NA
PUNJ1335,NA,NA,NA,NA,NA,NA,NA,NA,NA,NA,NA
PTDEFELT,NA,NA,NA,NA,NA,NA,NA,NA,NA,NA,NA
PUDEFELT,NA,NA,NA,NA,NA,NA,NA,NA,NA,NA,NA
VAGATREN,NA,NA,NA,NA,NA,NA,NA,NA,NA,NA,NA
VTGATREN,NA,NA,NA,NA,NA,NA,NA,NA,NA,NA,NA
VMGATREN,NA,NA,NA,NA,NA,NA,NA,NA,NA,NA,NA
PAFLBONI,NA,NA,NA,NA,NA,NA,NA,NA,NA,NA,NA
PUFLBONI,NA,NA,NA,NA,NA,NA,NA,NA,NA,NA,NA
PUTXEMCS,NA,NA,NA,NA,NA,NA,NA,NA,NA,NA,NA
VUTXEMCS,NA,NA,NA,NA,NA,NA,NA,NA,NA,NA,NA
VMTXEMCS,NA,NA,NA,NA,NA,NA,NA,NA,NA,NA,NA
PUGAMEUC,NA,NA,NA,NA,NA,NA,NA,NA,NA,NA,NA
VMPAUCCT,NA,NA,NA,NA,NA,NA,NA,NA,NA,NA,NA
PTNJ2115,NA,NA,NA,NA,NA,NA,NA,NA,NA,NA,NA
PUNJ2115,NA,NA,NA,NA,NA,NA,NA,NA,NA,NA,NA
VTNJ1335,NA,NA,NA,NA,NA,NA,NA,NA,NA,NA,NA
VUNJ1335,NA,NA,NA,NA,NA,NA,NA,NA,NA,NA,NA
VMNJ1335,NA,NA,NA,NA,NA,NA,NA,NA,NA,NA,NA
PUGASCRE,NA,NA,NA,NA,NA,NA,NA,NA,NA,NA,NA
PANYGOSH,NA,NA,NA,NA,NA,NA,NA,NA,NA,NA,NA
VANYGOSH,NA,NA,NA,NA,NA,NA,NA,NA,NA,NA,NA
PTNYSCVL,NA,NA,NA,NA,NA,NA,NA,NA,NA,NA,NA
PUINMART,NA,NA,NA,NA,NA,NA,NA,NA,NA,NA,NA
PAINMART,NA,NA,NA,NA,NA,NA,NA,NA,NA,NA,NA
PSINMART,NA,NA,NA,NA,NA,NA,NA,NA,NA,NA,NA
PGINMART,NA,NA,NA,NA,NA,NA,NA,NA,NA,NA,NA
PVINMART,NA,NA,NA,NA,NA,NA,NA,NA,NA,NA,NA
PUGAHOGN,NA,NA,NA,NA,NA,NA,NA,NA,NA,NA,NA
PAGAHOGN,NA,NA,NA,NA,NA,NA,NA,NA,NA,NA,NA
VUGAHOGN,NA,NA,NA,NA,NA,NA,NA,NA,NA,NA,NA
VAGAHOGN,NA,NA,NA,NA,NA,NA,NA,NA,NA,NA,NA
VMGAHOGN,NA,NA,NA,NA,NA,NA,NA,NA,NA,NA,NA
PUWVCTUB,NA,NA,NA,NA,NA,NA,NA,NA,NA,NA,NA
PUNYMONV,NA,NA,NA,NA,NA,NA,NA,NA,NA,NA,NA
PUFLCHCY,NA,NA,NA,NA,NA,NA,NA,NA,NA,NA,NA
PTNJ0221,NA,NA,NA,NA,NA,NA,NA,NA,NA,NA,NA
PUNJ0221,NA,NA,NA,NA,NA,NA,NA,NA,NA,NA,NA
PUMOMILA,NA,NA,NA,NA,NA,NA,NA,NA,NA,NA,NA
PCMOMILA,NA,NA,NA,NA,NA,NA,NA,NA,NA,NA,NA
PAMDCHRT,NA,NA,NA,NA,NA,NA,NA,NA,NA,NA,NA
VTNJ0507,NA,NA,NA,NA,NA,NA,NA,NA,NA,NA,NA
VANJ0507,NA,NA,NA,NA,NA,NA,NA,NA,NA,NA,NA
VMNJ0507,NA,NA,NA,NA,NA,NA,NA,NA,NA,NA,NA
PTNYFRVL,NA,NA,NA,NA,NA,NA,NA,NA,NA,NA,NA
PUNYFRVL,NA,NA,NA,NA,NA,NA,NA,NA,NA,NA,NA
VTNYFRVL,NA,NA,NA,NA,NA,NA,NA,NA,NA,NA,NA
VUNYFRVL,NA,NA,NA,NA,NA,NA,NA,NA,NA,NA,NA
PTNJ1333,NA,NA,NA,NA,NA,NA,NA,NA,NA,NA,NA
PTNJ0715,NA,NA,NA,NA,NA,NA,NA,NA,NA,NA,NA
PTNYLAHO,NA,NA,NA,NA,NA,NA,NA,NA,NA,NA,NA
VATXKEMP,NA,NA,NA,NA,NA,NA,NA,NA,NA,NA,NA
PUMDWSTR,NA,NA,NA,NA,NA,NA,NA,NA,NA,NA,NA
VUMDWSTR,NA,NA,NA,NA,NA,NA,NA,NA,NA,NA,NA
PWNJ1415,NA,NA,NA,NA,NA,NA,NA,NA,NA,NA,NA
PUPASNDY,NA,NA,NA,NA,NA,NA,NA,NA,NA,NA,NA
VUPASNDY,NA,NA,NA,NA,NA,NA,NA,NA,NA,NA,NA
PTSCCHPN,NA,NA,NA,NA,NA,NA,NA,NA,NA,NA,NA
PASCCHPN,NA,NA,NA,NA,NA,NA,NA,NA,NA,NA,NA
VTSCCHPN,NA,NA,NA,NA,NA,NA,NA,NA,NA,NA,NA
VASCCHPN,NA,NA,NA,NA,NA,NA,NA,NA,NA,NA,NA
PUNJLAND,NA,NA,NA,NA,NA,NA,NA,NA,NA,NA,NA
PUMDDORC,NA,NA,NA,NA,NA,NA,NA,NA,NA,NA,NA
VUMDDORC,NA,NA,NA,NA,NA,NA,NA,NA,NA,NA,NA
PATXKEMP,NA,NA,NA,NA,NA,NA,NA,NA,NA,NA,NA
PTNYEWIL,NA,NA,NA,NA,NA,NA,NA,NA,NA,NA,NA
PUNYEWIL,NA,NA,NA,NA,NA,NA,NA,NA,NA,NA,NA
PANYEWIL,NA,NA,NA,NA,NA,NA,NA,NA,NA,NA,NA
PUWVPPSD,NA,NA,NA,NA,NA,NA,NA,NA,NA,NA,NA
PTNYITHA,NA,NA,NA,NA,NA,NA,NA,NA,NA,NA,NA
PTNJ2016,NA,NA,NA,NA,NA,NA,NA,NA,NA,NA,NA
PUNJ2016,NA,NA,NA,NA,NA,NA,NA,NA,NA,NA,NA
PUGAHCWA,NA,NA,NA,NA,NA,NA,NA,NA,NA,NA,NA
VUGAHCWA,NA,NA,NA,NA,NA,NA,NA,NA,NA,NA,NA
VMGAHCWA,NA,NA,NA,NA,NA,NA,NA,NA,NA,NA,NA
PUPAMAWA,NA,NA,NA,NA,NA,NA,NA,NA,NA,NA,NA
PAKSLEOC,NA,NA,NA,NA,NA,NA,NA,NA,NA,NA,NA
PUKSLEOC,NA,NA,NA,NA,NA,NA,NA,NA,NA,NA,NA
PUIADURA,NA,NA,NA,NA,NA,NA,NA,NA,NA,NA,NA
PEIADURA,NA,NA,NA,NA,NA,NA,NA,NA,NA,NA,NA
PUGACAVE,NA,NA,NA,NA,NA,NA,NA,NA,NA,NA,NA
PCGACAVE,NA,NA,NA,NA,NA,NA,NA,NA,NA,NA,NA
PAGACAVE,NA,NA,NA,NA,NA,NA,NA,NA,NA,NA,NA
PUIAGUTN,NA,NA,NA,NA,NA,NA,NA,NA,NA,NA,NA
PAPANSEW,NA,NA,NA,NA,NA,NA,NA,NA,NA,NA,NA
VAPANSEW,NA,NA,NA,NA,NA,NA,NA,NA,NA,NA,NA
PUMDHAMP,NA,NA,NA,NA,NA,NA,NA,NA,NA,NA,NA
VMMDHAMP,NA,NA,NA,NA,NA,NA,NA,NA,NA,NA,NA
VUMDHAMP,NA,NA,NA,NA,NA,NA,NA,NA,NA,NA,NA
PUIACLAR,NA,NA,NA,NA,NA,NA,NA,NA,NA,NA,NA
PWNJ1335,NA,NA,NA,NA,NA,NA,NA,NA,NA,NA,NA
VWNJ1335,NA,NA,NA,NA,NA,NA,NA,NA,NA,NA,NA
PCGAJSPR,NA,NA,NA,NA,NA,NA,NA,NA,NA,NA,NA
PLGAJSPR,NA,NA,NA,NA,NA,NA,NA,NA,NA,NA,NA
VEGAJSPR,NA,NA,NA,NA,NA,NA,NA,NA,NA,NA,NA
VMGAJSPR,NA,NA,NA,NA,NA,NA,NA,NA,NA,NA,NA
PTNJ1439,NA,NA,NA,NA,NA,NA,NA,NA,NA,NA,NA
PUNJ1439,NA,NA,NA,NA,NA,NA,NA,NA,NA,NA,NA
PSNJ1439,NA,NA,NA,NA,NA,NA,NA,NA,NA,NA,NA
PAGAWICO,NA,NA,NA,NA,NA,NA,NA,NA,NA,NA,NA
VAGAWICO,NA,NA,NA,NA,NA,NA,NA,NA,NA,NA,NA
PUMOVAND,NA,NA,NA,NA,NA,NA,NA,NA,NA,NA,NA
VUMOVAND,NA,NA,NA,NA,NA,NA,NA,NA,NA,NA,NA
VMMOVAND,NA,NA,NA,NA,NA,NA,NA,NA,NA,NA,NA
PAVACFRG,NA,NA,NA,NA,NA,NA,NA,NA,NA,NA,NA
PTVACFRG,NA,NA,NA,NA,NA,NA,NA,NA,NA,NA,NA
PUVACFRG,NA,NA,NA,NA,NA,NA,NA,NA,NA,NA,NA
VAVACFRG,NA,NA,NA,NA,NA,NA,NA,NA,NA,NA,NA
VTVACFRG,NA,NA,NA,NA,NA,NA,NA,NA,NA,NA,NA
VUVACFRG,NA,NA,NA,NA,NA,NA,NA,NA,NA,NA,NA
VMVACFRG,NA,NA,NA,NA,NA,NA,NA,NA,NA,NA,NA
PTDEFRED,NA,NA,NA,NA,NA,NA,NA,NA,NA,NA,NA
PUDEFRED,NA,NA,NA,NA,NA,NA,NA,NA,NA,NA,NA
PTNJ0314,NA,NA,NA,NA,NA,NA,NA,NA,NA,NA,NA
PUNJ0314,NA,NA,NA,NA,NA,NA,NA,NA,NA,NA,NA
PTNYNPOR,NA,NA,NA,NA,NA,NA,NA,NA,NA,NA,NA
PTTNBAXT,NA,NA,NA,NA,NA,NA,NA,NA,NA,NA,NA
PUTNBAXT,NA,NA,NA,NA,NA,NA,NA,NA,NA,NA,NA
PCTNBAXT,NA,NA,NA,NA,NA,NA,NA,NA,NA,NA,NA
VTTNBAXT,NA,NA,NA,NA,NA,NA,NA,NA,NA,NA,NA
VUTNBAXT,NA,NA,NA,NA,NA,NA,NA,NA,NA,NA,NA
VMTNBAXT,NA,NA,NA,NA,NA,NA,NA,NA,NA,NA,NA
PUIAODEB,NA,NA,NA,NA,NA,NA,NA,NA,NA,NA,NA
PUIAMCLD,NA,NA,NA,NA,NA,NA,NA,NA,NA,NA,NA
PANJ0107,NA,NA,NA,NA,NA,NA,NA,NA,NA,NA,NA
PCNJ0107,NA,NA,NA,NA,NA,NA,NA,NA,NA,NA,NA
VANJ0107,NA,NA,NA,NA,NA,NA,NA,NA,NA,NA,NA
VMNJ0107,NA,NA,NA,NA,NA,NA,NA,NA,NA,NA,NA
PUIAELKH,NA,NA,NA,NA,NA,NA,NA,NA,NA,NA,NA
PUSCSGWD,NA,NA,NA,NA,NA,NA,NA,NA,NA,NA,NA
PASCSTGT,NA,NA,NA,NA,NA,NA,NA,NA,NA,NA,NA
VUSCSGWD,NA,NA,NA,NA,NA,NA,NA,NA,NA,NA,NA
VASCSTGT,NA,NA,NA,NA,NA,NA,NA,NA,NA,NA,NA
VMSCSTGT,NA,NA,NA,NA,NA,NA,NA,NA,NA,NA,NA
PUKSGRBC,NA,NA,NA,NA,NA,NA,NA,NA,NA,NA,NA
PUIAOAKC,NA,NA,NA,NA,NA,NA,NA,NA,NA,NA,NA
VUIAOAKC,NA,NA,NA,NA,NA,NA,NA,NA,NA,NA,NA
VMIAOAKC,NA,NA,NA,NA,NA,NA,NA,NA,NA,NA,NA
PTNJ0245,NA,NA,NA,NA,NA,NA,NA,NA,NA,NA,NA
PUNJ1021,NA,NA,NA,NA,NA,NA,NA,NA,NA,NA,NA
PUPAFARR,NA,NA,NA,NA,NA,NA,NA,NA,NA,NA,NA
VMPAFARR,NA,NA,NA,NA,NA,NA,NA,NA,NA,NA,NA
VUPAFARR,NA,NA,NA,NA,NA,NA,NA,NA,NA,NA,NA
PUIAERHC,NA,NA,NA,NA,NA,NA,NA,NA,NA,NA,NA
PATXSSCY,NA,NA,NA,NA,NA,NA,NA,NA,NA,NA,NA
PANHENFI,NA,NA,NA,NA,NA,NA,NA,NA,NA,NA,NA
PCDEOCVW,NA,NA,NA,NA,NA,NA,NA,NA,NA,NA,NA
PUTXSSCY,NA,NA,NA,NA,NA,NA,NA,NA,NA,NA,NA
PCTXSSCY,NA,NA,NA,NA,NA,NA,NA,NA,NA,NA,NA
PUVACCUS,NA,NA,NA,NA,NA,NA,NA,NA,NA,NA,NA
PAVAMANA,NA,NA,NA,NA,NA,NA,NA,NA,NA,NA,NA
PUVAMANA,NA,NA,NA,NA,NA,NA,NA,NA,NA,NA,NA
PCVAMANA,NA,NA,NA,NA,NA,NA,NA,NA,NA,NA,NA
PAMOLARC,NA,NA,NA,NA,NA,NA,NA,NA,NA,NA,NA
PUMOLARC,NA,NA,NA,NA,NA,NA,NA,NA,NA,NA,NA
PCMOLARC,NA,NA,NA,NA,NA,NA,NA,NA,NA,NA,NA
PUNYRVRH,NA,NA,NA,NA,NA,NA,NA,NA,NA,NA,NA
PAIAINDT,NA,NA,NA,NA,NA,NA,NA,NA,NA,NA,NA
PCIAINDT,NA,NA,NA,NA,NA,NA,NA,NA,NA,NA,NA
PUIAPLTH,NA,NA,NA,NA,NA,NA,NA,NA,NA,NA,NA
VUNYDMTN,NA,NA,NA,NA,NA,NA,NA,NA,NA,NA,NA
VMNYDMTN,NA,NA,NA,NA,NA,NA,NA,NA,NA,NA,NA
PUWVPARS,NA,NA,NA,NA,NA,NA,NA,NA,NA,NA,NA
PUNYBING,NA,NA,NA,NA,NA,NA,NA,NA,NA,NA,NA
PAKYCALV,NA,NA,NA,NA,NA,NA,NA,NA,NA,NA,NA
PTKYCALV,NA,NA,NA,NA,NA,NA,NA,NA,NA,NA,NA
PUKYCALS,NA,NA,NA,NA,NA,NA,NA,NA,NA,NA,NA
PCKYCALV,NA,NA,NA,NA,NA,NA,NA,NA,NA,NA,NA
PUNEMILF,NA,NA,NA,NA,NA,NA,NA,NA,NA,NA,NA
VUNEMILF,NA,NA,NA,NA,NA,NA,NA,NA,NA,NA,NA
VMNEMILF,NA,NA,NA,NA,NA,NA,NA,NA,NA,NA,NA
PTNJ1217,NA,NA,NA,NA,NA,NA,NA,NA,NA,NA,NA
PUNJ1217,NA,NA,NA,NA,NA,NA,NA,NA,NA,NA,NA
PUIAELKA,NA,NA,NA,NA,NA,NA,NA,NA,NA,NA,NA
VUIAELKA,NA,NA,NA,NA,NA,NA,NA,NA,NA,NA,NA
PAVAGLAX,NA,NA,NA,NA,NA,NA,NA,NA,NA,NA,NA
PUIAWAYL,NA,NA,NA,NA,NA,NA,NA,NA,NA,NA,NA
PUGAASHB,NA,NA,NA,NA,NA,NA,NA,NA,NA,NA,NA
PANJCTFD,NA,NA,NA,NA,NA,NA,NA,NA,NA,NA,NA
PUIADUNK,NA,NA,NA,NA,NA,NA,NA,NA,NA,NA,NA
PCNYGARD,NA,NA,NA,NA,NA,NA,NA,NA,NA,NA,NA
PANYGARD,NA,NA,NA,NA,NA,NA,NA,NA,NA,NA,NA
PTVADUBL,NA,NA,NA,NA,NA,NA,NA,NA,NA,NA,NA
PUVADUBL,NA,NA,NA,NA,NA,NA,NA,NA,NA,NA,NA
PAGAESMN,NA,NA,NA,NA,NA,NA,NA,NA,NA,NA,NA
PUGAESMN,NA,NA,NA,NA,NA,NA,NA,NA,NA,NA,NA
PTGAESMN,NA,NA,NA,NA,NA,NA,NA,NA,NA,NA,NA
PANJ1514,NA,NA,NA,NA,NA,NA,NA,NA,NA,NA,NA
VANJ1514,NA,NA,NA,NA,NA,NA,NA,NA,NA,NA,NA
PUIADIKE,NA,NA,NA,NA,NA,NA,NA,NA,NA,NA,NA
PAIADIKE,NA,NA,NA,NA,NA,NA,NA,NA,NA,NA,NA
PUGATYTY,NA,NA,NA,NA,NA,NA,NA,NA,NA,NA,NA
PANJ1506,NA,NA,NA,NA,NA,NA,NA,NA,NA,NA,NA
VANJ1506,NA,NA,NA,NA,NA,NA,NA,NA,NA,NA,NA
PAFLMNLA,NA,NA,NA,NA,NA,NA,NA,NA,NA,NA,NA
PTDE135,NA,NA,NA,NA,NA,NA,NA,NA,NA,NA,NA
PUDE135,NA,NA,NA,NA,NA,NA,NA,NA,NA,NA,NA
PADE135,NA,NA,NA,NA,NA,NA,NA,NA,NA,NA,NA
VTNJ0107,NA,NA,NA,NA,NA,NA,NA,NA,NA,NA,NA
VUNJ0107,NA,NA,NA,NA,NA,NA,NA,NA,NA,NA,NA
PATXSAFE,NA,NA,NA,NA,NA,NA,NA,NA,NA,NA,NA
PUFLMNLA,NA,NA,NA,NA,NA,NA,NA,NA,NA,NA,NA
PSNJ1313,NA,NA,NA,NA,NA,NA,NA,NA,NA,NA,NA
PWPASNDY,NA,NA,NA,NA,NA,NA,NA,NA,NA,NA,NA
PQNJ1912,NA,NA,NA,NA,NA,NA,NA,NA,NA,NA,NA
PBNJ1912,NA,NA,NA,NA,NA,NA,NA,NA,NA,NA,NA
PDNJ1912,NA,NA,NA,NA,NA,NA,NA,NA,NA,NA,NA
PVNJ1912,NA,NA,NA,NA,NA,NA,NA,NA,NA,NA,NA
PINJ1912,NA,NA,NA,NA,NA,NA,NA,NA,NA,NA,NA
PLNJ1912,NA,NA,NA,NA,NA,NA,NA,NA,NA,NA,NA
PXNJ1912,NA,NA,NA,NA,NA,NA,NA,NA,NA,NA,NA
PTNCWHIT,NA,NA,NA,NA,NA,NA,NA,NA,NA,NA,NA
VTNCWHIT,NA,NA,NA,NA,NA,NA,NA,NA,NA,NA,NA
PVPACAVB,NA,NA,NA,NA,NA,NA,NA,NA,NA,NA,NA
PWPACAVB,NA,NA,NA,NA,NA,NA,NA,NA,NA,NA,NA
VWPACAVB,NA,NA,NA,NA,NA,NA,NA,NA,NA,NA,NA
VCPACAVB,NA,NA,NA,NA,NA,NA,NA,NA,NA,NA,NA
PUNJ0205,NA,NA,NA,NA,NA,NA,NA,NA,NA,NA,NA
VUNJ0205,NA,NA,NA,NA,NA,NA,NA,NA,NA,NA,NA
VMNJ0205,NA,NA,NA,NA,NA,NA,NA,NA,NA,NA,NA
VTNJ0307,NA,NA,NA,NA,NA,NA,NA,NA,NA,NA,NA
VUNJ0307,NA,NA,NA,NA,NA,NA,NA,NA,NA,NA,NA
VMNJ0307,NA,NA,NA,NA,NA,NA,NA,NA,NA,NA,NA
PUIAGARN,NA,NA,NA,NA,NA,NA,NA,NA,NA,NA,NA
VUIAGARN,NA,NA,NA,NA,NA,NA,NA,NA,NA,NA,NA
PAMEKENC,NA,NA,NA,NA,NA,NA,NA,NA,NA,NA,NA
PUIAFOST,NA,NA,NA,NA,NA,NA,NA,NA,NA,NA,NA
VMIAFOST,NA,NA,NA,NA,NA,NA,NA,NA,NA,NA,NA
VUIAFOST,NA,NA,NA,NA,NA,NA,NA,NA,NA,NA,NA
PTNYSGFV,NA,NA,NA,NA,NA,NA,NA,NA,NA,NA,NA
PUNYSGFV,NA,NA,NA,NA,NA,NA,NA,NA,NA,NA,NA
PAIADRNT,NA,NA,NA,NA,NA,NA,NA,NA,NA,NA,NA
PUIADRNT,NA,NA,NA,NA,NA,NA,NA,NA,NA,NA,NA
PCIAOSGE,NA,NA,NA,NA,NA,NA,NA,NA,NA,NA,NA
VMIAOSGE,NA,NA,NA,NA,NA,NA,NA,NA,NA,NA,NA
PUPASPSA,NA,NA,NA,NA,NA,NA,NA,NA,NA,NA,NA
PSNJ0715,NA,NA,NA,NA,NA,NA,NA,NA,NA,NA,NA
PTNJ1901,NA,NA,NA,NA,NA,NA,NA,NA,NA,NA,NA
PUNJ1901,NA,NA,NA,NA,NA,NA,NA,NA,NA,NA,NA
PUKSGALE,NA,NA,NA,NA,NA,NA,NA,NA,NA,NA,NA
PANJ0425,NA,NA,NA,NA,NA,NA,NA,NA,NA,NA,NA
VANJ0425,NA,NA,NA,NA,NA,NA,NA,NA,NA,NA,NA
PZNJ0217,NA,NA,NA,NA,NA,NA,NA,NA,NA,NA,NA
VZNJ0217,NA,NA,NA,NA,NA,NA,NA,NA,NA,NA,NA
PDNJ1342,NA,NA,NA,NA,NA,NA,NA,NA,NA,NA,NA
PUTXETUD,NA,NA,NA,NA,NA,NA,NA,NA,NA,NA,NA
VUTXETUD,NA,NA,NA,NA,NA,NA,NA,NA,NA,NA,NA
VMTXETUD,NA,NA,NA,NA,NA,NA,NA,NA,NA,NA,NA
PTNJ1008,NA,NA,NA,NA,NA,NA,NA,NA,NA,NA,NA
VUVAMANA,NA,NA,NA,NA,NA,NA,NA,NA,NA,NA,NA
VAVAMANA,NA,NA,NA,NA,NA,NA,NA,NA,NA,NA,NA
VMVAMANA,NA,NA,NA,NA,NA,NA,NA,NA,NA,NA,NA
PANJ0701,NA,NA,NA,NA,NA,NA,NA,NA,NA,NA,NA
PCNJ0807,NA,NA,NA,NA,NA,NA,NA,NA,NA,NA,NA
PUWVMORG,NA,NA,NA,NA,NA,NA,NA,NA,NA,NA,NA
VUWVMORG,NA,NA,NA,NA,NA,NA,NA,NA,NA,NA,NA
PEIAGUTN,NA,NA,NA,NA,NA,NA,NA,NA,NA,NA,NA
PAFLNRFD,NA,NA,NA,NA,NA,NA,NA,NA,NA,NA,NA
PAWVSTAR,NA,NA,NA,NA,NA,NA,NA,NA,NA,NA,NA
VAWVSTAR,NA,NA,NA,NA,NA,NA,NA,NA,NA,NA,NA
VSFLWBST,NA,NA,NA,NA,NA,NA,NA,NA,NA,NA,NA
VWFLWBST,NA,NA,NA,NA,NA,NA,NA,NA,NA,NA,NA
PATXSWSC,NA,NA,NA,NA,NA,NA,NA,NA,NA,NA,NA
PUTXSWSC,NA,NA,NA,NA,NA,NA,NA,NA,NA,NA,NA
PSNJ1021,NA,NA,NA,NA,NA,NA,NA,NA,NA,NA,NA
PCFLGBOC,NA,NA,NA,NA,NA,NA,NA,NA,NA,NA,NA
PALAWINN,NA,NA,NA,NA,NA,NA,NA,NA,NA,NA,NA
PULAWINN,NA,NA,NA,NA,NA,NA,NA,NA,NA,NA,NA
PANYLNDV,NA,NA,NA,NA,NA,NA,NA,NA,NA,NA,NA
PTNYLNDV,NA,NA,NA,NA,NA,NA,NA,NA,NA,NA,NA
PAPAFARR,NA,NA,NA,NA,NA,NA,NA,NA,NA,NA,NA
VAPAFARR,NA,NA,NA,NA,NA,NA,NA,NA,NA,NA,NA
VAGALAVO,NA,NA,NA,NA,NA,NA,NA,NA,NA,NA,NA
PAGALAVO,NA,NA,NA,NA,NA,NA,NA,NA,NA,NA,NA
PPNJ1313,NA,NA,NA,NA,NA,NA,NA,NA,NA,NA,NA
PTNJ1432,NA,NA,NA,NA,NA,NA,NA,NA,NA,NA,NA
PUNJ1432,NA,NA,NA,NA,NA,NA,NA,NA,NA,NA,NA
VTNJ1432,NA,NA,NA,NA,NA,NA,NA,NA,NA,NA,NA
VUNJ1432,NA,NA,NA,NA,NA,NA,NA,NA,NA,NA,NA
VMNJ1432,NA,NA,NA,NA,NA,NA,NA,NA,NA,NA,NA
PCNJ0703,NA,NA,NA,NA,NA,NA,NA,NA,NA,NA,NA
PAGASPRI,NA,NA,NA,NA,NA,NA,NA,NA,NA,NA,NA
VAGASPRI,NA,NA,NA,NA,NA,NA,NA,NA,NA,NA,NA
PTGALAVO,NA,NA,NA,NA,NA,NA,NA,NA,NA,NA,NA
VTGALAVO,NA,NA,NA,NA,NA,NA,NA,NA,NA,NA,NA
PATNMOSH,NA,NA,NA,NA,NA,NA,NA,NA,NA,NA,NA
VATNMOSH,NA,NA,NA,NA,NA,NA,NA,NA,NA,NA,NA
PCNJ0802,NA,NA,NA,NA,NA,NA,NA,NA,NA,NA,NA
PTNJ0218,NA,NA,NA,NA,NA,NA,NA,NA,NA,NA,NA
PUNJ0218,NA,NA,NA,NA,NA,NA,NA,NA,NA,NA,NA
VTDEFRED,NA,NA,NA,NA,NA,NA,NA,NA,NA,NA,NA
VUDEFRED,NA,NA,NA,NA,NA,NA,NA,NA,NA,NA,NA
VMDEFRED,NA,NA,NA,NA,NA,NA,NA,NA,NA,NA,NA
PGNJ1419,NA,NA,NA,NA,NA,NA,NA,NA,NA,NA,NA
PUIACLER,NA,NA,NA,NA,NA,NA,NA,NA,NA,NA,NA
VMIACLER,NA,NA,NA,NA,NA,NA,NA,NA,NA,NA,NA
VUIACLER,NA,NA,NA,NA,NA,NA,NA,NA,NA,NA,NA
PCNJ1906,NA,NA,NA,NA,NA,NA,NA,NA,NA,NA,NA
PUIAVANM,NA,NA,NA,NA,NA,NA,NA,NA,NA,NA,NA
PGNJ0807,NA,NA,NA,NA,NA,NA,NA,NA,NA,NA,NA
VMMOMILA,NA,NA,NA,NA,NA,NA,NA,NA,NA,NA,NA
VUMOMILA,NA,NA,NA,NA,NA,NA,NA,NA,NA,NA,NA
VMNJ0902,NA,NA,NA,NA,NA,NA,NA,NA,NA,NA,NA
VUNJ0902,NA,NA,NA,NA,NA,NA,NA,NA,NA,NA,NA
VTNJ0902,NA,NA,NA,NA,NA,NA,NA,NA,NA,NA,NA
VMIAELKH,NA,NA,NA,NA,NA,NA,NA,NA,NA,NA,NA
VUIAELKH,NA,NA,NA,NA,NA,NA,NA,NA,NA,NA,NA
PANJ0709,NA,NA,NA,NA,NA,NA,NA,NA,NA,NA,NA
PTNJ0804,NA,NA,NA,NA,NA,NA,NA,NA,NA,NA,NA
PCGAWREN,NA,NA,NA,NA,NA,NA,NA,NA,NA,NA,NA
PUNJFTSA,NA,NA,NA,NA,NA,NA,NA,NA,NA,NA,NA
PTNJ0336,NA,NA,NA,NA,NA,NA,NA,NA,NA,NA,NA
PBNJ0412,NA,NA,NA,NA,NA,NA,NA,NA,NA,NA,NA
VBNJ0412,NA,NA,NA,NA,NA,NA,NA,NA,NA,NA,NA
VFGAHAWK,NA,NA,NA,NA,NA,NA,NA,NA,NA,NA,NA
PUNJ0506,NA,NA,NA,NA,NA,NA,NA,NA,NA,NA,NA
PTNJ0506,NA,NA,NA,NA,NA,NA,NA,NA,NA,NA,NA
VZGAHAWK,NA,NA,NA,NA,NA,NA,NA,NA,NA,NA,NA
PUNJ1523,NA,NA,NA,NA,NA,NA,NA,NA,NA,NA,NA
PWNJ1523,NA,NA,NA,NA,NA,NA,NA,NA,NA,NA,NA
PTNJ1523,NA,NA,NA,NA,NA,NA,NA,NA,NA,NA,NA
PCIAOAKC,NA,NA,NA,NA,NA,NA,NA,NA,NA,NA,NA
PUIALELA,NA,NA,NA,NA,NA,NA,NA,NA,NA,NA,NA
PAFLBELE,NA,NA,NA,NA,NA,NA,NA,NA,NA,NA,NA
PUNYJERU,NA,NA,NA,NA,NA,NA,NA,NA,NA,NA,NA
PWNJWDSA,NA,NA,NA,NA,NA,NA,NA,NA,NA,NA,NA
PWPAMAWA,NA,NA,NA,NA,NA,NA,NA,NA,NA,NA,NA
PAIAOKOB,NA,NA,NA,NA,NA,NA,NA,NA,NA,NA,NA
VUIAOKOB,NA,NA,NA,NA,NA,NA,NA,NA,NA,NA,NA
VAIAOKOB,NA,NA,NA,NA,NA,NA,NA,NA,NA,NA,NA
VMIAOKOB,NA,NA,NA,NA,NA,NA,NA,NA,NA,NA,NA
VUIACLAR,NA,NA,NA,NA,NA,NA,NA,NA,NA,NA,NA
PURIWOON,NA,NA,NA,NA,NA,NA,NA,NA,NA,NA,NA
PWRIWOON,NA,NA,NA,NA,NA,NA,NA,NA,NA,NA,NA
PUIAIDAG,NA,NA,NA,NA,NA,NA,NA,NA,NA,NA,NA
VMIAIDAG,NA,NA,NA,NA,NA,NA,NA,NA,NA,NA,NA
VUIAIDAG,NA,NA,NA,NA,NA,NA,NA,NA,NA,NA,NA
PUTXNHNT,NA,NA,NA,NA,NA,NA,NA,NA,NA,NA,NA
VMTXNHNT,NA,NA,NA,NA,NA,NA,NA,NA,NA,NA,NA
VUTXNHNT,NA,NA,NA,NA,NA,NA,NA,NA,NA,NA,NA
PANJ0821,NA,NA,NA,NA,NA,NA,NA,NA,NA,NA,NA
PUNYFORE,NA,NA,NA,NA,NA,NA,NA,NA,NA,NA,NA
PCNEMILF,NA,NA,NA,NA,NA,NA,NA,NA,NA,NA,NA
PAVACAMC,NA,NA,NA,NA,NA,NA,NA,NA,NA,NA,NA
PTVACAMC,NA,NA,NA,NA,NA,NA,NA,NA,NA,NA,NA
PCVACAMC,NA,NA,NA,NA,NA,NA,NA,NA,NA,NA,NA
VAVACAMC,NA,NA,NA,NA,NA,NA,NA,NA,NA,NA,NA
VMVACAMC,NA,NA,NA,NA,NA,NA,NA,NA,NA,NA,NA
VTVACAMC,NA,NA,NA,NA,NA,NA,NA,NA,NA,NA,NA
PDNJ0720,NA,NA,NA,NA,NA,NA,NA,NA,NA,NA,NA
PUNJ0912,NA,NA,NA,NA,NA,NA,NA,NA,NA,NA,NA
PAGAFRAN,NA,NA,NA,NA,NA,NA,NA,NA,NA,NA,NA
PCGAFRAN,NA,NA,NA,NA,NA,NA,NA,NA,NA,NA,NA
PAMDSMZO,NA,NA,NA,NA,NA,NA,NA,NA,NA,NA,NA
VAMDSMZO,NA,NA,NA,NA,NA,NA,NA,NA,NA,NA,NA
PADE22,NA,NA,NA,NA,NA,NA,NA,NA,NA,NA,NA
PTDE22,NA,NA,NA,NA,NA,NA,NA,NA,NA,NA,NA
PCDE22,NA,NA,NA,NA,NA,NA,NA,NA,NA,NA,NA
VADE22,NA,NA,NA,NA,NA,NA,NA,NA,NA,NA,NA
VMDE22,NA,NA,NA,NA,NA,NA,NA,NA,NA,NA,NA
VTDE22,NA,NA,NA,NA,NA,NA,NA,NA,NA,NA,NA
PKNJ0266,NA,NA,NA,NA,NA,NA,NA,NA,NA,NA,NA
PDNJ0266,NA,NA,NA,NA,NA,NA,NA,NA,NA,NA,NA
PCNJ0266,NA,NA,NA,NA,NA,NA,NA,NA,NA,NA,NA
PANYWAVL,NA,NA,NA,NA,NA,NA,NA,NA,NA,NA,NA
VANYWAVL,NA,NA,NA,NA,NA,NA,NA,NA,NA,NA,NA
PUNJ0707,NA,NA,NA,NA,NA,NA,NA,NA,NA,NA,NA
PTNJ0707,NA,NA,NA,NA,NA,NA,NA,NA,NA,NA,NA
PPNJ1524,NA,NA,NA,NA,NA,NA,NA,NA,NA,NA,NA
PTGAWREN,NA,NA,NA,NA,NA,NA,NA,NA,NA,NA,NA
VSGAWREN,NA,NA,NA,NA,NA,NA,NA,NA,NA,NA,NA
PTNJ1615,NA,NA,NA,NA,NA,NA,NA,NA,NA,NA,NA
PDNJ1505,NA,NA,NA,NA,NA,NA,NA,NA,NA,NA,NA
PPNJ1505,NA,NA,NA,NA,NA,NA,NA,NA,NA,NA,NA
PZNJ1505,NA,NA,NA,NA,NA,NA,NA,NA,NA,NA,NA
PCNJ1505,NA,NA,NA,NA,NA,NA,NA,NA,NA,NA,NA
PVNJ1505,NA,NA,NA,NA,NA,NA,NA,NA,NA,NA,NA
PUKSHUGO,NA,NA,NA,NA,NA,NA,NA,NA,NA,NA,NA
PCKSHUGO,NA,NA,NA,NA,NA,NA,NA,NA,NA,NA,NA
PUNJ0301,NA,NA,NA,NA,NA,NA,NA,NA,NA,NA,NA
PUKSLCCK,NA,NA,NA,NA,NA,NA,NA,NA,NA,NA,NA
PCKSLCCK,NA,NA,NA,NA,NA,NA,NA,NA,NA,NA,NA
PUPATOWA,NA,NA,NA,NA,NA,NA,NA,NA,NA,NA,NA
PUNYCHAT,NA,NA,NA,NA,NA,NA,NA,NA,NA,NA,NA
PCNYCHAT,NA,NA,NA,NA,NA,NA,NA,NA,NA,NA,NA
PUPABRAD,NA,NA,NA,NA,NA,NA,NA,NA,NA,NA,NA
PUNYWSTL,NA,NA,NA,NA,NA,NA,NA,NA,NA,NA,NA
VAKSOWCY,NA,NA,NA,NA,NA,NA,NA,NA,NA,NA,NA
VUKSOWCY,NA,NA,NA,NA,NA,NA,NA,NA,NA,NA,NA
PCMDDORC,NA,NA,NA,NA,NA,NA,NA,NA,NA,NA,NA
PBNJ1342,NA,NA,NA,NA,NA,NA,NA,NA,NA,NA,NA
PAGAMONR,NA,NA,NA,NA,NA,NA,NA,NA,NA,NA,NA
PTNYPLAN,NA,NA,NA,NA,NA,NA,NA,NA,NA,NA,NA
PUNYPLAN,NA,NA,NA,NA,NA,NA,NA,NA,NA,NA,NA
PANYPLAN,NA,NA,NA,NA,NA,NA,NA,NA,NA,NA,NA
PAMDHAMP,NA,NA,NA,NA,NA,NA,NA,NA,NA,NA,NA
PUNYCPWA,NA,NA,NA,NA,NA,NA,NA,NA,NA,NA,NA
PUKSHILL,NA,NA,NA,NA,NA,NA,NA,NA,NA,NA,NA
PUSCBIWD,NA,NA,NA,NA,NA,NA,NA,NA,NA,NA,NA
PUIABMLD,NA,NA,NA,NA,NA,NA,NA,NA,NA,NA,NA
PCIABMLD,NA,NA,NA,NA,NA,NA,NA,NA,NA,NA,NA
VMIABMLD,NA,NA,NA,NA,NA,NA,NA,NA,NA,NA,NA
VUIABMLD,NA,NA,NA,NA,NA,NA,NA,NA,NA,NA,NA
PTNJ0722,NA,NA,NA,NA,NA,NA,NA,NA,NA,NA,NA
PAMOSCTT,NA,NA,NA,NA,NA,NA,NA,NA,NA,NA,NA
PUNJ0722,NA,NA,NA,NA,NA,NA,NA,NA,NA,NA,NA
PUMOSCTT,NA,NA,NA,NA,NA,NA,NA,NA,NA,NA,NA
VAMOSCTT,NA,NA,NA,NA,NA,NA,NA,NA,NA,NA,NA
VMMOSCTT,NA,NA,NA,NA,NA,NA,NA,NA,NA,NA,NA
VUMOSCTT,NA,NA,NA,NA,NA,NA,NA,NA,NA,NA,NA
PCVACCUS,NA,NA,NA,NA,NA,NA,NA,NA,NA,NA,NA
PUNJWTNA,NA,NA,NA,NA,NA,NA,NA,NA,NA,NA,NA
PUCTWWSA,NA,NA,NA,NA,NA,NA,NA,NA,NA,NA,NA
PUNYMECC,NA,NA,NA,NA,NA,NA,NA,NA,NA,NA,NA
PTNYMECC,NA,NA,NA,NA,NA,NA,NA,NA,NA,NA,NA
VMNYMECC,NA,NA,NA,NA,NA,NA,NA,NA,NA,NA,NA
VUNYMECC,NA,NA,NA,NA,NA,NA,NA,NA,NA,NA,NA
VTNYMECC,NA,NA,NA,NA,NA,NA,NA,NA,NA,NA,NA
PANJ0813,NA,NA,NA,NA,NA,NA,NA,NA,NA,NA,NA
PFTXMAVE,NA,NA,NA,NA,NA,NA,NA,NA,NA,NA,NA
PJTXMAVE,NA,NA,NA,NA,NA,NA,NA,NA,NA,NA,NA
PLTXMAVE,NA,NA,NA,NA,NA,NA,NA,NA,NA,NA,NA
PCTXMAVE,NA,NA,NA,NA,NA,NA,NA,NA,NA,NA,NA
PUTXMAVE,NA,NA,NA,NA,NA,NA,NA,NA,NA,NA,NA
PWTXMAVE,NA,NA,NA,NA,NA,NA,NA,NA,NA,NA,NA
PCDE21,NA,NA,NA,NA,NA,NA,NA,NA,NA,NA,NA
PUGAWSHN,NA,NA,NA,NA,NA,NA,NA,NA,NA,NA,NA
VBFLLABL,NA,NA,NA,NA,NA,NA,NA,NA,NA,NA,NA
VDFLLABL,NA,NA,NA,NA,NA,NA,NA,NA,NA,NA,NA
PTNJ1915,NA,NA,NA,NA,NA,NA,NA,NA,NA,NA,NA
PUNJ1915,NA,NA,NA,NA,NA,NA,NA,NA,NA,NA,NA
PTNJ1911,NA,NA,NA,NA,NA,NA,NA,NA,NA,NA,NA
PUPAALBN,NA,NA,NA,NA,NA,NA,NA,NA,NA,NA,NA
PWPAALBN,NA,NA,NA,NA,NA,NA,NA,NA,NA,NA,NA
PTNYMANO,NA,NA,NA,NA,NA,NA,NA,NA,NA,NA,NA
VMNYMANO,NA,NA,NA,NA,NA,NA,NA,NA,NA,NA,NA
VTNYMANO,NA,NA,NA,NA,NA,NA,NA,NA,NA,NA,NA
PTNCCLYD,NA,NA,NA,NA,NA,NA,NA,NA,NA,NA,NA
PUNCCLYD,NA,NA,NA,NA,NA,NA,NA,NA,NA,NA,NA
PATXMAVE,NA,NA,NA,NA,NA,NA,NA,NA,NA,NA,NA
PCNJ0511,NA,NA,NA,NA,NA,NA,NA,NA,NA,NA,NA
PNNJ2121,NA,NA,NA,NA,NA,NA,NA,NA,NA,NA,NA
PCNJ2121,NA,NA,NA,NA,NA,NA,NA,NA,NA,NA,NA
PONJ2121,NA,NA,NA,NA,NA,NA,NA,NA,NA,NA,NA
PUIAPLEA,NA,NA,NA,NA,NA,NA,NA,NA,NA,NA,NA
PUWVRCPS,NA,NA,NA,NA,NA,NA,NA,NA,NA,NA,NA
PPVAGLAX,NA,NA,NA,NA,NA,NA,NA,NA,NA,NA,NA
PCPAALBN,NA,NA,NA,NA,NA,NA,NA,NA,NA,NA,NA
PGPAALBN,NA,NA,NA,NA,NA,NA,NA,NA,NA,NA,NA
PUWVCOMA,NA,NA,NA,NA,NA,NA,NA,NA,NA,NA,NA
VUWVCOMA,NA,NA,NA,NA,NA,NA,NA,NA,NA,NA,NA
PUIAGILB,NA,NA,NA,NA,NA,NA,NA,NA,NA,NA,NA
PUGARCWS,NA,NA,NA,NA,NA,NA,NA,NA,NA,NA,NA
PAGAASTL,NA,NA,NA,NA,NA,NA,NA,NA,NA,NA,NA
PTNYWHTE,NA,NA,NA,NA,NA,NA,NA,NA,NA,NA,NA
VMIAPLEA,NA,NA,NA,NA,NA,NA,NA,NA,NA,NA,NA
VUIAPLEA,NA,NA,NA,NA,NA,NA,NA,NA,NA,NA,NA
PANJLMUA,NA,NA,NA,NA,NA,NA,NA,NA,NA,NA,NA
PUNJLMUA,NA,NA,NA,NA,NA,NA,NA,NA,NA,NA,NA
PCIAGARN,NA,NA,NA,NA,NA,NA,NA,NA,NA,NA,NA
VAIAGARN,NA,NA,NA,NA,NA,NA,NA,NA,NA,NA,NA
VMIAGARN,NA,NA,NA,NA,NA,NA,NA,NA,NA,NA,NA
PANJ1225,NA,NA,NA,NA,NA,NA,NA,NA,NA,NA,NA
PUIAELGI,NA,NA,NA,NA,NA,NA,NA,NA,NA,NA,NA
PUKYPWWC,NA,NA,NA,NA,NA,NA,NA,NA,NA,NA,NA
PAWVANST,NA,NA,NA,NA,NA,NA,NA,NA,NA,NA,NA
PUWVANST,NA,NA,NA,NA,NA,NA,NA,NA,NA,NA,NA
PUNJHTMA,NA,NA,NA,NA,NA,NA,NA,NA,NA,NA,NA
PUIANLON,NA,NA,NA,NA,NA,NA,NA,NA,NA,NA,NA
PAPAELAM,NA,NA,NA,NA,NA,NA,NA,NA,NA,NA,NA
PCPAELAM,NA,NA,NA,NA,NA,NA,NA,NA,NA,NA,NA
PUPAELAM,NA,NA,NA,NA,NA,NA,NA,NA,NA,NA,NA
PTNJ1812,NA,NA,NA,NA,NA,NA,NA,NA,NA,NA,NA
